ville,abbr,pays,latitude,longitude,timestamp_utc,date_utc,heure_utc,aqi,co,no,no2,o3,so2,pm2_5,pm10,nh3
Londres,LON,GB,51.5074,-0.1278,2025-08-01T00:00:00Z,2025-08-01,00:00,1,137.53,0,10,58.08,4.36,1.72,2.57,1.1
Londres,LON,GB,51.5074,-0.1278,2025-08-01T01:00:00Z,2025-08-01,01:00,2,158.34,0,8.43,63.8,4.02,1.71,2.77,1.44
Londres,LON,GB,51.5074,-0.1278,2025-08-01T02:00:00Z,2025-08-01,02:00,2,165.12,0,7.37,63.63,3.74,1.61,2.79,1.57
Londres,LON,GB,51.5074,-0.1278,2025-08-01T03:00:00Z,2025-08-01,03:00,2,162.2,0,6.75,60.91,3.54,1.54,2.78,1.58
Londres,LON,GB,51.5074,-0.1278,2025-08-01T04:00:00Z,2025-08-01,04:00,1,154.8,0,6.3,57.57,3.38,1.47,2.76,1.57
Londres,LON,GB,51.5074,-0.1278,2025-08-01T05:00:00Z,2025-08-01,05:00,1,149.33,0,6.08,54.94,3.34,1.42,2.76,1.61
Londres,LON,GB,51.5074,-0.1278,2025-08-01T06:00:00Z,2025-08-01,06:00,1,144.4,0.18,5.94,52.96,3.35,1.38,2.74,1.69
Londres,LON,GB,51.5074,-0.1278,2025-08-01T07:00:00Z,2025-08-01,07:00,1,139.79,0.79,5.29,51.38,3.36,1.33,2.68,1.76
Londres,LON,GB,51.5074,-0.1278,2025-08-01T08:00:00Z,2025-08-01,08:00,1,136.35,1.45,4.83,50.3,3.45,1.34,2.65,1.87
Londres,LON,GB,51.5074,-0.1278,2025-08-01T09:00:00Z,2025-08-01,09:00,1,133.74,1.88,4.6,50.17,3.56,1.4,2.67,1.97
Londres,LON,GB,51.5074,-0.1278,2025-08-01T10:00:00Z,2025-08-01,10:00,1,133.65,1.8,4.2,53.34,3.37,1.45,2.61,1.89
Londres,LON,GB,51.5074,-0.1278,2025-08-01T11:00:00Z,2025-08-01,11:00,1,134.98,1.42,3.67,58.79,2.99,1.46,2.45,1.67
Londres,LON,GB,51.5074,-0.1278,2025-08-01T12:00:00Z,2025-08-01,12:00,2,134.65,1.11,3.25,63.32,2.74,1.51,2.35,1.51
Londres,LON,GB,51.5074,-0.1278,2025-08-01T13:00:00Z,2025-08-01,13:00,2,134.63,0.81,2.92,67.49,2.49,1.52,2.24,1.43
Londres,LON,GB,51.5074,-0.1278,2025-08-01T14:00:00Z,2025-08-01,14:00,2,134.03,0.63,2.56,71.27,2.27,1.46,2.07,1.35
Londres,LON,GB,51.5074,-0.1278,2025-08-01T15:00:00Z,2025-08-01,15:00,2,133.79,0.5,2.4,74.58,2.13,1.38,1.9,1.29
Londres,LON,GB,51.5074,-0.1278,2025-08-01T16:00:00Z,2025-08-01,16:00,2,133.7,0.42,2.54,76.35,2.1,1.31,1.77,1.27
Londres,LON,GB,51.5074,-0.1278,2025-08-01T17:00:00Z,2025-08-01,17:00,2,132.68,0.41,2.95,75.74,2.14,1.26,1.67,1.26
Londres,LON,GB,51.5074,-0.1278,2025-08-01T18:00:00Z,2025-08-01,18:00,2,132.75,0.34,3.61,73.89,2.18,1.23,1.59,1.23
Londres,LON,GB,51.5074,-0.1278,2025-08-01T19:00:00Z,2025-08-01,19:00,2,134.94,0.15,4.46,72.08,2.17,1.25,1.57,1.18
Londres,LON,GB,51.5074,-0.1278,2025-08-01T20:00:00Z,2025-08-01,20:00,2,138.36,0.01,5.17,70.61,2.13,1.32,1.62,1.12
Londres,LON,GB,51.5074,-0.1278,2025-08-01T21:00:00Z,2025-08-01,21:00,2,141.7,0,5.4,70.07,2.02,1.42,1.72,1.05
Londres,LON,GB,51.5074,-0.1278,2025-08-01T22:00:00Z,2025-08-01,22:00,2,143.12,0,5.4,69.01,1.89,1.48,1.79,0.96
Londres,LON,GB,51.5074,-0.1278,2025-08-01T23:00:00Z,2025-08-01,23:00,2,143.53,0,5.45,67.9,1.89,1.51,1.83,0.94
Londres,LON,GB,51.5074,-0.1278,2025-08-02T00:00:00Z,2025-08-02,00:00,2,142.85,0,5.4,66.4,1.93,1.54,1.87,0.97
Londres,LON,GB,51.5074,-0.1278,2025-08-02T01:00:00Z,2025-08-02,01:00,2,140.97,0,5.33,65.05,2,1.59,1.92,1.06
Londres,LON,GB,51.5074,-0.1278,2025-08-02T02:00:00Z,2025-08-02,02:00,2,138.55,0,5.37,63.23,2.14,1.66,2.02,1.24
Londres,LON,GB,51.5074,-0.1278,2025-08-02T03:00:00Z,2025-08-02,03:00,2,135.38,0,5.49,61.05,2.3,1.71,2.08,1.52
Londres,LON,GB,51.5074,-0.1278,2025-08-02T04:00:00Z,2025-08-02,04:00,1,131.56,0,5.55,58.39,2.45,1.66,2.07,1.86
Londres,LON,GB,51.5074,-0.1278,2025-08-02T05:00:00Z,2025-08-02,05:00,1,128.28,0,5.62,56.12,2.54,1.59,2.03,2.11
Londres,LON,GB,51.5074,-0.1278,2025-08-02T06:00:00Z,2025-08-02,06:00,1,125.63,0.09,5.71,54.59,2.61,1.5,1.97,2.16
Londres,LON,GB,51.5074,-0.1278,2025-08-02T07:00:00Z,2025-08-02,07:00,1,123.2,0.62,6.03,52.29,3.08,1.53,2.04,2.16
Londres,LON,GB,51.5074,-0.1278,2025-08-02T08:00:00Z,2025-08-02,08:00,1,121.73,1.56,6.24,50.35,3.77,1.68,2.25,2.13
Londres,LON,GB,51.5074,-0.1278,2025-08-02T09:00:00Z,2025-08-02,09:00,1,120.52,2.29,5.94,51.18,4.18,1.85,2.45,2.02
Londres,LON,GB,51.5074,-0.1278,2025-08-02T10:00:00Z,2025-08-02,10:00,1,119.52,2.31,5.46,55.25,4.23,2,2.59,1.86
Londres,LON,GB,51.5074,-0.1278,2025-08-02T11:00:00Z,2025-08-02,11:00,2,118.27,1.76,4.72,62.04,3.93,2.09,2.62,1.65
Londres,LON,GB,51.5074,-0.1278,2025-08-02T12:00:00Z,2025-08-02,12:00,2,117.01,1.27,4.14,68.57,3.7,2.21,2.68,1.5
Londres,LON,GB,51.5074,-0.1278,2025-08-02T13:00:00Z,2025-08-02,13:00,2,116.34,0.75,3.07,75.73,3.04,2.14,2.55,1.37
Londres,LON,GB,51.5074,-0.1278,2025-08-02T14:00:00Z,2025-08-02,14:00,2,115.52,0.55,2.49,79.92,2.69,2.03,2.46,1.3
Londres,LON,GB,51.5074,-0.1278,2025-08-02T15:00:00Z,2025-08-02,15:00,2,115.79,0.45,2.26,82.13,2.48,1.88,2.38,1.28
Londres,LON,GB,51.5074,-0.1278,2025-08-02T16:00:00Z,2025-08-02,16:00,2,118.03,0.49,2.63,83.51,2.61,1.73,2.43,1.3
Londres,LON,GB,51.5074,-0.1278,2025-08-02T17:00:00Z,2025-08-02,17:00,2,121.67,0.62,3.82,82.87,3.25,1.67,2.77,1.29
Londres,LON,GB,51.5074,-0.1278,2025-08-02T18:00:00Z,2025-08-02,18:00,2,125.13,0.58,5.08,80.73,3.78,1.67,3.21,1.25
Londres,LON,GB,51.5074,-0.1278,2025-08-02T19:00:00Z,2025-08-02,19:00,2,126.76,0.28,6.24,76.96,4.01,1.65,3.52,1.24
Londres,LON,GB,51.5074,-0.1278,2025-08-02T20:00:00Z,2025-08-02,20:00,2,126.12,0.02,6.6,72.8,3.91,1.63,3.56,1.34
Londres,LON,GB,51.5074,-0.1278,2025-08-02T21:00:00Z,2025-08-02,21:00,2,125.29,0,6.16,70.52,3.58,1.63,3.4,1.57
Londres,LON,GB,51.5074,-0.1278,2025-08-02T22:00:00Z,2025-08-02,22:00,2,127.12,0,4.59,71.38,2.56,1.42,2.61,1.85
Londres,LON,GB,51.5074,-0.1278,2025-08-02T23:00:00Z,2025-08-02,23:00,2,129.58,0,3.87,71.93,2.1,1.33,2.19,2
Londres,LON,GB,51.5074,-0.1278,2025-08-03T00:00:00Z,2025-08-03,00:00,2,131.4,0,3.79,71.92,2.02,1.39,2.19,2.11
Londres,LON,GB,51.5074,-0.1278,2025-08-03T01:00:00Z,2025-08-03,01:00,2,133.31,0,4.5,70.16,2.38,1.57,2.46,2.16
Londres,LON,GB,51.5074,-0.1278,2025-08-03T02:00:00Z,2025-08-03,02:00,2,135.2,0,5.57,67.41,2.91,1.83,2.94,2.17
Londres,LON,GB,51.5074,-0.1278,2025-08-03T03:00:00Z,2025-08-03,03:00,2,137.57,0,6.12,64.97,3.18,2.02,3.41,2.08
Londres,LON,GB,51.5074,-0.1278,2025-08-03T04:00:00Z,2025-08-03,04:00,2,139.75,0,6.2,63.43,3.26,2.12,3.79,1.88
Londres,LON,GB,51.5074,-0.1278,2025-08-03T05:00:00Z,2025-08-03,05:00,2,142.3,0,5.83,64.13,3.18,2.17,4.11,1.61
Londres,LON,GB,51.5074,-0.1278,2025-08-03T06:00:00Z,2025-08-03,06:00,2,144.85,0.02,5.33,67.27,3.01,2.17,4.33,1.32
Londres,LON,GB,51.5074,-0.1278,2025-08-03T07:00:00Z,2025-08-03,07:00,2,146.65,0.08,4.51,72.37,2.66,2.08,4.3,1.05
Londres,LON,GB,51.5074,-0.1278,2025-08-03T08:00:00Z,2025-08-03,08:00,2,143.93,0.2,4.23,74.94,2.63,1.96,4.15,0.81
Londres,LON,GB,51.5074,-0.1278,2025-08-03T09:00:00Z,2025-08-03,09:00,2,137.46,0.33,4.21,74.59,2.72,1.94,4.17,0.64
Londres,LON,GB,51.5074,-0.1278,2025-08-03T10:00:00Z,2025-08-03,10:00,2,130.62,0.45,4.28,72.28,2.9,2.13,4.73,0.49
Londres,LON,GB,51.5074,-0.1278,2025-08-03T11:00:00Z,2025-08-03,11:00,2,125.34,0.62,4.27,71.07,3.18,2.59,6.01,0.36
Londres,LON,GB,51.5074,-0.1278,2025-08-03T12:00:00Z,2025-08-03,12:00,2,122.72,0.74,3.96,72.93,3.4,3.12,7.69,0.24
Londres,LON,GB,51.5074,-0.1278,2025-08-03T13:00:00Z,2025-08-03,13:00,2,122.92,0.73,3.73,76.49,3.57,3.64,9.58,0.17
Londres,LON,GB,51.5074,-0.1278,2025-08-03T14:00:00Z,2025-08-03,14:00,2,124.37,0.67,3.76,79.25,3.71,4.03,11.22,0.13
Londres,LON,GB,51.5074,-0.1278,2025-08-03T15:00:00Z,2025-08-03,15:00,2,123.72,0.63,3.89,78.87,3.75,4.15,11.94,0.13
Londres,LON,GB,51.5074,-0.1278,2025-08-03T16:00:00Z,2025-08-03,16:00,2,118.7,0.61,4.21,74.9,3.71,4.01,11.5,0.15
Londres,LON,GB,51.5074,-0.1278,2025-08-03T17:00:00Z,2025-08-03,17:00,2,110.87,0.48,5.01,69.22,3.7,3.81,10.46,0.18
Londres,LON,GB,51.5074,-0.1278,2025-08-03T18:00:00Z,2025-08-03,18:00,2,104.24,0.28,6.02,64.1,3.71,3.7,9.48,0.21
Londres,LON,GB,51.5074,-0.1278,2025-08-03T19:00:00Z,2025-08-03,19:00,1,99.63,0.12,7,59.34,3.82,3.68,8.76,0.25
Londres,LON,GB,51.5074,-0.1278,2025-08-03T20:00:00Z,2025-08-03,20:00,1,96.95,0.01,7.92,54.51,4.08,3.67,8.29,0.36
Londres,LON,GB,51.5074,-0.1278,2025-08-03T21:00:00Z,2025-08-03,21:00,1,96.82,0,8.46,50.98,4.33,3.56,7.79,0.59
Londres,LON,GB,51.5074,-0.1278,2025-08-03T22:00:00Z,2025-08-03,22:00,1,99.74,0,8.9,48.56,4.47,3.34,7.14,0.93
Londres,LON,GB,51.5074,-0.1278,2025-08-03T23:00:00Z,2025-08-03,23:00,1,103.98,0,8.94,47.72,4.43,3.06,6.4,1.23
Londres,LON,GB,51.5074,-0.1278,2025-08-04T00:00:00Z,2025-08-04,00:00,1,108.85,0,8.33,48.57,4.12,2.78,5.66,1.47
Londres,LON,GB,51.5074,-0.1278,2025-08-04T01:00:00Z,2025-08-04,01:00,1,114.84,0,6.77,52.46,3.43,2.53,5.01,1.48
Londres,LON,GB,51.5074,-0.1278,2025-08-04T02:00:00Z,2025-08-04,02:00,1,119.38,0,6.2,54.45,3.27,2.53,5.06,1.32
Londres,LON,GB,51.5074,-0.1278,2025-08-04T03:00:00Z,2025-08-04,03:00,1,121.65,0,6.2,54.45,3.35,2.71,5.65,1.13
Londres,LON,GB,51.5074,-0.1278,2025-08-04T04:00:00Z,2025-08-04,04:00,1,121.86,0,6.83,52.54,3.66,3.09,6.75,0.89
Londres,LON,GB,51.5074,-0.1278,2025-08-04T05:00:00Z,2025-08-04,05:00,1,120,0,8.2,49.24,4.23,3.69,8.32,0.57
Londres,LON,GB,51.5074,-0.1278,2025-08-04T06:00:00Z,2025-08-04,06:00,1,113.76,0.02,9.4,46.21,4.59,4.27,9.74,0.29
Londres,LON,GB,51.5074,-0.1278,2025-08-04T07:00:00Z,2025-08-04,07:00,1,104.42,0.15,9.94,44.64,4.63,4.51,10.45,0.12
Londres,LON,GB,51.5074,-0.1278,2025-08-04T08:00:00Z,2025-08-04,08:00,1,97.29,0.42,9.56,45.26,4.49,4.55,10.8,0.06
Londres,LON,GB,51.5074,-0.1278,2025-08-04T09:00:00Z,2025-08-04,09:00,1,95.91,0.73,8.18,47.75,4.2,4.74,11.26,0.04
Londres,LON,GB,51.5074,-0.1278,2025-08-04T10:00:00Z,2025-08-04,10:00,1,97.8,0.86,6,51.18,3.62,4.5,10.63,0.06
Londres,LON,GB,51.5074,-0.1278,2025-08-04T11:00:00Z,2025-08-04,11:00,1,99.03,0.8,4.49,54.01,3.21,3.99,9.75,0.11
Londres,LON,GB,51.5074,-0.1278,2025-08-04T12:00:00Z,2025-08-04,12:00,1,98.9,0.72,3.47,58.01,3.01,3.79,9.6,0.13
Londres,LON,GB,51.5074,-0.1278,2025-08-04T13:00:00Z,2025-08-04,13:00,2,97.56,0.53,2.86,62.93,2.74,3.76,9.13,0.13
Londres,LON,GB,51.5074,-0.1278,2025-08-04T14:00:00Z,2025-08-04,14:00,2,95.76,0.4,2.66,64.99,2.6,3.72,8.91,0.1
Londres,LON,GB,51.5074,-0.1278,2025-08-04T15:00:00Z,2025-08-04,15:00,2,93.86,0.34,2.67,63.85,2.58,3.55,8.86,0.06
Londres,LON,GB,51.5074,-0.1278,2025-08-04T16:00:00Z,2025-08-04,16:00,2,93.28,0.23,3.05,60.43,2.5,3.35,8.04,0.04
Londres,LON,GB,51.5074,-0.1278,2025-08-04T17:00:00Z,2025-08-04,17:00,1,93.27,0.15,3.73,57.07,2.35,3.24,6.47,0.04
Londres,LON,GB,51.5074,-0.1278,2025-08-04T18:00:00Z,2025-08-04,18:00,1,93.62,0.06,4.45,55.55,2.3,3.32,5.75,0.05
Londres,LON,GB,51.5074,-0.1278,2025-08-04T19:00:00Z,2025-08-04,19:00,1,93.99,0.04,4.83,55.12,2.34,3.66,5.91,0.13
Londres,LON,GB,51.5074,-0.1278,2025-08-04T20:00:00Z,2025-08-04,20:00,1,95.36,0,4.71,55.6,2.38,4.05,6.51,0.41
Londres,LON,GB,51.5074,-0.1278,2025-08-04T21:00:00Z,2025-08-04,21:00,1,103.56,0,4.39,58.22,2.38,4.12,7.02,0.98
Londres,LON,GB,51.5074,-0.1278,2025-08-04T22:00:00Z,2025-08-04,22:00,2,123.87,0,4.13,64.2,2.32,3.67,7.3,1.52
Londres,LON,GB,51.5074,-0.1278,2025-08-04T23:00:00Z,2025-08-04,23:00,2,146.44,0,4.16,69.25,2.3,3.12,7.56,1.77
Londres,LON,GB,51.5074,-0.1278,2025-08-05T00:00:00Z,2025-08-05,00:00,2,160.6,0,4.17,71.49,2.29,2.69,7.63,1.87
Londres,LON,GB,51.5074,-0.1278,2025-08-05T01:00:00Z,2025-08-05,01:00,2,162.3,0,3.98,71.52,2.21,2.35,7.3,1.86
Londres,LON,GB,51.5074,-0.1278,2025-08-05T02:00:00Z,2025-08-05,02:00,2,158.82,0,3.79,70.5,2.15,2.14,6.89,1.82
Londres,LON,GB,51.5074,-0.1278,2025-08-05T03:00:00Z,2025-08-05,03:00,2,154.22,0,3.65,68.53,2.11,1.99,6.44,1.78
Londres,LON,GB,51.5074,-0.1278,2025-08-05T04:00:00Z,2025-08-05,04:00,2,150.19,0,3.44,66.26,2.03,1.83,5.91,1.67
Londres,LON,GB,51.5074,-0.1278,2025-08-05T05:00:00Z,2025-08-05,05:00,2,148.74,0,3.14,64.46,1.9,1.68,5.45,1.49
Londres,LON,GB,51.5074,-0.1278,2025-08-05T06:00:00Z,2025-08-05,06:00,2,147.29,0.06,2.85,62.57,1.78,1.59,5.16,1.32
Londres,LON,GB,51.5074,-0.1278,2025-08-05T07:00:00Z,2025-08-05,07:00,2,142.9,0.26,2.46,61.28,1.73,1.54,4.93,1.18
Londres,LON,GB,51.5074,-0.1278,2025-08-05T08:00:00Z,2025-08-05,08:00,2,137.22,0.47,2.34,60.66,1.82,1.53,4.74,1.14
Londres,LON,GB,51.5074,-0.1278,2025-08-05T09:00:00Z,2025-08-05,09:00,2,130.8,0.58,2.28,61.31,1.89,1.5,4.46,1.13
Londres,LON,GB,51.5074,-0.1278,2025-08-05T10:00:00Z,2025-08-05,10:00,2,123.73,0.58,2.07,63.49,1.89,1.49,4.18,1.07
Londres,LON,GB,51.5074,-0.1278,2025-08-05T11:00:00Z,2025-08-05,11:00,2,116.84,0.52,1.78,67.5,1.81,1.5,3.97,0.99
Londres,LON,GB,51.5074,-0.1278,2025-08-05T12:00:00Z,2025-08-05,12:00,2,112.18,0.45,1.6,72.45,1.77,1.56,3.91,0.98
Londres,LON,GB,51.5074,-0.1278,2025-08-05T13:00:00Z,2025-08-05,13:00,2,110.51,0.44,1.6,77.02,1.86,1.67,4.06,1
Londres,LON,GB,51.5074,-0.1278,2025-08-05T14:00:00Z,2025-08-05,14:00,2,111.09,0.5,1.85,79.65,2.12,1.83,4.46,1.01
Londres,LON,GB,51.5074,-0.1278,2025-08-05T15:00:00Z,2025-08-05,15:00,2,113.49,0.56,2.15,80.39,2.35,1.95,4.74,1.01
Londres,LON,GB,51.5074,-0.1278,2025-08-05T16:00:00Z,2025-08-05,16:00,2,117.68,0.72,2.93,79.19,2.85,2.04,5,1.02
Londres,LON,GB,51.5074,-0.1278,2025-08-05T17:00:00Z,2025-08-05,17:00,2,122.19,0.83,4.07,76.21,3.35,2.06,5.03,1.03
Londres,LON,GB,51.5074,-0.1278,2025-08-05T18:00:00Z,2025-08-05,18:00,2,126.15,0.7,5.26,72.69,3.59,2,4.8,1.06
Londres,LON,GB,51.5074,-0.1278,2025-08-05T19:00:00Z,2025-08-05,19:00,2,129.28,0.3,6.67,68.69,3.73,1.9,4.48,1.16
Londres,LON,GB,51.5074,-0.1278,2025-08-05T20:00:00Z,2025-08-05,20:00,2,131.68,0.01,7.35,65.32,3.74,1.77,4.11,1.36
Londres,LON,GB,51.5074,-0.1278,2025-08-05T21:00:00Z,2025-08-05,21:00,2,132.98,0,6.94,63.75,3.49,1.65,3.79,1.57
Londres,LON,GB,51.5074,-0.1278,2025-08-05T22:00:00Z,2025-08-05,22:00,2,133.93,0,6,63.81,2.94,1.54,3.56,1.67
Londres,LON,GB,51.5074,-0.1278,2025-08-05T23:00:00Z,2025-08-05,23:00,2,134.54,0,6.4,62.11,2.99,1.57,3.61,1.79
Londres,LON,GB,51.5074,-0.1278,2025-08-06T00:00:00Z,2025-08-06,00:00,2,134.78,0,7,60.33,3.15,1.67,3.81,1.87
Londres,LON,GB,51.5074,-0.1278,2025-08-06T01:00:00Z,2025-08-06,01:00,1,133.71,0,7.94,57.98,3.61,1.85,4.17,1.93
Londres,LON,GB,51.5074,-0.1278,2025-08-06T02:00:00Z,2025-08-06,02:00,1,133.72,0,9.63,54.85,4.41,2.14,4.66,2.06
Londres,LON,GB,51.5074,-0.1278,2025-08-06T03:00:00Z,2025-08-06,03:00,1,134.09,0,11.06,52.19,5.12,2.44,5.08,2.11
Londres,LON,GB,51.5074,-0.1278,2025-08-06T04:00:00Z,2025-08-06,04:00,1,133.94,0,11.75,50.38,5.5,2.72,5.39,2.03
Londres,LON,GB,51.5074,-0.1278,2025-08-06T05:00:00Z,2025-08-06,05:00,1,133.9,0,11.98,50.04,5.73,2.96,5.71,1.88
Londres,LON,GB,51.5074,-0.1278,2025-08-06T06:00:00Z,2025-08-06,06:00,1,133.68,0.07,12.44,49.98,6.03,3.19,6.04,1.74
Londres,LON,GB,51.5074,-0.1278,2025-08-06T07:00:00Z,2025-08-06,07:00,1,133.14,0.62,10.49,53.36,5.25,3.11,5.88,1.48
Londres,LON,GB,51.5074,-0.1278,2025-08-06T08:00:00Z,2025-08-06,08:00,1,133.2,1.75,9.08,54.98,5.32,3.18,5.93,1.36
Londres,LON,GB,51.5074,-0.1278,2025-08-06T09:00:00Z,2025-08-06,09:00,1,133.44,2.72,8.28,56.32,5.7,3.36,6.19,1.29
Londres,LON,GB,51.5074,-0.1278,2025-08-06T10:00:00Z,2025-08-06,10:00,1,133.83,3.14,7.8,58.43,6.07,3.6,6.62,1.23
Londres,LON,GB,51.5074,-0.1278,2025-08-06T11:00:00Z,2025-08-06,11:00,2,134.18,3.1,7.5,61.55,6.41,3.93,7.31,1.19
Londres,LON,GB,51.5074,-0.1278,2025-08-06T12:00:00Z,2025-08-06,12:00,2,133.89,2.75,7,66.73,6.53,4.38,8.26,1.15
Londres,LON,GB,51.5074,-0.1278,2025-08-06T13:00:00Z,2025-08-06,13:00,2,133.3,2.08,6.19,74.9,6.27,4.8,9.28,1.08
Londres,LON,GB,51.5074,-0.1278,2025-08-06T14:00:00Z,2025-08-06,14:00,2,132.06,1.54,5.41,82.97,6.02,5.27,10.31,0.99
Londres,LON,GB,51.5074,-0.1278,2025-08-06T15:00:00Z,2025-08-06,15:00,2,131.27,1.2,5.15,89.21,6.04,5.75,11.08,0.91
Londres,LON,GB,51.5074,-0.1278,2025-08-06T16:00:00Z,2025-08-06,16:00,2,130.78,0.74,5.73,92.6,6.08,5.98,11.52,0.87
Londres,LON,GB,51.5074,-0.1278,2025-08-06T17:00:00Z,2025-08-06,17:00,2,129.75,0.48,6.06,94.26,5.85,5.91,11.62,0.86
Londres,LON,GB,51.5074,-0.1278,2025-08-06T18:00:00Z,2025-08-06,18:00,2,128.26,0.21,6.12,94.89,5.39,5.62,11.48,0.88
Londres,LON,GB,51.5074,-0.1278,2025-08-06T19:00:00Z,2025-08-06,19:00,2,127.44,0.02,6.12,94.59,5.07,5.31,11.23,0.91
Londres,LON,GB,51.5074,-0.1278,2025-08-06T20:00:00Z,2025-08-06,20:00,2,127.2,0,6.8,92.65,5.34,5.18,11.16,0.94
Londres,LON,GB,51.5074,-0.1278,2025-08-06T21:00:00Z,2025-08-06,21:00,2,127.14,0,7.48,90.56,5.65,5.09,11.06,0.97
Londres,LON,GB,51.5074,-0.1278,2025-08-06T22:00:00Z,2025-08-06,22:00,2,127.47,0,7.93,88.73,5.84,5.03,10.95,1.01
Londres,LON,GB,51.5074,-0.1278,2025-08-06T23:00:00Z,2025-08-06,23:00,2,127.65,0,7.91,87.31,5.81,4.99,10.81,1.04
Londres,LON,GB,51.5074,-0.1278,2025-08-07T00:00:00Z,2025-08-07,00:00,2,127.83,0,7.66,86.28,5.66,4.96,10.68,1.05
Londres,LON,GB,51.5074,-0.1278,2025-08-07T01:00:00Z,2025-08-07,01:00,2,127.8,0,7.4,85.24,5.48,4.94,10.58,1.04
Londres,LON,GB,51.5074,-0.1278,2025-08-07T02:00:00Z,2025-08-07,02:00,2,128.21,0,7.65,83.72,5.55,4.9,10.5,0.99
Londres,LON,GB,51.5074,-0.1278,2025-08-07T03:00:00Z,2025-08-07,03:00,2,129.08,0,7.92,82.27,5.62,4.83,10.39,0.92
Londres,LON,GB,51.5074,-0.1278,2025-08-07T04:00:00Z,2025-08-07,04:00,2,130.86,0,8.12,81.14,5.64,4.7,10.18,0.83
Londres,LON,GB,51.5074,-0.1278,2025-08-07T05:00:00Z,2025-08-07,05:00,2,132.92,0,8.34,79.78,5.62,4.55,9.9,0.76
Londres,LON,GB,51.5074,-0.1278,2025-08-07T06:00:00Z,2025-08-07,06:00,2,134.61,0.06,8.8,78.96,5.58,4.43,9.53,0.7
Londres,LON,GB,51.5074,-0.1278,2025-08-07T07:00:00Z,2025-08-07,07:00,2,135.84,0.43,8.93,79.09,5.51,4.44,9.13,0.68
Londres,LON,GB,51.5074,-0.1278,2025-08-07T08:00:00Z,2025-08-07,08:00,2,135.33,0.92,8.46,79.84,5.35,4.6,8.94,0.73
Londres,LON,GB,51.5074,-0.1278,2025-08-07T09:00:00Z,2025-08-07,09:00,2,133.44,1.25,7.82,81.22,5.12,4.92,9.17,0.82
Londres,LON,GB,51.5074,-0.1278,2025-08-07T10:00:00Z,2025-08-07,10:00,2,130.56,1.17,7.52,82.2,4.89,5.39,9.79,0.98
Londres,LON,GB,51.5074,-0.1278,2025-08-07T11:00:00Z,2025-08-07,11:00,2,127.86,0.99,7.7,82.26,4.99,5.95,10.93,1.27
Londres,LON,GB,51.5074,-0.1278,2025-08-07T12:00:00Z,2025-08-07,12:00,2,126.08,0.76,8.08,82.38,5.25,6.55,12.38,1.58
Londres,LON,GB,51.5074,-0.1278,2025-08-07T13:00:00Z,2025-08-07,13:00,2,125.61,0.57,7.95,84.33,5.03,7.03,12.46,1.55
Londres,LON,GB,51.5074,-0.1278,2025-08-07T14:00:00Z,2025-08-07,14:00,2,126.82,0.48,7.14,88.03,4.44,7.23,11.67,1.21
Londres,LON,GB,51.5074,-0.1278,2025-08-07T15:00:00Z,2025-08-07,15:00,2,129.03,0.38,6.32,91.49,3.93,7.11,10.87,0.76
Londres,LON,GB,51.5074,-0.1278,2025-08-07T16:00:00Z,2025-08-07,16:00,2,131.09,0.27,5.9,93.18,3.7,6.85,10.77,0.39
Londres,LON,GB,51.5074,-0.1278,2025-08-07T17:00:00Z,2025-08-07,17:00,2,131.72,0.17,6.15,92.8,3.87,6.7,11.54,0.21
Londres,LON,GB,51.5074,-0.1278,2025-08-07T18:00:00Z,2025-08-07,18:00,2,130.53,0.08,6.58,91.32,4.03,6.54,12.23,0.14
Londres,LON,GB,51.5074,-0.1278,2025-08-07T19:00:00Z,2025-08-07,19:00,2,128.17,0.02,6.96,89.15,4.12,6.35,12.52,0.12
Londres,LON,GB,51.5074,-0.1278,2025-08-07T20:00:00Z,2025-08-07,20:00,2,125.01,0,7.19,85.98,4.21,6.2,12.76,0.11
Londres,LON,GB,51.5074,-0.1278,2025-08-07T21:00:00Z,2025-08-07,21:00,2,123.12,0,7.36,82.12,4.21,6.12,12.83,0.11
Londres,LON,GB,51.5074,-0.1278,2025-08-07T22:00:00Z,2025-08-07,22:00,2,123.83,0,7.33,78.35,4.09,5.91,12.15,0.12
Londres,LON,GB,51.5074,-0.1278,2025-08-07T23:00:00Z,2025-08-07,23:00,2,125.66,0,7.19,74.38,3.88,5.26,10.47,0.16
Londres,LON,GB,51.5074,-0.1278,2025-08-08T00:00:00Z,2025-08-08,00:00,2,128.14,0,6.77,71.19,3.57,4.19,8.21,0.27
Londres,LON,GB,51.5074,-0.1278,2025-08-08T01:00:00Z,2025-08-08,01:00,2,133.39,0,5.51,70.76,2.89,2.92,5.74,0.44
Londres,LON,GB,51.5074,-0.1278,2025-08-08T02:00:00Z,2025-08-08,02:00,2,140.06,0,4.51,71.44,2.46,2.03,4.21,0.55
Londres,LON,GB,51.5074,-0.1278,2025-08-08T03:00:00Z,2025-08-08,03:00,2,145.47,0,4.17,70.79,2.36,1.62,3.59,0.6
Londres,LON,GB,51.5074,-0.1278,2025-08-08T04:00:00Z,2025-08-08,04:00,2,147.78,0,4,69.6,2.32,1.35,3.15,0.58
Londres,LON,GB,51.5074,-0.1278,2025-08-08T05:00:00Z,2025-08-08,05:00,2,148.99,0,3.86,68.63,2.29,1.15,2.78,0.53
Londres,LON,GB,51.5074,-0.1278,2025-08-08T06:00:00Z,2025-08-08,06:00,2,148.92,0.01,3.8,67.12,2.25,1.03,2.53,0.5
Londres,LON,GB,51.5074,-0.1278,2025-08-08T07:00:00Z,2025-08-08,07:00,2,148.29,0.08,3.73,65.12,2.19,0.96,2.38,0.49
Londres,LON,GB,51.5074,-0.1278,2025-08-08T08:00:00Z,2025-08-08,08:00,2,148.74,0.26,3.74,63.04,2.28,0.99,2.48,0.51
Londres,LON,GB,51.5074,-0.1278,2025-08-08T09:00:00Z,2025-08-08,09:00,2,149.92,0.5,3.64,61.66,2.44,1.11,2.79,0.56
Londres,LON,GB,51.5074,-0.1278,2025-08-08T10:00:00Z,2025-08-08,10:00,2,151.45,0.71,3.48,62.16,2.69,1.33,3.34,0.62
Londres,LON,GB,51.5074,-0.1278,2025-08-08T11:00:00Z,2025-08-08,11:00,2,153.13,0.87,3.45,64.84,3.09,1.7,4.23,0.7
Londres,LON,GB,51.5074,-0.1278,2025-08-08T12:00:00Z,2025-08-08,12:00,2,154.26,0.91,3.25,70.36,3.36,2.16,5.21,0.75
Londres,LON,GB,51.5074,-0.1278,2025-08-08T13:00:00Z,2025-08-08,13:00,2,155.01,0.89,3.27,76.97,3.69,2.65,6.17,0.74
Londres,LON,GB,51.5074,-0.1278,2025-08-08T14:00:00Z,2025-08-08,14:00,2,154.83,0.89,3.75,82.08,4.13,3.03,6.91,0.69
Londres,LON,GB,51.5074,-0.1278,2025-08-08T15:00:00Z,2025-08-08,15:00,2,153.18,0.81,4.25,84.75,4.3,3.08,7,0.63
Londres,LON,GB,51.5074,-0.1278,2025-08-08T16:00:00Z,2025-08-08,16:00,2,151.87,0.78,4.79,85.45,4.37,2.94,6.8,0.58
Londres,LON,GB,51.5074,-0.1278,2025-08-08T17:00:00Z,2025-08-08,17:00,2,149.82,0.56,5.69,85.11,4.39,2.79,6.65,0.56
Londres,LON,GB,51.5074,-0.1278,2025-08-08T18:00:00Z,2025-08-08,18:00,2,148.68,0.27,6.73,84.54,4.45,2.71,6.69,0.55
Londres,LON,GB,51.5074,-0.1278,2025-08-08T19:00:00Z,2025-08-08,19:00,2,148.1,0.06,7.58,84.29,4.58,2.74,6.89,0.55
Londres,LON,GB,51.5074,-0.1278,2025-08-08T20:00:00Z,2025-08-08,20:00,2,147.54,0,7.89,83.97,4.76,2.79,7.08,0.55
Londres,LON,GB,51.5074,-0.1278,2025-08-08T21:00:00Z,2025-08-08,21:00,2,145.89,0,8.03,83.02,4.85,2.8,7.11,0.57
Londres,LON,GB,51.5074,-0.1278,2025-08-08T22:00:00Z,2025-08-08,22:00,2,144.04,0,8.19,80.74,4.86,2.74,6.96,0.65
Londres,LON,GB,51.5074,-0.1278,2025-08-08T23:00:00Z,2025-08-08,23:00,2,141.83,0,8.83,76.81,5.07,2.7,6.79,0.82
Londres,LON,GB,51.5074,-0.1278,2025-08-09T00:00:00Z,2025-08-09,00:00,2,140.07,0,9.89,71.77,5.39,2.7,6.62,1.18
Londres,LON,GB,51.5074,-0.1278,2025-08-09T01:00:00Z,2025-08-09,01:00,2,138.1,0,10.89,66.69,5.65,2.71,6.41,1.63
Londres,LON,GB,51.5074,-0.1278,2025-08-09T02:00:00Z,2025-08-09,02:00,2,136.46,0,11.39,62.73,5.75,2.69,6.17,1.99
Londres,LON,GB,51.5074,-0.1278,2025-08-09T03:00:00Z,2025-08-09,03:00,2,135.37,0,11.42,60.22,5.72,2.67,5.99,2.18
Londres,LON,GB,51.5074,-0.1278,2025-08-09T04:00:00Z,2025-08-09,04:00,2,134.26,0,9.02,63.52,4.52,2.44,5.55,1.87
Londres,LON,GB,51.5074,-0.1278,2025-08-09T05:00:00Z,2025-08-09,05:00,2,134.22,0,7.25,66.94,3.73,2.25,5.26,1.52
Londres,LON,GB,51.5074,-0.1278,2025-08-09T06:00:00Z,2025-08-09,06:00,2,135.11,0.08,6.5,69.49,3.44,2.18,5.23,1.27
Londres,LON,GB,51.5074,-0.1278,2025-08-09T07:00:00Z,2025-08-09,07:00,2,136.04,0.41,5.36,73.2,3.12,2.1,5.16,1.01
Londres,LON,GB,51.5074,-0.1278,2025-08-09T08:00:00Z,2025-08-09,08:00,2,136.84,0.64,4.2,77.91,2.85,2.01,5.04,0.75
Londres,LON,GB,51.5074,-0.1278,2025-08-09T09:00:00Z,2025-08-09,09:00,2,136.08,0.69,3.45,83.09,2.72,1.98,5.01,0.51
Londres,LON,GB,51.5074,-0.1278,2025-08-09T10:00:00Z,2025-08-09,10:00,2,133.1,0.6,2.83,88.81,2.62,2.03,5.11,0.31
Londres,LON,GB,51.5074,-0.1278,2025-08-09T11:00:00Z,2025-08-09,11:00,2,127.27,0.46,2.29,93.66,2.49,2.11,5.21,0.18
Londres,LON,GB,51.5074,-0.1278,2025-08-09T12:00:00Z,2025-08-09,12:00,2,120.24,0.36,1.93,95.98,2.32,2.12,5.09,0.12
Londres,LON,GB,51.5074,-0.1278,2025-08-09T13:00:00Z,2025-08-09,13:00,2,114.53,0.38,1.98,96.91,2.45,2.12,5.01,0.12
Londres,LON,GB,51.5074,-0.1278,2025-08-09T14:00:00Z,2025-08-09,14:00,2,111.13,0.47,2.28,98.87,2.87,2.33,5.51,0.17
Londres,LON,GB,51.5074,-0.1278,2025-08-09T15:00:00Z,2025-08-09,15:00,3,109.11,0.54,2.61,101.07,3.21,2.67,6.42,0.23
Londres,LON,GB,51.5074,-0.1278,2025-08-09T16:00:00Z,2025-08-09,16:00,3,106.54,0.59,3.07,101.54,3.48,2.92,7.38,0.28
Londres,LON,GB,51.5074,-0.1278,2025-08-09T17:00:00Z,2025-08-09,17:00,3,103.69,0.59,3.82,100.28,3.71,3.03,8.17,0.31
Londres,LON,GB,51.5074,-0.1278,2025-08-09T18:00:00Z,2025-08-09,18:00,2,101.66,0.45,4.83,98.31,3.85,3.02,8.62,0.33
Londres,LON,GB,51.5074,-0.1278,2025-08-09T19:00:00Z,2025-08-09,19:00,2,101.39,0.16,6.02,95.79,3.95,2.93,8.74,0.39
Londres,LON,GB,51.5074,-0.1278,2025-08-09T20:00:00Z,2025-08-09,20:00,2,103.06,0,6.69,91.48,4.05,2.84,8.6,0.54
Londres,LON,GB,51.5074,-0.1278,2025-08-09T21:00:00Z,2025-08-09,21:00,2,105.36,0,7.03,85.51,4.06,2.77,8.31,0.93
Londres,LON,GB,51.5074,-0.1278,2025-08-09T22:00:00Z,2025-08-09,22:00,2,107.42,0,6.56,80.43,3.62,2.59,7.86,1.3
Londres,LON,GB,51.5074,-0.1278,2025-08-09T23:00:00Z,2025-08-09,23:00,2,109.69,0,5.93,77.25,3.26,2.39,7.46,1.53
Londres,LON,GB,51.5074,-0.1278,2025-08-10T00:00:00Z,2025-08-10,00:00,2,113.07,0,5.71,75.56,3.16,2.23,7.08,1.6
Londres,LON,GB,51.5074,-0.1278,2025-08-10T01:00:00Z,2025-08-10,01:00,2,117.33,0,6.26,73.36,3.45,2.19,6.87,1.6
Londres,LON,GB,51.5074,-0.1278,2025-08-10T02:00:00Z,2025-08-10,02:00,2,120.55,0,7.72,69.04,4.16,2.32,7.08,1.61
Londres,LON,GB,51.5074,-0.1278,2025-08-10T03:00:00Z,2025-08-10,03:00,2,122.58,0,9.16,64.72,4.86,2.51,7.46,1.59
Londres,LON,GB,51.5074,-0.1278,2025-08-10T04:00:00Z,2025-08-10,04:00,2,123.37,0,10.45,60.12,5.51,2.72,7.9,1.57
Londres,LON,GB,51.5074,-0.1278,2025-08-10T05:00:00Z,2025-08-10,05:00,1,124.42,0,11.62,56.02,6.11,2.97,8.43,1.53
Londres,LON,GB,51.5074,-0.1278,2025-08-10T06:00:00Z,2025-08-10,06:00,1,125.09,0.21,12.63,52.9,6.64,3.23,9.01,1.45
Londres,LON,GB,51.5074,-0.1278,2025-08-10T07:00:00Z,2025-08-10,07:00,1,125.63,1.62,12.78,50.31,7.32,3.53,9.51,1.4
Londres,LON,GB,51.5074,-0.1278,2025-08-10T08:00:00Z,2025-08-10,08:00,1,126.85,3.78,12.88,47.65,8.43,3.95,10.05,1.49
Londres,LON,GB,51.5074,-0.1278,2025-08-10T09:00:00Z,2025-08-10,09:00,1,127.98,5.64,12.94,46.27,9.59,4.44,10.74,1.63
Londres,LON,GB,51.5074,-0.1278,2025-08-10T10:00:00Z,2025-08-10,10:00,1,128.78,6.77,13.05,47.09,10.64,5.03,11.69,1.7
Londres,LON,GB,51.5074,-0.1278,2025-08-10T11:00:00Z,2025-08-10,11:00,1,129.42,7.32,13.35,49.59,11.88,5.9,13.15,1.64
Londres,LON,GB,51.5074,-0.1278,2025-08-10T12:00:00Z,2025-08-10,12:00,1,129.97,7.37,13.75,53.8,13.23,7.26,15.34,1.52
Londres,LON,GB,51.5074,-0.1278,2025-08-10T13:00:00Z,2025-08-10,13:00,2,130.96,7.2,14.43,60.13,14.71,8.77,18,1.42
Londres,LON,GB,51.5074,-0.1278,2025-08-10T14:00:00Z,2025-08-10,14:00,2,131.95,6.8,15.15,67.27,15.96,10.36,20.53,1.31
Londres,LON,GB,51.5074,-0.1278,2025-08-10T15:00:00Z,2025-08-10,15:00,2,132.93,6.13,15.97,75.2,16.9,12.04,22.46,1.17
Londres,LON,GB,51.5074,-0.1278,2025-08-10T16:00:00Z,2025-08-10,16:00,2,134.27,5.34,17.37,82.46,17.72,13.7,24.15,1.02
Londres,LON,GB,51.5074,-0.1278,2025-08-10T17:00:00Z,2025-08-10,17:00,2,135.21,4.33,19.45,87.45,18.33,14.57,24.91,0.98
Londres,LON,GB,51.5074,-0.1278,2025-08-10T18:00:00Z,2025-08-10,18:00,2,135.69,2.86,22.6,89.08,18.75,14.9,24.95,0.99
Londres,LON,GB,51.5074,-0.1278,2025-08-10T19:00:00Z,2025-08-10,19:00,2,136.6,0.96,25.92,87.72,18.66,14.4,24.02,1.11
Londres,LON,GB,51.5074,-0.1278,2025-08-10T20:00:00Z,2025-08-10,20:00,2,137.57,0.02,24.84,84.58,17.03,13.25,22.21,1.18
Londres,LON,GB,51.5074,-0.1278,2025-08-10T21:00:00Z,2025-08-10,21:00,2,139,0,21.66,81.72,14.18,11.64,19.81,1.21
Londres,LON,GB,51.5074,-0.1278,2025-08-10T22:00:00Z,2025-08-10,22:00,2,141.99,0,18.47,80.32,10.86,9.43,16.83,1.23
Londres,LON,GB,51.5074,-0.1278,2025-08-10T23:00:00Z,2025-08-10,23:00,2,147.01,0,15.66,80.31,8.42,8.24,15.07,1.18
Londres,LON,GB,51.5074,-0.1278,2025-08-11T00:00:00Z,2025-08-11,00:00,2,153.96,0,13.13,81.87,6.78,7.33,13.73,1.1
Londres,LON,GB,51.5074,-0.1278,2025-08-11T01:00:00Z,2025-08-11,01:00,2,162.37,0,11.06,83.74,5.75,6.66,12.84,1.05
Londres,LON,GB,51.5074,-0.1278,2025-08-11T02:00:00Z,2025-08-11,02:00,2,170.96,0,10.26,83.1,5.29,6.33,12.45,1.08
Londres,LON,GB,51.5074,-0.1278,2025-08-11T03:00:00Z,2025-08-11,03:00,2,176.98,0,9.73,81.51,5.04,6.07,12.2,1.32
Londres,LON,GB,51.5074,-0.1278,2025-08-11T04:00:00Z,2025-08-11,04:00,2,179.32,0,9.37,79.44,4.88,5.9,12.03,1.76
Londres,LON,GB,51.5074,-0.1278,2025-08-11T05:00:00Z,2025-08-11,05:00,2,178.88,0,9.33,77.06,4.88,5.89,11.99,2.22
Londres,LON,GB,51.5074,-0.1278,2025-08-11T06:00:00Z,2025-08-11,06:00,2,176.8,0.09,9.66,75.14,4.97,6.05,12.06,2.56
Londres,LON,GB,51.5074,-0.1278,2025-08-11T07:00:00Z,2025-08-11,07:00,2,174.01,0.7,9.37,74.73,5.02,6.32,12.14,2.8
Londres,LON,GB,51.5074,-0.1278,2025-08-11T08:00:00Z,2025-08-11,08:00,2,170.7,1.4,8.5,76.3,5.04,6.86,12.52,2.97
Londres,LON,GB,51.5074,-0.1278,2025-08-11T09:00:00Z,2025-08-11,09:00,2,167.94,1.69,7.57,80.61,5.05,8.56,14.15,2.9
Londres,LON,GB,51.5074,-0.1278,2025-08-11T10:00:00Z,2025-08-11,10:00,2,165.34,1.58,6.51,89.06,5.02,11.77,17.33,2.65
Londres,LON,GB,51.5074,-0.1278,2025-08-11T11:00:00Z,2025-08-11,11:00,3,163.99,1.28,5.51,101.11,4.99,15.47,21.07,2.36
Londres,LON,GB,51.5074,-0.1278,2025-08-11T12:00:00Z,2025-08-11,12:00,3,163.56,0.98,4.67,114.24,5.01,18.71,24.36,2.13
Londres,LON,GB,51.5074,-0.1278,2025-08-11T13:00:00Z,2025-08-11,13:00,3,162.64,0.77,4.23,126.87,5.08,20.58,26.25,2.02
Londres,LON,GB,51.5074,-0.1278,2025-08-11T14:00:00Z,2025-08-11,14:00,3,161.59,0.63,4.06,137.26,5.03,20.49,26.11,2.02
Londres,LON,GB,51.5074,-0.1278,2025-08-11T15:00:00Z,2025-08-11,15:00,4,160.55,0.53,4.23,145.26,4.97,18.06,23.6,2.26
Londres,LON,GB,51.5074,-0.1278,2025-08-11T16:00:00Z,2025-08-11,16:00,4,159.77,0.29,5.38,148.78,4.93,14.74,20,2.44
Londres,LON,GB,51.5074,-0.1278,2025-08-11T17:00:00Z,2025-08-11,17:00,4,158.69,0.23,6.58,147.85,4.94,13.5,18.5,2.17
Londres,LON,GB,51.5074,-0.1278,2025-08-11T18:00:00Z,2025-08-11,18:00,4,158.89,0.14,7.67,146.92,4.99,13.56,18.48,1.94
Londres,LON,GB,51.5074,-0.1278,2025-08-11T19:00:00Z,2025-08-11,19:00,4,162.41,0.03,8.18,148.37,5.11,14.3,19.69,1.94
Londres,LON,GB,51.5074,-0.1278,2025-08-11T20:00:00Z,2025-08-11,20:00,4,167.08,0,7.55,150.98,5.14,15.08,21.01,2.02
Londres,LON,GB,51.5074,-0.1278,2025-08-11T21:00:00Z,2025-08-11,21:00,4,170.84,0,7,153.11,5.11,15.44,21.49,2.21
Londres,LON,GB,51.5074,-0.1278,2025-08-11T22:00:00Z,2025-08-11,22:00,4,174.25,0,6.31,155.87,5.13,15.68,21.74,2.62
Londres,LON,GB,51.5074,-0.1278,2025-08-11T23:00:00Z,2025-08-11,23:00,4,177.66,0,6.25,157.1,5.29,16.23,22.49,2.7
Londres,LON,GB,51.5074,-0.1278,2025-08-12T00:00:00Z,2025-08-12,00:00,4,180.54,0,6.21,156.61,5.28,16.66,23.05,2.66
Londres,LON,GB,51.5074,-0.1278,2025-08-12T01:00:00Z,2025-08-12,01:00,4,183.02,0,6.19,153.92,5.16,16.75,23.16,2.75
Londres,LON,GB,51.5074,-0.1278,2025-08-12T02:00:00Z,2025-08-12,02:00,4,184.19,0,6.15,149.04,4.91,16.41,22.6,3.08
Londres,LON,GB,51.5074,-0.1278,2025-08-12T03:00:00Z,2025-08-12,03:00,4,184.64,0,6.13,141.68,4.6,15.76,21.59,3.46
Londres,LON,GB,51.5074,-0.1278,2025-08-12T04:00:00Z,2025-08-12,04:00,3,185.12,0,6.11,132.64,4.29,15.01,20.44,3.78
Londres,LON,GB,51.5074,-0.1278,2025-08-12T05:00:00Z,2025-08-12,05:00,3,184.73,0,6.17,121.93,4.1,14.19,19.36,4.01
Londres,LON,GB,51.5074,-0.1278,2025-08-12T06:00:00Z,2025-08-12,06:00,3,183.8,0.02,6.46,110.6,4,13.45,18.45,4.18
Londres,LON,GB,51.5074,-0.1278,2025-08-12T07:00:00Z,2025-08-12,07:00,3,182.56,0.27,6.87,101.09,3.98,12.34,17.22,4.21
Londres,LON,GB,51.5074,-0.1278,2025-08-12T08:00:00Z,2025-08-12,08:00,2,180.48,0.8,7.12,94.32,4.17,11.37,16.15,3.91
Londres,LON,GB,51.5074,-0.1278,2025-08-12T09:00:00Z,2025-08-12,09:00,2,177.3,1.31,7.35,90.64,4.52,10.68,15.36,3.64
Londres,LON,GB,51.5074,-0.1278,2025-08-12T10:00:00Z,2025-08-12,10:00,2,172.47,1.68,7.55,88.89,4.77,10.92,15.58,3.1
Londres,LON,GB,51.5074,-0.1278,2025-08-12T11:00:00Z,2025-08-12,11:00,2,167.8,1.93,7.73,89.29,5.08,12.23,17.01,2.61
Londres,LON,GB,51.5074,-0.1278,2025-08-12T12:00:00Z,2025-08-12,12:00,2,163.12,2.04,7.95,92.1,5.85,15.3,20.33,2.23
Londres,LON,GB,51.5074,-0.1278,2025-08-12T13:00:00Z,2025-08-12,13:00,2,159.33,2.21,8.72,95.36,7.2,18.97,24.62,1.87
Londres,LON,GB,51.5074,-0.1278,2025-08-12T14:00:00Z,2025-08-12,14:00,2,156.42,2.53,10.22,96.76,8.42,21.95,29.03,1.42
Londres,LON,GB,51.5074,-0.1278,2025-08-12T15:00:00Z,2025-08-12,15:00,2,155.87,2.86,12.58,96.67,9.6,24.45,33.16,1
Londres,LON,GB,51.5074,-0.1278,2025-08-12T16:00:00Z,2025-08-12,16:00,3,157.5,2.91,15.34,97.14,10.66,26.95,37.54,0.72
Londres,LON,GB,51.5074,-0.1278,2025-08-12T17:00:00Z,2025-08-12,17:00,3,159.13,2.37,17.88,100.01,10.94,28.58,41,0.64
Londres,LON,GB,51.5074,-0.1278,2025-08-12T18:00:00Z,2025-08-12,18:00,3,158.41,1.33,19.28,105.76,10.55,29.27,43.11,0.66
Londres,LON,GB,51.5074,-0.1278,2025-08-12T19:00:00Z,2025-08-12,19:00,3,155.75,0.29,19.41,111.15,9.91,28.86,43.52,0.72
Londres,LON,GB,51.5074,-0.1278,2025-08-12T20:00:00Z,2025-08-12,20:00,3,151.69,0,17.33,112.55,9.36,27.83,43.14,0.7
Londres,LON,GB,51.5074,-0.1278,2025-08-12T21:00:00Z,2025-08-12,21:00,3,146.17,0,15.36,111.84,8.9,26.79,42.78,0.54
Londres,LON,GB,51.5074,-0.1278,2025-08-12T22:00:00Z,2025-08-12,22:00,3,139.92,0,14.4,109.2,8.52,24.97,41.78,0.48
Londres,LON,GB,51.5074,-0.1278,2025-08-12T23:00:00Z,2025-08-12,23:00,3,135.11,0,14.35,105.22,8.4,23.29,41.02,0.46
Londres,LON,GB,51.5074,-0.1278,2025-08-13T00:00:00Z,2025-08-13,00:00,3,131.65,0,14.7,100.69,8.45,22.14,40.49,0.43
Londres,LON,GB,51.5074,-0.1278,2025-08-13T01:00:00Z,2025-08-13,01:00,2,129.17,0,15.06,96.31,8.53,21.05,39.46,0.44
Londres,LON,GB,51.5074,-0.1278,2025-08-13T02:00:00Z,2025-08-13,02:00,2,127.77,0,15.41,92.52,8.61,20.01,38.16,0.49
Londres,LON,GB,51.5074,-0.1278,2025-08-13T03:00:00Z,2025-08-13,03:00,2,126.64,0,15.65,89.05,8.71,19.43,37.09,0.51
Londres,LON,GB,51.5074,-0.1278,2025-08-13T04:00:00Z,2025-08-13,04:00,2,125.67,0,15.32,86.42,8.53,19.11,35.97,0.55
Londres,LON,GB,51.5074,-0.1278,2025-08-13T05:00:00Z,2025-08-13,05:00,2,125.31,0,15.07,84.71,8.44,19.15,35.44,0.61
Londres,LON,GB,51.5074,-0.1278,2025-08-13T06:00:00Z,2025-08-13,06:00,2,125.13,0.04,15.52,83.39,8.58,19.59,35.69,0.67
Londres,LON,GB,51.5074,-0.1278,2025-08-13T07:00:00Z,2025-08-13,07:00,2,125.24,0.35,16.96,81.21,8.81,20.18,36.28,0.7
Londres,LON,GB,51.5074,-0.1278,2025-08-13T08:00:00Z,2025-08-13,08:00,2,125.53,1.23,18.02,78.96,9.25,20.69,36.82,0.74
Londres,LON,GB,51.5074,-0.1278,2025-08-13T09:00:00Z,2025-08-13,09:00,2,125.82,2.35,18.38,77.96,9.96,21.57,37.78,0.74
Londres,LON,GB,51.5074,-0.1278,2025-08-13T10:00:00Z,2025-08-13,10:00,2,126.46,2.17,20.94,75.15,11.23,22.95,39.23,0.71
Londres,LON,GB,51.5074,-0.1278,2025-08-13T11:00:00Z,2025-08-13,11:00,2,127.34,2.9,22.82,74.04,13.19,24.83,41.15,0.65
Londres,LON,GB,51.5074,-0.1278,2025-08-13T12:00:00Z,2025-08-13,12:00,3,128.41,3.55,24.74,73.56,15.2,26.62,42.95,0.6
Londres,LON,GB,51.5074,-0.1278,2025-08-13T13:00:00Z,2025-08-13,13:00,3,129.58,1.54,30.7,69.03,15.99,28.31,43.1,0.64
Londres,LON,GB,51.5074,-0.1278,2025-08-13T14:00:00Z,2025-08-13,14:00,3,130.12,1.18,33.09,67,15,29.45,41.63,0.73
Londres,LON,GB,51.5074,-0.1278,2025-08-13T15:00:00Z,2025-08-13,15:00,3,130.3,0.94,33.07,67.31,12.77,28.99,38.86,0.9
Londres,LON,GB,51.5074,-0.1278,2025-08-13T16:00:00Z,2025-08-13,16:00,3,129.54,0.69,29.8,71.74,10.45,27,35.83,0.99
Londres,LON,GB,51.5074,-0.1278,2025-08-13T17:00:00Z,2025-08-13,17:00,3,129.19,0.46,28.3,72.4,9.69,25.55,34.51,0.99
Londres,LON,GB,51.5074,-0.1278,2025-08-13T18:00:00Z,2025-08-13,18:00,2,128.31,0.23,26.98,72.67,9.21,24.12,33.67,0.99
Londres,LON,GB,51.5074,-0.1278,2025-08-13T19:00:00Z,2025-08-13,19:00,2,127.59,0.14,24.1,76.1,8.43,22.64,32.93,0.89
Londres,LON,GB,51.5074,-0.1278,2025-08-13T20:00:00Z,2025-08-13,20:00,2,126.4,0,20.01,80.52,7.85,20.98,31.94,0.76
Londres,LON,GB,51.5074,-0.1278,2025-08-13T21:00:00Z,2025-08-13,21:00,2,125.39,0,16.18,85.8,7.45,19.08,30.48,0.67
Londres,LON,GB,51.5074,-0.1278,2025-08-13T22:00:00Z,2025-08-13,22:00,2,123.82,0,13.56,89.59,7.18,17.12,28.41,0.58
Londres,LON,GB,51.5074,-0.1278,2025-08-13T23:00:00Z,2025-08-13,23:00,2,121.96,0,12.05,91.19,6.95,15.08,25.67,0.5
Londres,LON,GB,51.5074,-0.1278,2025-08-14T00:00:00Z,2025-08-14,00:00,2,119.55,0,11.03,90.68,6.72,12.87,22.38,0.41
Londres,LON,GB,51.5074,-0.1278,2025-08-14T01:00:00Z,2025-08-14,01:00,2,116.5,0,10.19,87.9,6.33,10.6,18.78,0.32
Londres,LON,GB,51.5074,-0.1278,2025-08-14T02:00:00Z,2025-08-14,02:00,2,113.92,0,9.63,83.73,5.93,8.76,15.91,0.24
Londres,LON,GB,51.5074,-0.1278,2025-08-14T03:00:00Z,2025-08-14,03:00,2,112.15,0,9.33,79.23,5.68,7.63,14.55,0.2
Londres,LON,GB,51.5074,-0.1278,2025-08-14T04:00:00Z,2025-08-14,04:00,2,111,0,9.11,75.66,5.57,7.05,14.42,0.16
Londres,LON,GB,51.5074,-0.1278,2025-08-14T05:00:00Z,2025-08-14,05:00,2,111.58,0,9.12,72.55,5.59,6.67,14.53,0.12
Londres,LON,GB,51.5074,-0.1278,2025-08-14T06:00:00Z,2025-08-14,06:00,2,114.26,0.03,9.13,69.36,5.49,6.12,13.96,0.1
Londres,LON,GB,51.5074,-0.1278,2025-08-14T07:00:00Z,2025-08-14,07:00,2,118.49,0.22,8.92,66.56,5.21,5.46,12.62,0.09
Londres,LON,GB,51.5074,-0.1278,2025-08-14T08:00:00Z,2025-08-14,08:00,2,122.7,0.54,8.64,64.22,5.04,4.94,11.31,0.09
Londres,LON,GB,51.5074,-0.1278,2025-08-14T09:00:00Z,2025-08-14,09:00,2,124.82,0.85,8.28,63.13,4.98,4.62,10.46,0.08
Londres,LON,GB,51.5074,-0.1278,2025-08-14T10:00:00Z,2025-08-14,10:00,2,124.38,1.13,8,63.69,5.04,4.44,10.05,0.08
Londres,LON,GB,51.5074,-0.1278,2025-08-14T11:00:00Z,2025-08-14,11:00,2,122.94,1.42,8.04,65.34,5.4,4.45,10.17,0.11
Londres,LON,GB,51.5074,-0.1278,2025-08-14T12:00:00Z,2025-08-14,12:00,2,121.58,1.56,8.11,68.48,5.8,4.65,10.78,0.14
Londres,LON,GB,51.5074,-0.1278,2025-08-14T13:00:00Z,2025-08-14,13:00,2,120.11,1.81,7.4,74.51,6.06,5.1,11.96,0.15
Londres,LON,GB,51.5074,-0.1278,2025-08-14T14:00:00Z,2025-08-14,14:00,2,118.99,1.71,6.95,81.94,6.25,5.88,13.89,0.13
Londres,LON,GB,51.5074,-0.1278,2025-08-14T15:00:00Z,2025-08-14,15:00,2,117.77,1.6,6.79,89.75,6.47,6.82,16.16,0.09
Londres,LON,GB,51.5074,-0.1278,2025-08-14T16:00:00Z,2025-08-14,16:00,2,116.95,1.48,7.16,96.33,6.69,7.55,17.64,0.08
Londres,LON,GB,51.5074,-0.1278,2025-08-14T17:00:00Z,2025-08-14,17:00,2,116.69,1.25,8.35,99.24,6.87,7.81,18.24,0.1
Londres,LON,GB,51.5074,-0.1278,2025-08-14T18:00:00Z,2025-08-14,18:00,2,117.8,0.85,10.11,98.39,6.92,7.61,17.83,0.13
Londres,LON,GB,51.5074,-0.1278,2025-08-14T19:00:00Z,2025-08-14,19:00,2,119.58,0.26,12.37,94.35,6.98,7.24,16.73,0.17
Londres,LON,GB,51.5074,-0.1278,2025-08-14T20:00:00Z,2025-08-14,20:00,2,120.92,0,13.92,88.04,7.21,7,15.44,0.22
Londres,LON,GB,51.5074,-0.1278,2025-08-14T21:00:00Z,2025-08-14,21:00,2,121.61,0,15.23,81.02,7.44,6.79,14.22,0.3
Londres,LON,GB,51.5074,-0.1278,2025-08-14T22:00:00Z,2025-08-14,22:00,2,121.52,0,16.73,73.18,7.57,6.53,13.02,0.44
Londres,LON,GB,51.5074,-0.1278,2025-08-14T23:00:00Z,2025-08-14,23:00,2,121.56,0,18.67,64.68,7.78,6.16,11.66,0.62
Londres,LON,GB,51.5074,-0.1278,2025-08-15T00:00:00Z,2025-08-15,00:00,1,121.22,0,20.93,55.28,8.01,5.64,10.01,0.85
Londres,LON,GB,51.5074,-0.1278,2025-08-15T01:00:00Z,2025-08-15,01:00,1,121.57,0,22.63,46.53,8.18,5.08,8.42,1.09
Londres,LON,GB,51.5074,-0.1278,2025-08-15T02:00:00Z,2025-08-15,02:00,1,122.22,0,23.37,39.74,8.34,4.7,7.35,1.27
Londres,LON,GB,51.5074,-0.1278,2025-08-15T03:00:00Z,2025-08-15,03:00,1,123.6,0,23.12,34.88,8.44,4.54,6.87,1.37
Londres,LON,GB,51.5074,-0.1278,2025-08-15T04:00:00Z,2025-08-15,04:00,1,124.28,0,22.09,31.81,8.29,4.54,6.77,1.38
Londres,LON,GB,51.5074,-0.1278,2025-08-15T05:00:00Z,2025-08-15,05:00,1,124.43,0.01,20.99,30.41,8.01,4.62,6.81,1.37
Londres,LON,GB,51.5074,-0.1278,2025-08-15T06:00:00Z,2025-08-15,06:00,1,123.21,0.38,19.49,30.87,7.63,4.65,6.84,1.39
Londres,LON,GB,51.5074,-0.1278,2025-08-15T07:00:00Z,2025-08-15,07:00,1,121.56,2.7,15.94,33.81,7.19,4.66,6.87,1.35
Londres,LON,GB,51.5074,-0.1278,2025-08-15T08:00:00Z,2025-08-15,08:00,1,120.89,5.17,13.61,35.4,7.09,4.77,7.01,1.29
Londres,LON,GB,51.5074,-0.1278,2025-08-15T09:00:00Z,2025-08-15,09:00,1,120.95,6.73,12.66,36.87,7.44,4.98,7.25,1.32
Londres,LON,GB,51.5074,-0.1278,2025-08-15T10:00:00Z,2025-08-15,10:00,1,121.34,7.41,12.39,39.96,8.07,5.32,7.62,1.33
Londres,LON,GB,51.5074,-0.1278,2025-08-15T11:00:00Z,2025-08-15,11:00,1,121.51,7.46,12.55,44.37,8.68,5.83,8.09,1.22
Londres,LON,GB,51.5074,-0.1278,2025-08-15T12:00:00Z,2025-08-15,12:00,1,122.15,7.34,13.03,49.21,9.49,7.01,9.17,1.03
Londres,LON,GB,51.5074,-0.1278,2025-08-15T13:00:00Z,2025-08-15,13:00,1,123.42,7.4,14.04,53.8,10.68,8.83,10.97,0.83
Londres,LON,GB,51.5074,-0.1278,2025-08-15T14:00:00Z,2025-08-15,14:00,2,124.97,7.71,15.49,57.17,11.95,10.7,12.86,0.65
Londres,LON,GB,51.5074,-0.1278,2025-08-15T15:00:00Z,2025-08-15,15:00,2,126.7,7.84,17.19,60.22,13.15,12.37,14.62,0.51
Londres,LON,GB,51.5074,-0.1278,2025-08-15T16:00:00Z,2025-08-15,16:00,2,128.11,7.64,19.42,63.87,14.2,13.53,15.87,0.49
Londres,LON,GB,51.5074,-0.1278,2025-08-15T17:00:00Z,2025-08-15,17:00,2,128.93,6.94,22.9,66.91,14.86,14.13,16.49,0.55
Londres,LON,GB,51.5074,-0.1278,2025-08-15T18:00:00Z,2025-08-15,18:00,2,129.11,5.04,28.78,66.11,15.27,14.49,16.77,0.59
Londres,LON,GB,51.5074,-0.1278,2025-08-15T19:00:00Z,2025-08-15,19:00,2,129.59,1.68,35.95,62.95,15.05,14.72,16.92,0.59
Londres,LON,GB,51.5074,-0.1278,2025-08-15T20:00:00Z,2025-08-15,20:00,2,129,0.02,35.77,64.44,13.37,14.89,17.06,0.53
Londres,LON,GB,51.5074,-0.1278,2025-08-15T21:00:00Z,2025-08-15,21:00,2,127.5,0,30.69,69.97,11.43,14.56,17.01,0.55
Londres,LON,GB,51.5074,-0.1278,2025-08-15T22:00:00Z,2025-08-15,22:00,2,125.33,0,24.43,75.96,9.47,13.06,16.09,0.96
Londres,LON,GB,51.5074,-0.1278,2025-08-15T23:00:00Z,2025-08-15,23:00,2,128.16,0,18.62,79.43,7.17,11.72,15.89,1.16
Londres,LON,GB,51.5074,-0.1278,2025-08-16T00:00:00Z,2025-08-16,00:00,2,131.82,0,12.46,83.58,5.16,10.8,16.13,1
Londres,LON,GB,51.5074,-0.1278,2025-08-16T01:00:00Z,2025-08-16,01:00,2,134.82,0,7.6,86.98,3.9,9.95,15.32,0.94
Londres,LON,GB,51.5074,-0.1278,2025-08-16T02:00:00Z,2025-08-16,02:00,2,137.26,0,6.51,85.35,3.45,9.69,14.77,0.85
Londres,LON,GB,51.5074,-0.1278,2025-08-16T03:00:00Z,2025-08-16,03:00,2,139.33,0,6.02,83.4,3.19,9.72,15.12,0.76
Londres,LON,GB,51.5074,-0.1278,2025-08-16T04:00:00Z,2025-08-16,04:00,2,141.66,0,5.07,85.91,2.81,9.41,15.81,0.73
Londres,LON,GB,51.5074,-0.1278,2025-08-16T05:00:00Z,2025-08-16,05:00,2,144.89,0,4.83,88.02,2.82,9.32,17.83,0.71
Londres,LON,GB,51.5074,-0.1278,2025-08-16T06:00:00Z,2025-08-16,06:00,2,146.29,0.02,4.71,88.09,2.81,8.51,18.49,0.71
Londres,LON,GB,51.5074,-0.1278,2025-08-16T07:00:00Z,2025-08-16,07:00,2,144.67,0.12,4.11,89.53,2.46,6.33,15.33,0.7
Londres,LON,GB,51.5074,-0.1278,2025-08-16T08:00:00Z,2025-08-16,08:00,2,142.08,0.22,3.54,92.36,2.15,4.16,11.04,0.66
Londres,LON,GB,51.5074,-0.1278,2025-08-16T09:00:00Z,2025-08-16,09:00,2,140.31,0.31,3.2,94.4,1.99,2.9,8.06,0.62
Londres,LON,GB,51.5074,-0.1278,2025-08-16T10:00:00Z,2025-08-16,10:00,2,139.61,0.42,2.78,97.12,1.97,2.25,6.13,0.59
Londres,LON,GB,51.5074,-0.1278,2025-08-16T11:00:00Z,2025-08-16,11:00,3,140.25,0.46,2.45,100.05,2.11,2.05,5.26,0.53
Londres,LON,GB,51.5074,-0.1278,2025-08-16T12:00:00Z,2025-08-16,12:00,3,142.73,0.44,2.2,102.74,2.24,2.13,5.19,0.48
Londres,LON,GB,51.5074,-0.1278,2025-08-16T13:00:00Z,2025-08-16,13:00,3,146.68,0.42,2.08,104.72,2.35,2.35,5.62,0.42
Londres,LON,GB,51.5074,-0.1278,2025-08-16T14:00:00Z,2025-08-16,14:00,3,150.43,0.39,1.99,105.2,2.36,2.45,5.94,0.35
Londres,LON,GB,51.5074,-0.1278,2025-08-16T15:00:00Z,2025-08-16,15:00,3,152.71,0.37,2,104.42,2.3,2.4,6.05,0.32
Londres,LON,GB,51.5074,-0.1278,2025-08-16T16:00:00Z,2025-08-16,16:00,3,153.4,0.36,2.14,103.28,2.27,2.36,6.21,0.31
Londres,LON,GB,51.5074,-0.1278,2025-08-16T17:00:00Z,2025-08-16,17:00,3,154.14,0.32,2.39,101.09,2.24,2.41,6.56,0.32
Londres,LON,GB,51.5074,-0.1278,2025-08-16T18:00:00Z,2025-08-16,18:00,2,155.06,0.21,2.77,97.56,2.2,2.57,7.22,0.33
Londres,LON,GB,51.5074,-0.1278,2025-08-16T19:00:00Z,2025-08-16,19:00,2,155.51,0.05,3.1,93.53,2.16,2.81,8.12,0.33
Londres,LON,GB,51.5074,-0.1278,2025-08-16T20:00:00Z,2025-08-16,20:00,2,154.75,0,3.15,90.24,2.12,3.02,9,0.36
Londres,LON,GB,51.5074,-0.1278,2025-08-16T21:00:00Z,2025-08-16,21:00,2,152.7,0,3.08,87.49,2.04,3.13,9.67,0.39
Londres,LON,GB,51.5074,-0.1278,2025-08-16T22:00:00Z,2025-08-16,22:00,2,148.23,0,2.82,85.2,1.9,3.07,9.91,0.38
Londres,LON,GB,51.5074,-0.1278,2025-08-16T23:00:00Z,2025-08-16,23:00,2,143.55,0,2.69,82.98,1.86,2.95,9.96,0.36
Londres,LON,GB,51.5074,-0.1278,2025-08-17T00:00:00Z,2025-08-17,00:00,2,139.6,0,2.59,80.74,1.82,2.82,9.87,0.36
Londres,LON,GB,51.5074,-0.1278,2025-08-17T01:00:00Z,2025-08-17,01:00,2,136.25,0,2.51,78.88,1.77,2.67,9.55,0.35
Londres,LON,GB,51.5074,-0.1278,2025-08-17T02:00:00Z,2025-08-17,02:00,2,133.86,0,2.5,77.86,1.76,2.51,9.11,0.34
Londres,LON,GB,51.5074,-0.1278,2025-08-17T03:00:00Z,2025-08-17,03:00,2,132.22,0,2.47,77.4,1.76,2.37,8.69,0.35
Londres,LON,GB,51.5074,-0.1278,2025-08-17T04:00:00Z,2025-08-17,04:00,2,131.01,0,2.4,77.39,1.74,2.24,8.24,0.37
Londres,LON,GB,51.5074,-0.1278,2025-08-17T05:00:00Z,2025-08-17,05:00,2,130.4,0,2.38,77.36,1.76,2.2,8.13,0.41
Londres,LON,GB,51.5074,-0.1278,2025-08-17T06:00:00Z,2025-08-17,06:00,2,129.99,0,2.45,76.93,1.81,2.26,8.4,0.47
Londres,LON,GB,51.5074,-0.1278,2025-08-17T07:00:00Z,2025-08-17,07:00,2,129.96,0.06,2.56,76.45,1.89,2.39,9.02,0.56
Londres,LON,GB,51.5074,-0.1278,2025-08-17T08:00:00Z,2025-08-17,08:00,2,129.78,0.21,2.56,76.13,1.98,2.58,9.84,0.67
Londres,LON,GB,51.5074,-0.1278,2025-08-17T09:00:00Z,2025-08-17,09:00,2,129.6,0.35,2.37,77.55,2.06,2.83,10.74,0.79
Londres,LON,GB,51.5074,-0.1278,2025-08-17T10:00:00Z,2025-08-17,10:00,2,128.95,0.4,2.06,81.81,2.12,3.17,11.66,0.86
Londres,LON,GB,51.5074,-0.1278,2025-08-17T11:00:00Z,2025-08-17,11:00,2,127.83,0.37,1.79,88.19,2.19,3.6,12.48,0.87
Londres,LON,GB,51.5074,-0.1278,2025-08-17T12:00:00Z,2025-08-17,12:00,2,126.43,0.31,1.54,94.88,2.18,3.95,12.79,0.82
Londres,LON,GB,51.5074,-0.1278,2025-08-17T13:00:00Z,2025-08-17,13:00,3,125.61,0.31,1.58,100.49,2.32,4.23,12.95,0.75
Londres,LON,GB,51.5074,-0.1278,2025-08-17T14:00:00Z,2025-08-17,14:00,3,125.45,0.33,1.78,103.98,2.55,4.55,13.4,0.72
Londres,LON,GB,51.5074,-0.1278,2025-08-17T15:00:00Z,2025-08-17,15:00,3,125.47,0.33,1.97,105.66,2.63,4.66,13.43,0.68
Londres,LON,GB,51.5074,-0.1278,2025-08-17T16:00:00Z,2025-08-17,16:00,3,126.08,0.32,2.26,105.56,2.69,4.59,13.15,0.6
Londres,LON,GB,51.5074,-0.1278,2025-08-17T17:00:00Z,2025-08-17,17:00,3,126.1,0.27,2.63,102.99,2.68,4.29,12.43,0.51
Londres,LON,GB,51.5074,-0.1278,2025-08-17T18:00:00Z,2025-08-17,18:00,2,125.85,0.15,3.12,97.9,2.63,3.82,11.34,0.44
Londres,LON,GB,51.5074,-0.1278,2025-08-17T19:00:00Z,2025-08-17,19:00,2,125.74,0.03,3.46,90.99,2.52,3.26,9.99,0.4
Londres,LON,GB,51.5074,-0.1278,2025-08-17T20:00:00Z,2025-08-17,20:00,2,125.68,0,3.44,83.64,2.36,2.71,8.47,0.4
Londres,LON,GB,51.5074,-0.1278,2025-08-17T21:00:00Z,2025-08-17,21:00,2,125.99,0,3.36,77.15,2.18,2.25,7.06,0.41
Londres,LON,GB,51.5074,-0.1278,2025-08-17T22:00:00Z,2025-08-17,22:00,2,126.53,0,3.16,72.04,2,1.89,5.84,0.4
Londres,LON,GB,51.5074,-0.1278,2025-08-17T23:00:00Z,2025-08-17,23:00,2,126.75,0,3.01,68.8,1.91,1.65,5.02,0.39
Londres,LON,GB,51.5074,-0.1278,2025-08-18T00:00:00Z,2025-08-18,00:00,2,126.98,0,2.84,66.96,1.83,1.53,4.58,0.4
Londres,LON,GB,51.5074,-0.1278,2025-08-18T01:00:00Z,2025-08-18,01:00,2,127.06,0,2.59,66.73,1.71,1.47,4.32,0.44
Londres,LON,GB,51.5074,-0.1278,2025-08-18T02:00:00Z,2025-08-18,02:00,2,126.73,0,2.52,66.82,1.69,1.48,4.31,0.47
Londres,LON,GB,51.5074,-0.1278,2025-08-18T03:00:00Z,2025-08-18,03:00,2,126.5,0,2.49,67,1.7,1.55,4.47,0.49
Londres,LON,GB,51.5074,-0.1278,2025-08-18T04:00:00Z,2025-08-18,04:00,2,125.97,0,2.47,67.25,1.71,1.62,4.68,0.49
Londres,LON,GB,51.5074,-0.1278,2025-08-18T05:00:00Z,2025-08-18,05:00,2,125.6,0,2.51,67.8,1.73,1.68,4.88,0.49
Londres,LON,GB,51.5074,-0.1278,2025-08-18T06:00:00Z,2025-08-18,06:00,2,125.69,0,2.59,68.11,1.76,1.75,5.13,0.51
Londres,LON,GB,51.5074,-0.1278,2025-08-18T07:00:00Z,2025-08-18,07:00,2,125.86,0.03,2.72,68.1,1.73,1.78,5.14,0.55
Londres,LON,GB,51.5074,-0.1278,2025-08-18T08:00:00Z,2025-08-18,08:00,2,125.93,0.13,2.9,67.93,1.77,1.85,5.24,0.6
Londres,LON,GB,51.5074,-0.1278,2025-08-18T09:00:00Z,2025-08-18,09:00,2,126.17,0.28,2.89,68.78,1.83,1.95,5.35,0.66
Londres,LON,GB,51.5074,-0.1278,2025-08-18T10:00:00Z,2025-08-18,10:00,2,126.78,0.36,2.64,71.82,1.87,2.07,5.51,0.74
Londres,LON,GB,51.5074,-0.1278,2025-08-18T11:00:00Z,2025-08-18,11:00,2,127.19,0.38,2.16,77.51,1.84,2.29,5.75,0.8
Londres,LON,GB,51.5074,-0.1278,2025-08-18T12:00:00Z,2025-08-18,12:00,2,127.41,0.35,1.7,84.14,1.76,2.53,5.86,0.83
Londres,LON,GB,51.5074,-0.1278,2025-08-18T13:00:00Z,2025-08-18,13:00,2,127.71,0.36,1.7,89.81,1.95,2.77,6.03,0.83
Londres,LON,GB,51.5074,-0.1278,2025-08-18T14:00:00Z,2025-08-18,14:00,2,128.26,0.41,2.08,92.49,2.3,2.98,6.32,0.85
Londres,LON,GB,51.5074,-0.1278,2025-08-18T15:00:00Z,2025-08-18,15:00,2,128.9,0.44,2.42,92.27,2.47,3,6.4,0.91
Londres,LON,GB,51.5074,-0.1278,2025-08-18T16:00:00Z,2025-08-18,16:00,2,130.05,0.39,2.9,91.31,2.56,3,6.54,1.02
Londres,LON,GB,51.5074,-0.1278,2025-08-18T17:00:00Z,2025-08-18,17:00,2,130.78,0.27,3.49,89.71,2.59,3,6.86,1.12
Londres,LON,GB,51.5074,-0.1278,2025-08-18T18:00:00Z,2025-08-18,18:00,2,131.23,0.11,4.06,87.87,2.56,2.98,7.25,1.17
Londres,LON,GB,51.5074,-0.1278,2025-08-18T19:00:00Z,2025-08-18,19:00,2,132.36,0.01,4.12,87.29,2.39,2.98,7.58,1.21
Londres,LON,GB,51.5074,-0.1278,2025-08-18T20:00:00Z,2025-08-18,20:00,2,133.52,0,4.19,87.72,2.39,3.05,7.74,1.24
Londres,LON,GB,51.5074,-0.1278,2025-08-18T21:00:00Z,2025-08-18,21:00,2,134.77,0,4.29,88.39,2.4,3.14,7.73,1.26
Londres,LON,GB,51.5074,-0.1278,2025-08-18T22:00:00Z,2025-08-18,22:00,2,135.78,0,4.46,88.38,2.47,3.31,7.85,1.24
Londres,LON,GB,51.5074,-0.1278,2025-08-18T23:00:00Z,2025-08-18,23:00,2,136.9,0,4.78,87.75,2.62,3.56,8.26,1.16
Londres,LON,GB,51.5074,-0.1278,2025-08-19T00:00:00Z,2025-08-19,00:00,2,137.56,0,4.9,87.05,2.7,3.84,9.04,1.07
Londres,LON,GB,51.5074,-0.1278,2025-08-19T01:00:00Z,2025-08-19,01:00,2,136.96,0,4.99,85.74,2.78,4.07,9.98,1.01
Londres,LON,GB,51.5074,-0.1278,2025-08-19T02:00:00Z,2025-08-19,02:00,2,136.18,0,5.11,83.68,2.9,4.26,10.84,0.99
Londres,LON,GB,51.5074,-0.1278,2025-08-19T03:00:00Z,2025-08-19,03:00,2,135.22,0,5.24,81.23,3.03,4.37,11.47,1
Londres,LON,GB,51.5074,-0.1278,2025-08-19T04:00:00Z,2025-08-19,04:00,2,134.19,0,5.39,78.55,3.14,4.44,11.92,1.01
Londres,LON,GB,51.5074,-0.1278,2025-08-19T05:00:00Z,2025-08-19,05:00,2,133.54,0,5.56,75.97,3.24,4.47,12.46,1.01
Londres,LON,GB,51.5074,-0.1278,2025-08-19T06:00:00Z,2025-08-19,06:00,2,132.8,0,5.84,73.39,3.34,4.53,12.95,1.02
Londres,LON,GB,51.5074,-0.1278,2025-08-19T07:00:00Z,2025-08-19,07:00,2,132.04,0.07,6.33,70.95,3.42,4.7,13.56,1.05
Londres,LON,GB,51.5074,-0.1278,2025-08-19T08:00:00Z,2025-08-19,08:00,2,131.24,0.31,6.79,69.35,3.54,5.06,14.63,1.09
Londres,LON,GB,51.5074,-0.1278,2025-08-19T09:00:00Z,2025-08-19,09:00,2,130.99,0.68,7.01,69.16,3.66,5.63,16.3,1.19
Londres,LON,GB,51.5074,-0.1278,2025-08-19T10:00:00Z,2025-08-19,10:00,2,131.22,0.65,7.2,71.74,3.73,6.41,18.36,1.46
Londres,LON,GB,51.5074,-0.1278,2025-08-19T11:00:00Z,2025-08-19,11:00,2,132.47,0.51,7.02,77.38,3.76,7.28,19.97,1.92
Londres,LON,GB,51.5074,-0.1278,2025-08-19T12:00:00Z,2025-08-19,12:00,2,134.52,0.36,6.74,84.71,3.87,8.28,20.8,2.45
Londres,LON,GB,51.5074,-0.1278,2025-08-19T13:00:00Z,2025-08-19,13:00,2,137.6,0.33,6.59,92.9,4.22,9.93,21.69,2.74
Londres,LON,GB,51.5074,-0.1278,2025-08-19T14:00:00Z,2025-08-19,14:00,3,139.35,0.29,6.76,100.08,4.65,10.73,21.71,2.84
Londres,LON,GB,51.5074,-0.1278,2025-08-19T15:00:00Z,2025-08-19,15:00,3,140.1,0.2,6.73,107.17,4.84,11.16,21.55,2.81
Londres,LON,GB,51.5074,-0.1278,2025-08-19T16:00:00Z,2025-08-19,16:00,3,139.97,0.08,6.62,112.71,4.86,11.5,21.57,2.69
Londres,LON,GB,51.5074,-0.1278,2025-08-19T17:00:00Z,2025-08-19,17:00,3,138.06,0.03,6.27,115.24,4.72,11.51,21.54,2.52
Londres,LON,GB,51.5074,-0.1278,2025-08-19T18:00:00Z,2025-08-19,18:00,3,135.33,0.01,6.08,114.69,4.45,11.08,21.57,2.28
Londres,LON,GB,51.5074,-0.1278,2025-08-19T19:00:00Z,2025-08-19,19:00,3,132.36,0,5.83,112.45,4.02,10.04,21.32,2.04
Londres,LON,GB,51.5074,-0.1278,2025-08-19T20:00:00Z,2025-08-19,20:00,3,129.85,0,5.52,107.97,3.53,8.53,19.75,1.8
Londres,LON,GB,51.5074,-0.1278,2025-08-19T21:00:00Z,2025-08-19,21:00,3,128.32,0,5.05,101.61,3.05,6.88,17.09,1.62
Londres,LON,GB,51.5074,-0.1278,2025-08-19T22:00:00Z,2025-08-19,22:00,2,126.38,0,4.47,93.1,2.55,5.22,13.65,1.46
Londres,LON,GB,51.5074,-0.1278,2025-08-19T23:00:00Z,2025-08-19,23:00,2,128.03,0,4.54,85.23,2.42,3.95,10.85,1.31
Londres,LON,GB,51.5074,-0.1278,2025-08-20T00:00:00Z,2025-08-20,00:00,2,133.33,0,4.56,80.22,2.33,3.04,8.82,1.22
Londres,LON,GB,51.5074,-0.1278,2025-08-20T01:00:00Z,2025-08-20,01:00,2,140.24,0,4.38,77.9,2.26,2.45,7.41,1.15
Londres,LON,GB,51.5074,-0.1278,2025-08-20T02:00:00Z,2025-08-20,02:00,2,147.86,0,4.26,76.81,2.27,2.1,6.63,1.04
Londres,LON,GB,51.5074,-0.1278,2025-08-20T03:00:00Z,2025-08-20,03:00,2,155.31,0,4.13,75.87,2.3,1.9,6.27,0.91
Londres,LON,GB,51.5074,-0.1278,2025-08-20T04:00:00Z,2025-08-20,04:00,2,162.01,0,4.03,74.68,2.31,1.77,5.71,0.85
Londres,LON,GB,51.5074,-0.1278,2025-08-20T05:00:00Z,2025-08-20,05:00,2,167.58,0,4.02,73.39,2.31,1.72,5.26,0.82
Londres,LON,GB,51.5074,-0.1278,2025-08-20T06:00:00Z,2025-08-20,06:00,2,170.97,0,4.17,71.63,2.38,1.71,5.05,0.78
Londres,LON,GB,51.5074,-0.1278,2025-08-20T07:00:00Z,2025-08-20,07:00,2,169.9,0.02,4.6,69.52,2.51,1.8,5.31,0.7
Londres,LON,GB,51.5074,-0.1278,2025-08-20T08:00:00Z,2025-08-20,08:00,2,165.11,0.1,5.24,67.39,2.6,1.93,5.54,0.63
Londres,LON,GB,51.5074,-0.1278,2025-08-20T09:00:00Z,2025-08-20,09:00,2,157.03,0.26,5.73,66.2,2.62,2.05,5.66,0.62
Londres,LON,GB,51.5074,-0.1278,2025-08-20T10:00:00Z,2025-08-20,10:00,2,147.41,0.43,5.5,67.01,2.53,2.15,6.04,0.6
Londres,LON,GB,51.5074,-0.1278,2025-08-20T11:00:00Z,2025-08-20,11:00,2,138.46,0.36,4.87,68.95,2.37,2.19,6.65,0.58
Londres,LON,GB,51.5074,-0.1278,2025-08-20T12:00:00Z,2025-08-20,12:00,2,132.26,0.32,4.26,70.97,2.29,2.26,7.34,0.59
Londres,LON,GB,51.5074,-0.1278,2025-08-20T13:00:00Z,2025-08-20,13:00,2,129.33,0.29,3.7,73.64,2.24,2.31,7.79,0.6
Londres,LON,GB,51.5074,-0.1278,2025-08-20T14:00:00Z,2025-08-20,14:00,2,128.47,0.23,3.38,75.96,2.28,2.39,8.16,0.63
Londres,LON,GB,51.5074,-0.1278,2025-08-20T15:00:00Z,2025-08-20,15:00,2,128.61,0.19,3.26,77.65,2.36,2.53,8.72,0.7
Londres,LON,GB,51.5074,-0.1278,2025-08-20T16:00:00Z,2025-08-20,16:00,2,128.98,0.21,3.33,78.92,2.49,2.64,9.21,0.79
Londres,LON,GB,51.5074,-0.1278,2025-08-20T17:00:00Z,2025-08-20,17:00,2,128.39,0.15,4.01,78.14,2.67,2.65,9.54,0.91
Londres,LON,GB,51.5074,-0.1278,2025-08-20T18:00:00Z,2025-08-20,18:00,2,126.99,0.07,4.99,75.88,2.84,2.6,9.8,1.02
Londres,LON,GB,51.5074,-0.1278,2025-08-20T19:00:00Z,2025-08-20,19:00,2,125.9,0.02,5.95,73.55,2.96,2.51,9.89,1.12
Londres,LON,GB,51.5074,-0.1278,2025-08-20T20:00:00Z,2025-08-20,20:00,2,124.4,0,6.53,71.29,2.98,2.4,9.72,1.19
Londres,LON,GB,51.5074,-0.1278,2025-08-20T21:00:00Z,2025-08-20,21:00,2,123.16,0,6.55,69.5,2.91,2.28,9.35,1.22
Londres,LON,GB,51.5074,-0.1278,2025-08-20T22:00:00Z,2025-08-20,22:00,2,122.44,0,6.03,68.43,2.75,2.18,8.9,1.22
Londres,LON,GB,51.5074,-0.1278,2025-08-20T23:00:00Z,2025-08-20,23:00,2,123.14,0,5.51,68.73,2.6,2.11,8.45,1.21
Londres,LON,GB,51.5074,-0.1278,2025-08-21T00:00:00Z,2025-08-21,00:00,2,124.4,0,5.04,70.04,2.47,2.06,8.07,1.16
Londres,LON,GB,51.5074,-0.1278,2025-08-21T01:00:00Z,2025-08-21,01:00,2,124.84,0,5.28,68.88,2.64,2.1,8.04,1.16
Londres,LON,GB,51.5074,-0.1278,2025-08-21T02:00:00Z,2025-08-21,02:00,2,124.75,0,6.09,65.24,3.1,2.29,8.57,1.24
Londres,LON,GB,51.5074,-0.1278,2025-08-21T03:00:00Z,2025-08-21,03:00,2,123.65,0,6.48,62.15,3.4,2.49,9.15,1.31
Londres,LON,GB,51.5074,-0.1278,2025-08-21T04:00:00Z,2025-08-21,04:00,1,121.88,0,6.52,59.74,3.55,2.66,9.56,1.34
Londres,LON,GB,51.5074,-0.1278,2025-08-21T05:00:00Z,2025-08-21,05:00,1,121.01,0,6.37,58.62,3.57,2.82,9.85,1.28
Londres,LON,GB,51.5074,-0.1278,2025-08-21T06:00:00Z,2025-08-21,06:00,1,120.78,0.02,6.36,58.33,3.56,3,10.05,1.15
Londres,LON,GB,51.5074,-0.1278,2025-08-21T07:00:00Z,2025-08-21,07:00,1,121.62,0.28,6.34,58.89,3.51,3.16,10.06,1.02
Londres,LON,GB,51.5074,-0.1278,2025-08-21T08:00:00Z,2025-08-21,08:00,2,123.27,0.84,6.08,60.7,3.5,3.27,9.8,0.94
Londres,LON,GB,51.5074,-0.1278,2025-08-21T09:00:00Z,2025-08-21,09:00,2,125.19,1.38,5.86,63.49,3.51,3.38,9.56,0.93
Londres,LON,GB,51.5074,-0.1278,2025-08-21T10:00:00Z,2025-08-21,10:00,2,127.02,1.35,4.82,70.36,3.04,3.11,8.26,0.83
Londres,LON,GB,51.5074,-0.1278,2025-08-21T11:00:00Z,2025-08-21,11:00,2,127.55,1.08,3.92,77.07,2.61,2.8,6.67,0.7
Londres,LON,GB,51.5074,-0.1278,2025-08-21T12:00:00Z,2025-08-21,12:00,2,127.35,0.92,3.44,81.96,2.45,2.7,5.72,0.64
Londres,LON,GB,51.5074,-0.1278,2025-08-21T13:00:00Z,2025-08-21,13:00,2,127.1,0.7,3.2,86.48,2.39,2.62,5.1,0.6
Londres,LON,GB,51.5074,-0.1278,2025-08-21T14:00:00Z,2025-08-21,14:00,2,125.79,0.55,3.19,88.9,2.49,2.53,4.79,0.59
Londres,LON,GB,51.5074,-0.1278,2025-08-21T15:00:00Z,2025-08-21,15:00,2,124.39,0.46,3.56,89.2,2.75,2.48,4.85,0.64
Londres,LON,GB,51.5074,-0.1278,2025-08-21T16:00:00Z,2025-08-21,16:00,2,123.16,0.42,4.18,88.15,3.05,2.45,5.14,0.72
Londres,LON,GB,51.5074,-0.1278,2025-08-21T17:00:00Z,2025-08-21,17:00,2,121.35,0.36,4.95,85.74,3.27,2.4,5.46,0.83
Londres,LON,GB,51.5074,-0.1278,2025-08-21T18:00:00Z,2025-08-21,18:00,2,119.53,0.22,5.97,83.01,3.45,2.32,5.69,0.94
Londres,LON,GB,51.5074,-0.1278,2025-08-21T19:00:00Z,2025-08-21,19:00,2,117.85,0.04,6.9,80.62,3.57,2.22,5.73,1.04
Londres,LON,GB,51.5074,-0.1278,2025-08-21T20:00:00Z,2025-08-21,20:00,2,116.38,0,7.13,79.82,3.6,2.09,5.63,1.14
Londres,LON,GB,51.5074,-0.1278,2025-08-21T21:00:00Z,2025-08-21,21:00,2,115.73,0,6.98,80.11,3.53,1.93,5.39,1.2
Londres,LON,GB,51.5074,-0.1278,2025-08-21T22:00:00Z,2025-08-21,22:00,2,115.26,0,6.55,80.85,3.36,1.76,5.03,1.21
Londres,LON,GB,51.5074,-0.1278,2025-08-21T23:00:00Z,2025-08-21,23:00,2,115.7,0,5.97,81.04,3.07,1.59,4.59,1.18
Londres,LON,GB,51.5074,-0.1278,2025-08-22T00:00:00Z,2025-08-22,00:00,2,116.24,0,5.24,80.67,2.72,1.46,4.21,1.16
Londres,LON,GB,51.5074,-0.1278,2025-08-22T01:00:00Z,2025-08-22,01:00,2,116.53,0,4.6,79.63,2.42,1.37,3.95,1.12
Londres,LON,GB,51.5074,-0.1278,2025-08-22T02:00:00Z,2025-08-22,02:00,2,117.6,0,4.26,79.33,2.29,1.33,3.83,1.09
Londres,LON,GB,51.5074,-0.1278,2025-08-22T03:00:00Z,2025-08-22,03:00,2,118.48,0,4.06,79.19,2.24,1.32,3.77,1.06
Londres,LON,GB,51.5074,-0.1278,2025-08-22T04:00:00Z,2025-08-22,04:00,2,118.76,0,3.98,78.62,2.23,1.32,3.73,1.04
Londres,LON,GB,51.5074,-0.1278,2025-08-22T05:00:00Z,2025-08-22,05:00,2,119.54,0,4.04,77.93,2.28,1.33,3.74,1.01
Londres,LON,GB,51.5074,-0.1278,2025-08-22T06:00:00Z,2025-08-22,06:00,2,120.04,0.01,4.27,77.25,2.37,1.36,3.78,0.98
Londres,LON,GB,51.5074,-0.1278,2025-08-22T07:00:00Z,2025-08-22,07:00,2,120.63,0.23,4.35,77.27,2.47,1.39,3.81,0.93
Londres,LON,GB,51.5074,-0.1278,2025-08-22T08:00:00Z,2025-08-22,08:00,2,121.22,0.58,4.09,78.48,2.57,1.44,3.84,0.89
Londres,LON,GB,51.5074,-0.1278,2025-08-22T09:00:00Z,2025-08-22,09:00,2,121.72,0.8,3.78,80.81,2.68,1.53,3.92,0.84
Londres,LON,GB,51.5074,-0.1278,2025-08-22T10:00:00Z,2025-08-22,10:00,2,122.27,1.06,4.17,83.17,3.44,1.75,4.15,0.78
Londres,LON,GB,51.5074,-0.1278,2025-08-22T11:00:00Z,2025-08-22,11:00,2,122.85,1.37,4.97,86.54,4.69,2.13,4.57,0.71
Londres,LON,GB,51.5074,-0.1278,2025-08-22T12:00:00Z,2025-08-22,12:00,2,123.35,1.59,5.68,90.53,5.95,2.68,5.23,0.63
Londres,LON,GB,51.5074,-0.1278,2025-08-22T13:00:00Z,2025-08-22,13:00,2,123.82,1.75,6.5,94.82,7.28,3.4,6.1,0.56
Londres,LON,GB,51.5074,-0.1278,2025-08-22T14:00:00Z,2025-08-22,14:00,2,123.99,1.74,7.08,99.56,8.22,4.17,7.1,0.51
Londres,LON,GB,51.5074,-0.1278,2025-08-22T15:00:00Z,2025-08-22,15:00,3,123.52,1.32,6.37,106.19,7.64,4.73,7.82,0.52
Londres,LON,GB,51.5074,-0.1278,2025-08-22T16:00:00Z,2025-08-22,16:00,3,121.21,0.54,3.56,114.15,4.84,4.86,8.15,0.69
Londres,LON,GB,51.5074,-0.1278,2025-08-22T17:00:00Z,2025-08-22,17:00,3,121.01,0.48,4.62,116.65,5.41,5.62,9.24,0.74
Londres,LON,GB,51.5074,-0.1278,2025-08-22T18:00:00Z,2025-08-22,18:00,3,120.25,0.29,6.07,116.46,5.88,6.19,10.2,0.78
Londres,LON,GB,51.5074,-0.1278,2025-08-22T19:00:00Z,2025-08-22,19:00,3,119.43,0.05,7.11,114.49,6.05,6.51,10.96,0.83
Londres,LON,GB,51.5074,-0.1278,2025-08-22T20:00:00Z,2025-08-22,20:00,3,118.82,0,7.05,112.31,6.04,6.71,11.65,0.91
Londres,LON,GB,51.5074,-0.1278,2025-08-22T21:00:00Z,2025-08-22,21:00,3,118.02,0,7.09,110.52,6.05,6.93,12.45,1.02
Londres,LON,GB,51.5074,-0.1278,2025-08-22T22:00:00Z,2025-08-22,22:00,3,117.69,0,7.35,108.34,6.15,7.14,13.25,1.14
Londres,LON,GB,51.5074,-0.1278,2025-08-22T23:00:00Z,2025-08-22,23:00,3,117.08,0,7.98,105.15,6.35,7.36,14.05,1.25
Londres,LON,GB,51.5074,-0.1278,2025-08-23T00:00:00Z,2025-08-23,00:00,3,116.38,0,8.64,101.17,6.48,7.63,14.78,1.47
Londres,LON,GB,51.5074,-0.1278,2025-08-23T01:00:00Z,2025-08-23,01:00,2,116.56,0,8.9,96.85,6.26,8.02,15,1.98
Londres,LON,GB,51.5074,-0.1278,2025-08-23T02:00:00Z,2025-08-23,02:00,2,117.24,0,8.94,91.85,5.9,8.52,14.69,2.57
Londres,LON,GB,51.5074,-0.1278,2025-08-23T03:00:00Z,2025-08-23,03:00,2,118.37,0,9.15,86.78,5.69,8.99,14.19,2.99
Londres,LON,GB,51.5074,-0.1278,2025-08-23T04:00:00Z,2025-08-23,04:00,2,119.88,0,9.63,81.54,5.67,9.29,13.64,3.18
Londres,LON,GB,51.5074,-0.1278,2025-08-23T05:00:00Z,2025-08-23,05:00,2,121.38,0,11,75.59,6.2,9.51,13.39,3.19
Londres,LON,GB,51.5074,-0.1278,2025-08-23T06:00:00Z,2025-08-23,06:00,2,122.89,0.01,12.6,70.67,6.87,10.02,13.63,3.06
Londres,LON,GB,51.5074,-0.1278,2025-08-23T07:00:00Z,2025-08-23,07:00,2,123.92,0.5,14.24,67.14,7.53,10.57,14.03,2.86
Londres,LON,GB,51.5074,-0.1278,2025-08-23T08:00:00Z,2025-08-23,08:00,2,125.2,1.84,14.67,65.02,8.27,10.24,13.58,2.85
Londres,LON,GB,51.5074,-0.1278,2025-08-23T09:00:00Z,2025-08-23,09:00,2,127.04,3.3,14.52,63.45,9,10.44,13.65,2.76
Londres,LON,GB,51.5074,-0.1278,2025-08-23T10:00:00Z,2025-08-23,10:00,2,128.77,4.59,14.15,63.6,9.83,11.5,14.59,2.53
Londres,LON,GB,51.5074,-0.1278,2025-08-23T11:00:00Z,2025-08-23,11:00,2,130.21,5.32,14.33,65,10.89,13.08,16.12,2.27
Londres,LON,GB,51.5074,-0.1278,2025-08-23T12:00:00Z,2025-08-23,12:00,2,131.56,5.51,14.33,68.56,11.84,15.4,18.44,1.92
Londres,LON,GB,51.5074,-0.1278,2025-08-23T13:00:00Z,2025-08-23,13:00,2,132.36,5.22,14.19,75.03,12.61,18.04,21.13,1.57
Londres,LON,GB,51.5074,-0.1278,2025-08-23T14:00:00Z,2025-08-23,14:00,2,133.06,4.78,14,82.79,13.04,20.55,23.75,1.22
Londres,LON,GB,51.5074,-0.1278,2025-08-23T15:00:00Z,2025-08-23,15:00,2,133.11,3.94,13.57,91.8,12.75,22.28,25.65,0.94
Londres,LON,GB,51.5074,-0.1278,2025-08-23T16:00:00Z,2025-08-23,16:00,3,132.97,2.27,12.22,102.2,11.29,22.86,26.34,0.81
Londres,LON,GB,51.5074,-0.1278,2025-08-23T17:00:00Z,2025-08-23,17:00,3,132.44,1.3,11.42,108.89,9.95,22.74,26.22,0.83
Londres,LON,GB,51.5074,-0.1278,2025-08-23T18:00:00Z,2025-08-23,18:00,3,131.64,0.57,11.43,110.32,8.89,21.51,24.88,0.93
Londres,LON,GB,51.5074,-0.1278,2025-08-23T19:00:00Z,2025-08-23,19:00,3,130.89,0.07,10.78,107.64,7.64,19.15,22.29,1.08
Londres,LON,GB,51.5074,-0.1278,2025-08-23T20:00:00Z,2025-08-23,20:00,3,130.2,0,9.21,101.56,6.65,15.65,18.55,1.24
Londres,LON,GB,51.5074,-0.1278,2025-08-23T21:00:00Z,2025-08-23,21:00,2,129.23,0,7.36,96.26,5.49,11.86,14.67,1.29
Londres,LON,GB,51.5074,-0.1278,2025-08-23T22:00:00Z,2025-08-23,22:00,2,127.69,0,5.08,92.58,3.91,8.23,10.92,1.24
Londres,LON,GB,51.5074,-0.1278,2025-08-23T23:00:00Z,2025-08-23,23:00,2,126.38,0,3.82,89.58,2.89,5.27,7.82,1.27
Londres,LON,GB,51.5074,-0.1278,2025-08-24T00:00:00Z,2025-08-24,00:00,2,124.99,0,3.16,87.53,2.35,3.55,6.03,1.3
Londres,LON,GB,51.5074,-0.1278,2025-08-24T01:00:00Z,2025-08-24,01:00,2,124.08,0,3.37,85.49,2.41,2.88,5.43,1.28
Londres,LON,GB,51.5074,-0.1278,2025-08-24T02:00:00Z,2025-08-24,02:00,2,122.75,0,4.17,83.09,2.87,2.5,5.27,1.39
Londres,LON,GB,51.5074,-0.1278,2025-08-24T03:00:00Z,2025-08-24,03:00,2,121.68,0,4.85,80.36,3.21,2.26,5.25,1.71
Londres,LON,GB,51.5074,-0.1278,2025-08-24T04:00:00Z,2025-08-24,04:00,2,120.82,0,5.41,76.95,3.41,2.12,5.24,2.12
Londres,LON,GB,51.5074,-0.1278,2025-08-24T05:00:00Z,2025-08-24,05:00,2,120.72,0,5.73,74.01,3.47,2.07,5.2,2.47
Londres,LON,GB,51.5074,-0.1278,2025-08-24T06:00:00Z,2025-08-24,06:00,2,120.88,0.02,5.93,72.17,3.48,2.05,5.1,2.64
Londres,LON,GB,51.5074,-0.1278,2025-08-24T07:00:00Z,2025-08-24,07:00,2,120.84,0.3,5.71,71.96,3.43,1.97,4.9,2.61
Londres,LON,GB,51.5074,-0.1278,2025-08-24T08:00:00Z,2025-08-24,08:00,2,120.4,0.71,5.07,73.86,3.41,1.86,4.64,2.43
Londres,LON,GB,51.5074,-0.1278,2025-08-24T09:00:00Z,2025-08-24,09:00,2,119.96,0.93,4.52,77.33,3.42,1.8,4.46,2.16
Londres,LON,GB,51.5074,-0.1278,2025-08-24T10:00:00Z,2025-08-24,10:00,2,119.22,0.95,3.98,82.52,3.41,1.85,4.41,1.87
Londres,LON,GB,51.5074,-0.1278,2025-08-24T11:00:00Z,2025-08-24,11:00,2,118.09,0.84,3.43,88.95,3.36,2.07,4.55,1.61
Londres,LON,GB,51.5074,-0.1278,2025-08-24T12:00:00Z,2025-08-24,12:00,2,117.05,0.71,2.95,95.22,3.27,2.37,4.75,1.33
Londres,LON,GB,51.5074,-0.1278,2025-08-24T13:00:00Z,2025-08-24,13:00,3,116.44,0.63,2.72,100.19,3.27,2.62,4.9,1.07
Londres,LON,GB,51.5074,-0.1278,2025-08-24T14:00:00Z,2025-08-24,14:00,3,116.16,0.61,2.81,102.63,3.39,2.75,4.99,0.86
Londres,LON,GB,51.5074,-0.1278,2025-08-24T15:00:00Z,2025-08-24,15:00,3,115.79,0.61,3.02,103.17,3.44,2.75,5.04,0.74
Londres,LON,GB,51.5074,-0.1278,2025-08-24T16:00:00Z,2025-08-24,16:00,3,115.9,0.6,3.43,102.79,3.52,2.75,5.16,0.71
Londres,LON,GB,51.5074,-0.1278,2025-08-24T17:00:00Z,2025-08-24,17:00,3,116.21,0.52,4.05,101.02,3.6,2.76,5.3,0.75
Londres,LON,GB,51.5074,-0.1278,2025-08-24T18:00:00Z,2025-08-24,18:00,2,116.98,0.3,4.89,98.7,3.66,2.8,5.46,0.82
Londres,LON,GB,51.5074,-0.1278,2025-08-24T19:00:00Z,2025-08-24,19:00,2,118.24,0.05,5.57,96.65,3.7,2.88,5.69,0.88
Londres,LON,GB,51.5074,-0.1278,2025-08-24T20:00:00Z,2025-08-24,20:00,2,119.64,0,5.77,95.11,3.76,3.03,5.98,0.93
Londres,LON,GB,51.5074,-0.1278,2025-08-24T21:00:00Z,2025-08-24,21:00,2,121.22,0,6.07,93.72,3.82,3.24,6.31,0.95
Londres,LON,GB,51.5074,-0.1278,2025-08-24T22:00:00Z,2025-08-24,22:00,2,122.47,0,6.42,92.28,3.89,3.5,6.68,0.96
Londres,LON,GB,51.5074,-0.1278,2025-08-24T23:00:00Z,2025-08-24,23:00,2,123.67,0,6.84,90.42,4,3.78,7.05,1
Londres,LON,GB,51.5074,-0.1278,2025-08-25T00:00:00Z,2025-08-25,00:00,2,123.77,0,7.07,88.57,4.06,3.98,7.32,1.19
Londres,LON,GB,51.5074,-0.1278,2025-08-25T01:00:00Z,2025-08-25,01:00,2,123.63,0,7.19,87.82,4.14,4.08,7.45,1.6
Londres,LON,GB,51.5074,-0.1278,2025-08-25T02:00:00Z,2025-08-25,02:00,2,123.5,0,7.25,87.09,4.25,4.11,7.53,2.12
Londres,LON,GB,51.5074,-0.1278,2025-08-25T03:00:00Z,2025-08-25,03:00,2,123.83,0,7.3,86.21,4.34,4.17,7.69,2.67
Londres,LON,GB,51.5074,-0.1278,2025-08-25T04:00:00Z,2025-08-25,04:00,2,124.94,0,7.4,85.44,4.46,4.29,7.96,3.2
Londres,LON,GB,51.5074,-0.1278,2025-08-25T05:00:00Z,2025-08-25,05:00,2,126.09,0,7.82,83.6,4.72,4.47,8.31,3.62
Londres,LON,GB,51.5074,-0.1278,2025-08-25T06:00:00Z,2025-08-25,06:00,2,127.33,0.01,8.48,81.21,5,4.7,8.68,3.99
Londres,LON,GB,51.5074,-0.1278,2025-08-25T07:00:00Z,2025-08-25,07:00,2,127.99,0.39,8.91,79.27,5.22,4.96,9.03,4.27
Londres,LON,GB,51.5074,-0.1278,2025-08-25T08:00:00Z,2025-08-25,08:00,2,128.8,1.14,8.56,78.87,5.43,5.54,9.69,4.35
Londres,LON,GB,51.5074,-0.1278,2025-08-25T09:00:00Z,2025-08-25,09:00,2,129.79,1.71,8.19,79.72,5.65,6.79,11.02,4.24
Londres,LON,GB,51.5074,-0.1278,2025-08-25T10:00:00Z,2025-08-25,10:00,2,130.93,1.97,7.87,82.51,5.83,8.88,13.21,3.93
Londres,LON,GB,51.5074,-0.1278,2025-08-25T11:00:00Z,2025-08-25,11:00,2,132.41,1.99,7.51,87.38,5.98,11.81,16.25,3.51
Londres,LON,GB,51.5074,-0.1278,2025-08-25T12:00:00Z,2025-08-25,12:00,2,133.78,1.76,6.92,95.14,6.06,15.33,19.86,3.05
Londres,LON,GB,51.5074,-0.1278,2025-08-25T13:00:00Z,2025-08-25,13:00,3,135.02,1.46,6.35,104.49,6.11,18.63,23.26,2.64
Londres,LON,GB,51.5074,-0.1278,2025-08-25T14:00:00Z,2025-08-25,14:00,3,135.58,1.19,5.97,113.32,6.01,19.76,24.45,2.5
Londres,LON,GB,51.5074,-0.1278,2025-08-25T15:00:00Z,2025-08-25,15:00,3,135.67,0.97,5.77,120.11,5.72,19.44,24.05,2.37
Londres,LON,GB,51.5074,-0.1278,2025-08-25T16:00:00Z,2025-08-25,16:00,3,135.32,0.82,6.08,124.07,5.46,17.23,21.68,2.38
Londres,LON,GB,51.5074,-0.1278,2025-08-25T17:00:00Z,2025-08-25,17:00,3,133.6,0.65,6.85,122.97,5.2,13.75,18,2.44
Londres,LON,GB,51.5074,-0.1278,2025-08-25T18:00:00Z,2025-08-25,18:00,3,131.43,0.35,7.97,118.55,4.96,11.07,15.17,2.35
Londres,LON,GB,51.5074,-0.1278,2025-08-25T19:00:00Z,2025-08-25,19:00,3,129.46,0.05,8.62,113.06,4.76,9.67,13.64,2.08
Londres,LON,GB,51.5074,-0.1278,2025-08-25T20:00:00Z,2025-08-25,20:00,3,127.15,0,8.38,108.13,4.59,8.56,12.34,1.85
Londres,LON,GB,51.5074,-0.1278,2025-08-25T21:00:00Z,2025-08-25,21:00,3,125.47,0,8.35,104.14,4.52,7.72,11.32,1.68
Londres,LON,GB,51.5074,-0.1278,2025-08-25T22:00:00Z,2025-08-25,22:00,3,125.76,0,8.67,100.24,4.57,7.26,10.73,1.66
Londres,LON,GB,51.5074,-0.1278,2025-08-25T23:00:00Z,2025-08-25,23:00,2,126.5,0,9.86,92.63,4.84,7.11,10.46,1.93
Londres,LON,GB,51.5074,-0.1278,2025-08-26T00:00:00Z,2025-08-26,00:00,2,126.33,0,11.51,81.96,5.16,6.95,10.18,2.64
Londres,LON,GB,51.5074,-0.1278,2025-08-26T01:00:00Z,2025-08-26,01:00,2,125.08,0,13.2,71.58,5.54,6.85,10.12,3.45
Londres,LON,GB,51.5074,-0.1278,2025-08-26T02:00:00Z,2025-08-26,02:00,2,124.17,0,15.1,63.97,6.17,7.25,10.87,3.74
Londres,LON,GB,51.5074,-0.1278,2025-08-26T03:00:00Z,2025-08-26,03:00,2,125.33,0,17.14,60.27,7.09,8.46,12.79,3.54
Londres,LON,GB,51.5074,-0.1278,2025-08-26T04:00:00Z,2025-08-26,04:00,2,128.02,0,18.48,62.75,7.89,11.32,16.99,2.58
Londres,LON,GB,51.5074,-0.1278,2025-08-26T05:00:00Z,2025-08-26,05:00,2,129.89,0,17.41,70.33,8.01,13.85,21.22,1.47
Londres,LON,GB,51.5074,-0.1278,2025-08-26T06:00:00Z,2025-08-26,06:00,2,128.15,0.01,15.14,76.38,7.51,14.77,23.78,0.74
Londres,LON,GB,51.5074,-0.1278,2025-08-26T07:00:00Z,2025-08-26,07:00,2,122.86,0.16,12.1,77.33,5.67,13.08,21.16,0.32
Londres,LON,GB,51.5074,-0.1278,2025-08-26T08:00:00Z,2025-08-26,08:00,2,119.27,0.5,10.56,72.88,4.52,10.49,16.16,0.17
Londres,LON,GB,51.5074,-0.1278,2025-08-26T09:00:00Z,2025-08-26,09:00,2,117.5,0.83,9.43,67.43,3.94,7.54,11.2,0.12
Londres,LON,GB,51.5074,-0.1278,2025-08-26T10:00:00Z,2025-08-26,10:00,2,117.31,1.09,7.23,65.95,3.51,4.81,7.55,0.1
Londres,LON,GB,51.5074,-0.1278,2025-08-26T11:00:00Z,2025-08-26,11:00,2,118.89,1.14,5.17,68.92,3.38,3.47,6.38,0.09
Londres,LON,GB,51.5074,-0.1278,2025-08-26T12:00:00Z,2025-08-26,12:00,2,122.28,0.96,3.81,75.06,3.33,3.43,7.53,0.07
Londres,LON,GB,51.5074,-0.1278,2025-08-26T13:00:00Z,2025-08-26,13:00,2,124.03,0.73,2.95,82.45,3.21,3.78,9.43,0.05
Londres,LON,GB,51.5074,-0.1278,2025-08-26T14:00:00Z,2025-08-26,14:00,2,122.96,0.57,2.74,87.65,3.16,3.74,10.16,0.04
Londres,LON,GB,51.5074,-0.1278,2025-08-26T15:00:00Z,2025-08-26,15:00,2,120.45,0.54,2.86,89.37,3.2,3.31,9.66,0.04
Londres,LON,GB,51.5074,-0.1278,2025-08-26T16:00:00Z,2025-08-26,16:00,2,118.47,0.55,3.09,88.21,3.17,2.72,8.42,0.05
Londres,LON,GB,51.5074,-0.1278,2025-08-26T17:00:00Z,2025-08-26,17:00,2,118.11,0.46,3.72,85.04,3.21,2.23,7.2,0.07
Londres,LON,GB,51.5074,-0.1278,2025-08-26T18:00:00Z,2025-08-26,18:00,2,119.1,0.23,4.66,81.62,3.3,1.99,6.48,0.1
Londres,LON,GB,51.5074,-0.1278,2025-08-26T19:00:00Z,2025-08-26,19:00,2,120.84,0.01,5.39,79.08,3.44,1.92,6.11,0.11
Londres,LON,GB,51.5074,-0.1278,2025-08-26T20:00:00Z,2025-08-26,20:00,2,122.59,0,5.57,78.24,3.51,1.88,5.84,0.11
Londres,LON,GB,51.5074,-0.1278,2025-08-26T21:00:00Z,2025-08-26,21:00,2,123.61,0,5.5,78.5,3.46,1.79,5.45,0.11
Londres,LON,GB,51.5074,-0.1278,2025-08-26T22:00:00Z,2025-08-26,22:00,2,123.36,0,4.79,80.29,3.02,1.53,4.46,0.09
Londres,LON,GB,51.5074,-0.1278,2025-08-26T23:00:00Z,2025-08-26,23:00,2,122.64,0,4,82,2.49,1.19,3.27,0.07
Londres,LON,GB,51.5074,-0.1278,2025-08-27T00:00:00Z,2025-08-27,00:00,2,121.74,0,3.63,83.17,2.23,1.03,2.7,0.07
Londres,LON,GB,51.5074,-0.1278,2025-08-27T01:00:00Z,2025-08-27,01:00,2,120.45,0,3.08,84.01,1.85,0.89,2.3,0.07
Londres,LON,GB,51.5074,-0.1278,2025-08-27T02:00:00Z,2025-08-27,02:00,2,119.86,0,2.86,84.05,1.7,0.83,2.1,0.08
Londres,LON,GB,51.5074,-0.1278,2025-08-27T03:00:00Z,2025-08-27,03:00,2,119.46,0,2.72,83.48,1.63,0.81,1.99,0.12
Londres,LON,GB,51.5074,-0.1278,2025-08-27T04:00:00Z,2025-08-27,04:00,2,119.25,0,2.56,82.92,1.55,0.8,1.87,0.2
Londres,LON,GB,51.5074,-0.1278,2025-08-27T05:00:00Z,2025-08-27,05:00,2,118.79,0,2.45,82.14,1.47,0.8,1.8,0.28
Londres,LON,GB,51.5074,-0.1278,2025-08-27T06:00:00Z,2025-08-27,06:00,2,117.87,0,2.39,81.43,1.42,0.8,1.77,0.34
Londres,LON,GB,51.5074,-0.1278,2025-08-27T07:00:00Z,2025-08-27,07:00,2,116.92,0.01,2.44,81.09,1.43,0.78,1.72,0.37
Londres,LON,GB,51.5074,-0.1278,2025-08-27T08:00:00Z,2025-08-27,08:00,2,115.85,0.03,2.55,80.8,1.46,0.77,1.75,0.37
Londres,LON,GB,51.5074,-0.1278,2025-08-27T09:00:00Z,2025-08-27,09:00,2,114.59,0.07,2.59,80.74,1.46,0.76,1.77,0.35
Londres,LON,GB,51.5074,-0.1278,2025-08-27T10:00:00Z,2025-08-27,10:00,2,113.8,0.09,2.6,80.77,1.47,0.75,1.78,0.37
Londres,LON,GB,51.5074,-0.1278,2025-08-27T11:00:00Z,2025-08-27,11:00,2,112.95,0.13,2.67,80.74,1.49,0.77,1.72,0.41
Londres,LON,GB,51.5074,-0.1278,2025-08-27T12:00:00Z,2025-08-27,12:00,2,111.65,0.17,2.64,81.33,1.51,0.76,1.59,0.41
Londres,LON,GB,51.5074,-0.1278,2025-08-27T13:00:00Z,2025-08-27,13:00,2,110.52,0.15,2.74,82.38,1.52,0.78,1.47,0.41
Londres,LON,GB,51.5074,-0.1278,2025-08-27T14:00:00Z,2025-08-27,14:00,2,109.31,0.14,2.98,82.97,1.58,0.86,1.51,0.4
Londres,LON,GB,51.5074,-0.1278,2025-08-27T15:00:00Z,2025-08-27,15:00,2,107.83,0.12,3.21,83.48,1.63,0.98,1.65,0.35
Londres,LON,GB,51.5074,-0.1278,2025-08-27T16:00:00Z,2025-08-27,16:00,2,106.23,0.1,3.33,83.96,1.65,1.07,1.75,0.25
Londres,LON,GB,51.5074,-0.1278,2025-08-27T17:00:00Z,2025-08-27,17:00,2,105.31,0.05,3.44,83.78,1.67,1.13,1.82,0.16
Londres,LON,GB,51.5074,-0.1278,2025-08-27T18:00:00Z,2025-08-27,18:00,2,105.92,0.01,3.51,83.06,1.7,1.18,1.88,0.11
Londres,LON,GB,51.5074,-0.1278,2025-08-27T19:00:00Z,2025-08-27,19:00,2,107.58,0,3.53,81.93,1.76,1.23,2.05,0.08
Londres,LON,GB,51.5074,-0.1278,2025-08-27T20:00:00Z,2025-08-27,20:00,2,109.75,0,3.44,81.32,1.86,1.31,2.43,0.07
Londres,LON,GB,51.5074,-0.1278,2025-08-27T21:00:00Z,2025-08-27,21:00,2,111.47,0,3.26,81.94,1.92,1.4,2.94,0.08
Londres,LON,GB,51.5074,-0.1278,2025-08-27T22:00:00Z,2025-08-27,22:00,2,111.75,0,2.97,83.49,1.89,1.46,3.55,0.11
Londres,LON,GB,51.5074,-0.1278,2025-08-27T23:00:00Z,2025-08-27,23:00,2,111.13,0,2.93,85.43,1.99,1.53,4.19,0.14
Londres,LON,GB,51.5074,-0.1278,2025-08-28T00:00:00Z,2025-08-28,00:00,2,110.42,0,3.03,87.06,2.12,1.6,4.73,0.18
Londres,LON,GB,51.5074,-0.1278,2025-08-28T01:00:00Z,2025-08-28,01:00,2,109.62,0,3.07,88.16,2.17,1.64,5.04,0.21
Londres,LON,GB,51.5074,-0.1278,2025-08-28T02:00:00Z,2025-08-28,02:00,2,109.47,0,2.97,88.88,2.13,1.64,5.09,0.22
Londres,LON,GB,51.5074,-0.1278,2025-08-28T03:00:00Z,2025-08-28,03:00,2,109.67,0,2.8,88.9,2.03,1.58,4.87,0.2
Londres,LON,GB,51.5074,-0.1278,2025-08-28T04:00:00Z,2025-08-28,04:00,2,109.7,0,2.62,88.69,1.9,1.43,4.27,0.16
Londres,LON,GB,51.5074,-0.1278,2025-08-28T05:00:00Z,2025-08-28,05:00,2,109.37,0,2.55,88.25,1.78,1.18,3.43,0.11
Londres,LON,GB,51.5074,-0.1278,2025-08-28T06:00:00Z,2025-08-28,06:00,2,109.32,0,2.56,86.96,1.7,0.96,2.66,0.08
Londres,LON,GB,51.5074,-0.1278,2025-08-28T07:00:00Z,2025-08-28,07:00,2,109.32,0.08,2.57,85.65,1.65,0.78,2.02,0.06
Londres,LON,GB,51.5074,-0.1278,2025-08-28T08:00:00Z,2025-08-28,08:00,2,109.37,0.2,2.42,85.23,1.59,0.65,1.56,0.05
Londres,LON,GB,51.5074,-0.1278,2025-08-28T09:00:00Z,2025-08-28,09:00,2,109.33,0.24,2.27,85.36,1.51,0.57,1.3,0.04
Londres,LON,GB,51.5074,-0.1278,2025-08-28T10:00:00Z,2025-08-28,10:00,2,109.6,0.27,2.19,85.51,1.51,0.55,1.25,0.04
Londres,LON,GB,51.5074,-0.1278,2025-08-28T11:00:00Z,2025-08-28,11:00,2,110,0.29,2.06,84.69,1.53,0.59,1.34,0.05
Londres,LON,GB,51.5074,-0.1278,2025-08-28T12:00:00Z,2025-08-28,12:00,2,111.31,0.28,1.86,82.78,1.49,0.67,1.5,0.05
Londres,LON,GB,51.5074,-0.1278,2025-08-28T13:00:00Z,2025-08-28,13:00,2,113.07,0.27,1.65,80.2,1.44,0.77,1.77,0.05
Londres,LON,GB,51.5074,-0.1278,2025-08-28T14:00:00Z,2025-08-28,14:00,2,114.48,0.26,1.51,78.33,1.43,0.93,2.19,0.06
Londres,LON,GB,51.5074,-0.1278,2025-08-28T15:00:00Z,2025-08-28,15:00,2,114.35,0.25,1.44,77.54,1.41,1.12,2.68,0.06
Londres,LON,GB,51.5074,-0.1278,2025-08-28T16:00:00Z,2025-08-28,16:00,2,113.64,0.21,1.36,78.27,1.32,1.26,3.05,0.05
Londres,LON,GB,51.5074,-0.1278,2025-08-28T17:00:00Z,2025-08-28,17:00,2,112.55,0.16,1.46,79.49,1.31,1.4,3.37,0.04
Londres,LON,GB,51.5074,-0.1278,2025-08-28T18:00:00Z,2025-08-28,18:00,2,111.36,0.08,1.68,81.49,1.32,1.49,3.55,0.04
Londres,LON,GB,51.5074,-0.1278,2025-08-28T19:00:00Z,2025-08-28,19:00,2,109.54,0.01,1.86,84.4,1.3,1.38,3.33,0.04
Londres,LON,GB,51.5074,-0.1278,2025-08-28T20:00:00Z,2025-08-28,20:00,2,106.99,0,1.91,88.16,1.27,1.16,2.79,0.04
Londres,LON,GB,51.5074,-0.1278,2025-08-28T21:00:00Z,2025-08-28,21:00,2,104.27,0,1.97,91.3,1.25,1.06,2.38,0.04
Londres,LON,GB,51.5074,-0.1278,2025-08-28T22:00:00Z,2025-08-28,22:00,2,102.46,0,2,93.29,1.21,1.02,2.05,0.04
Londres,LON,GB,51.5074,-0.1278,2025-08-28T23:00:00Z,2025-08-28,23:00,2,101.2,0,2,94.38,1.16,0.98,1.83,0.06
Londres,LON,GB,51.5074,-0.1278,2025-08-29T00:00:00Z,2025-08-29,00:00,2,100.67,0,1.99,95.23,1.12,0.93,1.68,0.11
Londres,LON,GB,51.5074,-0.1278,2025-08-29T01:00:00Z,2025-08-29,01:00,2,100.46,0,2.08,95.21,1.15,0.91,1.6,0.2
Londres,LON,GB,51.5074,-0.1278,2025-08-29T02:00:00Z,2025-08-29,02:00,2,101.21,0,2.31,92.37,1.21,0.96,1.71,0.34
Londres,LON,GB,51.5074,-0.1278,2025-08-29T03:00:00Z,2025-08-29,03:00,2,102.4,0,2.4,88.93,1.19,0.98,1.79,0.4
Londres,LON,GB,51.5074,-0.1278,2025-08-29T04:00:00Z,2025-08-29,04:00,2,102.77,0,2.37,87.86,1.12,0.92,1.69,0.34
Londres,LON,GB,51.5074,-0.1278,2025-08-29T05:00:00Z,2025-08-29,05:00,2,101.59,0,2.46,86.77,1.13,0.89,1.69,0.22
Londres,LON,GB,51.5074,-0.1278,2025-08-29T06:00:00Z,2025-08-29,06:00,2,101.66,0,2.79,81.61,1.23,0.98,1.9,0.13
Londres,LON,GB,51.5074,-0.1278,2025-08-29T07:00:00Z,2025-08-29,07:00,2,104.12,0.01,3.19,74.44,1.41,1.16,2.46,0.12
Londres,LON,GB,51.5074,-0.1278,2025-08-29T08:00:00Z,2025-08-29,08:00,2,105.22,0.06,3.4,70.69,1.69,1.23,3,0.22
Londres,LON,GB,51.5074,-0.1278,2025-08-29T09:00:00Z,2025-08-29,09:00,2,103.99,0.15,3.35,70.86,1.84,1.17,3.17,0.41
Londres,LON,GB,51.5074,-0.1278,2025-08-29T10:00:00Z,2025-08-29,10:00,2,103.71,0.36,3.29,70.62,1.95,1.2,3.39,0.6
Londres,LON,GB,51.5074,-0.1278,2025-08-29T11:00:00Z,2025-08-29,11:00,2,104.11,0.51,3.04,70.36,1.89,1.16,3.08,0.67
Londres,LON,GB,51.5074,-0.1278,2025-08-29T12:00:00Z,2025-08-29,12:00,2,105.86,0.58,2.58,70.72,1.78,1.1,2.69,0.69
Londres,LON,GB,51.5074,-0.1278,2025-08-29T13:00:00Z,2025-08-29,13:00,2,108.82,0.49,2.05,71.87,1.57,0.99,2.25,0.6
Londres,LON,GB,51.5074,-0.1278,2025-08-29T14:00:00Z,2025-08-29,14:00,2,112.17,0.36,1.65,72.97,1.39,0.8,1.85,0.44
Londres,LON,GB,51.5074,-0.1278,2025-08-29T15:00:00Z,2025-08-29,15:00,2,113.38,0.3,1.55,73.93,1.36,0.71,1.7,0.36
Londres,LON,GB,51.5074,-0.1278,2025-08-29T16:00:00Z,2025-08-29,16:00,2,112.79,0.25,1.57,74.95,1.33,0.68,1.66,0.34
Londres,LON,GB,51.5074,-0.1278,2025-08-29T17:00:00Z,2025-08-29,17:00,2,112.28,0.19,1.67,74.88,1.29,0.67,1.66,0.37
Londres,LON,GB,51.5074,-0.1278,2025-08-29T18:00:00Z,2025-08-29,18:00,2,112.21,0.1,1.86,73.44,1.24,0.64,1.64,0.39
Londres,LON,GB,51.5074,-0.1278,2025-08-29T19:00:00Z,2025-08-29,19:00,2,112.7,0.01,1.99,71.39,1.19,0.59,1.56,0.42
Londres,LON,GB,51.5074,-0.1278,2025-08-29T20:00:00Z,2025-08-29,20:00,2,112.94,0,2.15,69.43,1.27,0.6,1.57,0.48
Londres,LON,GB,51.5074,-0.1278,2025-08-29T21:00:00Z,2025-08-29,21:00,2,113,0,2.33,68.39,1.36,0.64,1.63,0.54
Londres,LON,GB,51.5074,-0.1278,2025-08-29T22:00:00Z,2025-08-29,22:00,2,112.82,0,2.46,67.98,1.44,0.7,1.74,0.55
Londres,LON,GB,51.5074,-0.1278,2025-08-29T23:00:00Z,2025-08-29,23:00,2,112.94,0,2.54,68.44,1.51,0.76,1.87,0.54
Londres,LON,GB,51.5074,-0.1278,2025-08-30T00:00:00Z,2025-08-30,00:00,2,113.33,0,2.59,68.67,1.57,0.82,1.98,0.51
Londres,LON,GB,51.5074,-0.1278,2025-08-30T01:00:00Z,2025-08-30,01:00,2,113.43,0,2.56,68.73,1.58,0.85,2.05,0.48
Londres,LON,GB,51.5074,-0.1278,2025-08-30T02:00:00Z,2025-08-30,02:00,2,113.34,0,2.52,68.71,1.56,0.86,2.06,0.44
Londres,LON,GB,51.5074,-0.1278,2025-08-30T03:00:00Z,2025-08-30,03:00,2,113.34,0,2.52,68.14,1.55,0.86,2.01,0.39
Londres,LON,GB,51.5074,-0.1278,2025-08-30T04:00:00Z,2025-08-30,04:00,2,113.3,0,2.39,67.48,1.43,0.81,1.86,0.34
Londres,LON,GB,51.5074,-0.1278,2025-08-30T05:00:00Z,2025-08-30,05:00,2,113.24,0,2.37,66.72,1.38,0.76,1.77,0.29
Londres,LON,GB,51.5074,-0.1278,2025-08-30T06:00:00Z,2025-08-30,06:00,2,112.46,0,2.4,65.19,1.39,0.72,1.75,0.22
Londres,LON,GB,51.5074,-0.1278,2025-08-30T07:00:00Z,2025-08-30,07:00,2,111.02,0.09,2.46,63.02,1.49,0.72,1.86,0.16
Londres,LON,GB,51.5074,-0.1278,2025-08-30T08:00:00Z,2025-08-30,08:00,2,109.09,0.25,2.63,60.38,1.73,0.83,2.18,0.11
Londres,LON,GB,51.5074,-0.1278,2025-08-30T09:00:00Z,2025-08-30,09:00,1,107.17,0.35,2.77,57.77,1.9,0.99,2.52,0.08
Londres,LON,GB,51.5074,-0.1278,2025-08-30T10:00:00Z,2025-08-30,10:00,1,105.77,0.36,2.88,55.73,1.96,1.18,2.85,0.08
Londres,LON,GB,51.5074,-0.1278,2025-08-30T11:00:00Z,2025-08-30,11:00,1,104,0.35,2.84,54.5,1.98,1.47,3.45,0.15
Londres,LON,GB,51.5074,-0.1278,2025-08-30T12:00:00Z,2025-08-30,12:00,1,102.41,0.29,2.74,54.55,1.93,1.83,4.27,0.28
Londres,LON,GB,51.5074,-0.1278,2025-08-30T13:00:00Z,2025-08-30,13:00,1,101.42,0.24,2.57,55.62,1.74,2.06,4.18,0.37
Londres,LON,GB,51.5074,-0.1278,2025-08-30T14:00:00Z,2025-08-30,14:00,1,100.67,0.2,2.47,56.79,1.51,2.04,3.51,0.44
Londres,LON,GB,51.5074,-0.1278,2025-08-30T15:00:00Z,2025-08-30,15:00,1,100.01,0.15,2.45,58.77,1.37,1.95,3.08,0.52
Londres,LON,GB,51.5074,-0.1278,2025-08-30T16:00:00Z,2025-08-30,16:00,2,99.78,0.08,2.5,62.22,1.32,1.86,2.8,0.56
Londres,LON,GB,51.5074,-0.1278,2025-08-30T17:00:00Z,2025-08-30,17:00,2,100.26,0.04,2.6,66.74,1.29,1.91,2.79,0.48
Londres,LON,GB,51.5074,-0.1278,2025-08-30T18:00:00Z,2025-08-30,18:00,2,101.36,0.01,2.7,70.09,1.3,2.06,3,0.44
Londres,LON,GB,51.5074,-0.1278,2025-08-30T19:00:00Z,2025-08-30,19:00,2,101.59,0,2.87,71.44,1.37,2.03,3.09,0.4
Londres,LON,GB,51.5074,-0.1278,2025-08-30T20:00:00Z,2025-08-30,20:00,2,99.26,0,3.33,71.5,1.6,2.1,3.43,0.33
Londres,LON,GB,51.5074,-0.1278,2025-08-30T21:00:00Z,2025-08-30,21:00,2,96.39,0,3.81,71.49,1.93,2.75,4.67,0.21
Londres,LON,GB,51.5074,-0.1278,2025-08-30T22:00:00Z,2025-08-30,22:00,2,97.4,0,4.01,69.03,2.22,4.17,8.13,0.13
Londres,LON,GB,51.5074,-0.1278,2025-08-30T23:00:00Z,2025-08-30,23:00,2,101.13,0,3.76,65.67,2.37,5.02,11.48,0.08
Londres,LON,GB,51.5074,-0.1278,2025-08-31T00:00:00Z,2025-08-31,00:00,2,104.15,0,3.26,65.14,2.23,4.64,12.15,0.06
Londres,LON,GB,51.5074,-0.1278,2025-08-31T01:00:00Z,2025-08-31,01:00,2,104.56,0,2.61,68.93,1.9,3.6,10.64,0.05
Londres,LON,GB,51.5074,-0.1278,2025-08-31T02:00:00Z,2025-08-31,02:00,2,103.78,0,2.32,75.12,1.74,2.87,9.19,0.04
Londres,LON,GB,51.5074,-0.1278,2025-08-31T03:00:00Z,2025-08-31,03:00,2,102.27,0,2.27,80.39,1.71,2.51,8.49,0.04
Londres,LON,GB,51.5074,-0.1278,2025-08-31T04:00:00Z,2025-08-31,04:00,2,100.43,0,2.27,83.22,1.7,2.21,7.65,0.04
Londres,LON,GB,51.5074,-0.1278,2025-08-31T05:00:00Z,2025-08-31,05:00,2,99.44,0,2.27,84.46,1.64,1.87,6.35,0.04
Londres,LON,GB,51.5074,-0.1278,2025-08-31T06:00:00Z,2025-08-31,06:00,2,98.98,0,2.25,84.14,1.58,1.62,5.15,0.06
Londres,LON,GB,51.5074,-0.1278,2025-08-31T07:00:00Z,2025-08-31,07:00,2,98.81,0.06,2.2,83.15,1.49,1.43,4.18,0.08
Londres,LON,GB,51.5074,-0.1278,2025-08-31T08:00:00Z,2025-08-31,08:00,2,98.48,0.13,2.04,82.55,1.39,1.27,3.46,0.11
Londres,LON,GB,51.5074,-0.1278,2025-08-31T09:00:00Z,2025-08-31,09:00,2,98.05,0.13,1.96,82.34,1.32,1.21,3.11,0.14
Londres,LON,GB,51.5074,-0.1278,2025-08-31T10:00:00Z,2025-08-31,10:00,2,97.22,0.11,1.92,82.71,1.29,1.22,2.94,0.19
Londres,LON,GB,51.5074,-0.1278,2025-08-31T11:00:00Z,2025-08-31,11:00,2,96.17,0.09,1.88,84.06,1.29,1.3,2.99,0.25
Londres,LON,GB,51.5074,-0.1278,2025-08-31T12:00:00Z,2025-08-31,12:00,2,95.22,0.07,1.87,85.87,1.3,1.3,2.88,0.29
Londres,LON,GB,51.5074,-0.1278,2025-08-31T13:00:00Z,2025-08-31,13:00,2,94.63,0.05,1.85,87.68,1.26,1.21,2.56,0.32
Londres,LON,GB,51.5074,-0.1278,2025-08-31T14:00:00Z,2025-08-31,14:00,2,94.14,0.04,1.81,88.49,1.21,1.12,2.29,0.37
Londres,LON,GB,51.5074,-0.1278,2025-08-31T15:00:00Z,2025-08-31,15:00,2,93.92,0.03,1.79,88.76,1.17,1.08,2.12,0.42
Londres,LON,GB,51.5074,-0.1278,2025-08-31T16:00:00Z,2025-08-31,16:00,2,94.69,0.07,1.72,88.88,1.16,1.08,2.08,0.44
Londres,LON,GB,51.5074,-0.1278,2025-08-31T17:00:00Z,2025-08-31,17:00,2,95.65,0.1,1.67,88.7,1.18,1,1.98,0.44
Londres,LON,GB,51.5074,-0.1278,2025-08-31T18:00:00Z,2025-08-31,18:00,2,97.14,0.07,1.76,87.36,1.19,0.92,1.85,0.44
Londres,LON,GB,51.5074,-0.1278,2025-08-31T19:00:00Z,2025-08-31,19:00,2,98.67,0.01,1.89,85.19,1.2,0.86,1.78,0.44
Londres,LON,GB,51.5074,-0.1278,2025-08-31T20:00:00Z,2025-08-31,20:00,2,100.05,0,1.9,82.82,1.2,0.84,1.8,0.45
Londres,LON,GB,51.5074,-0.1278,2025-08-31T21:00:00Z,2025-08-31,21:00,2,101.06,0,1.92,80.6,1.19,0.84,1.9,0.46
Londres,LON,GB,51.5074,-0.1278,2025-08-31T22:00:00Z,2025-08-31,22:00,2,101.53,0,1.9,78.61,1.19,0.85,2.07,0.49
Londres,LON,GB,51.5074,-0.1278,2025-08-31T23:00:00Z,2025-08-31,23:00,2,101.45,0,1.87,77.3,1.2,0.86,2.25,0.55
Londres,LON,GB,51.5074,-0.1278,2025-09-01T00:00:00Z,2025-09-01,00:00,2,101.28,0,1.85,76.46,1.19,0.84,2.34,0.59
Londres,LON,GB,51.5074,-0.1278,2025-09-01T01:00:00Z,2025-09-01,01:00,2,101.41,0,1.82,76.03,1.13,0.79,2.34,0.6
Londres,LON,GB,51.5074,-0.1278,2025-09-01T02:00:00Z,2025-09-01,02:00,2,101.66,0,1.8,75.15,1.08,0.72,2.25,0.57
Londres,LON,GB,51.5074,-0.1278,2025-09-01T03:00:00Z,2025-09-01,03:00,2,102.63,0,1.78,73.12,1.05,0.68,2.19,0.49
Londres,LON,GB,51.5074,-0.1278,2025-09-01T04:00:00Z,2025-09-01,04:00,2,104.61,0,1.94,70,1.11,0.69,2.12,0.39
Londres,LON,GB,51.5074,-0.1278,2025-09-01T05:00:00Z,2025-09-01,05:00,2,107.96,0,2.13,67.11,1.18,0.72,2.04,0.32
Londres,LON,GB,51.5074,-0.1278,2025-09-01T06:00:00Z,2025-09-01,06:00,2,111.94,0,2.23,65.47,1.2,0.73,1.95,0.28
Londres,LON,GB,51.5074,-0.1278,2025-09-01T07:00:00Z,2025-09-01,07:00,2,115.05,0.04,2.32,65.25,1.18,0.74,1.97,0.27
Londres,LON,GB,51.5074,-0.1278,2025-09-01T08:00:00Z,2025-09-01,08:00,2,117.27,0.15,2.25,66.94,1.15,0.73,1.96,0.24
Londres,LON,GB,51.5074,-0.1278,2025-09-01T09:00:00Z,2025-09-01,09:00,2,117.78,0.27,2.05,69.78,1.1,0.72,1.94,0.2
Londres,LON,GB,51.5074,-0.1278,2025-09-01T10:00:00Z,2025-09-01,10:00,2,116.95,0.29,1.75,73.11,0.99,0.68,1.76,0.14
Londres,LON,GB,51.5074,-0.1278,2025-09-01T11:00:00Z,2025-09-01,11:00,2,115.51,0.28,1.61,75.28,0.95,0.65,1.6,0.09
Londres,LON,GB,51.5074,-0.1278,2025-09-01T12:00:00Z,2025-09-01,12:00,2,114.88,0.26,1.55,76.53,0.95,0.63,1.49,0.05
Londres,LON,GB,51.5074,-0.1278,2025-09-01T13:00:00Z,2025-09-01,13:00,2,114.41,0.26,1.48,77.99,0.95,0.65,1.53,0.03
Londres,LON,GB,51.5074,-0.1278,2025-09-01T14:00:00Z,2025-09-01,14:00,2,113.81,0.25,1.38,80.42,0.99,0.7,1.73,0.02
Londres,LON,GB,51.5074,-0.1278,2025-09-01T15:00:00Z,2025-09-01,15:00,2,112.93,0.24,1.35,82.55,1.03,0.76,1.95,0.02
Londres,LON,GB,51.5074,-0.1278,2025-09-01T16:00:00Z,2025-09-01,16:00,2,112.19,0.2,1.47,83.47,1.09,0.81,2.25,0.02
Londres,LON,GB,51.5074,-0.1278,2025-09-01T17:00:00Z,2025-09-01,17:00,2,111.58,0.12,1.69,82.7,1.11,0.81,2.45,0.03
Londres,LON,GB,51.5074,-0.1278,2025-09-01T18:00:00Z,2025-09-01,18:00,2,111.32,0.03,1.86,80.86,1.11,0.78,2.51,0.04
Londres,LON,GB,51.5074,-0.1278,2025-09-01T19:00:00Z,2025-09-01,19:00,2,111.73,0,1.91,78.87,1.11,0.75,2.2,0.04
Londres,LON,GB,51.5074,-0.1278,2025-09-01T20:00:00Z,2025-09-01,20:00,2,113.24,0,1.97,76.83,1.09,0.71,1.91,0.04
Londres,LON,GB,51.5074,-0.1278,2025-09-01T21:00:00Z,2025-09-01,21:00,2,114.93,0,2.02,75.17,1.08,0.66,1.71,0.04
Londres,LON,GB,51.5074,-0.1278,2025-09-01T22:00:00Z,2025-09-01,22:00,2,115.91,0,2.05,74.05,1.07,0.63,1.57,0.04
Londres,LON,GB,51.5074,-0.1278,2025-09-01T23:00:00Z,2025-09-01,23:00,2,115.25,0,2.07,73.7,1.08,0.66,1.59,0.03
Londres,LON,GB,51.5074,-0.1278,2025-09-02T00:00:00Z,2025-09-02,00:00,2,113.15,0,2.07,74.53,1.11,0.74,1.74,0.03
Londres,LON,GB,51.5074,-0.1278,2025-09-02T01:00:00Z,2025-09-02,01:00,2,110.57,0,2.06,76.12,1.13,0.83,1.91,0.02
Londres,LON,GB,51.5074,-0.1278,2025-09-02T02:00:00Z,2025-09-02,02:00,2,108.97,0,2.06,77.46,1.14,0.86,1.98,0.02
Londres,LON,GB,51.5074,-0.1278,2025-09-02T03:00:00Z,2025-09-02,03:00,2,108.37,0,2.08,77.72,1.14,0.84,1.94,0.03
Londres,LON,GB,51.5074,-0.1278,2025-09-02T04:00:00Z,2025-09-02,04:00,2,108.51,0,2.1,76.6,1.13,0.8,1.81,0.07
Londres,LON,GB,51.5074,-0.1278,2025-09-02T05:00:00Z,2025-09-02,05:00,2,109.39,0,2.12,74.34,1.09,0.77,1.68,0.15
Londres,LON,GB,51.5074,-0.1278,2025-09-02T06:00:00Z,2025-09-02,06:00,2,110.18,0,2.08,71.7,0.99,0.74,1.55,0.22
Londres,LON,GB,51.5074,-0.1278,2025-09-02T07:00:00Z,2025-09-02,07:00,2,110.92,0,2.16,69.41,0.95,0.71,1.44,0.22
Londres,LON,GB,51.5074,-0.1278,2025-09-02T08:00:00Z,2025-09-02,08:00,2,111.61,0.01,2.35,67.6,0.94,0.72,1.43,0.17
Londres,LON,GB,51.5074,-0.1278,2025-09-02T09:00:00Z,2025-09-02,09:00,2,111.67,0.04,2.46,66.73,0.95,0.77,1.54,0.15
Londres,LON,GB,51.5074,-0.1278,2025-09-02T10:00:00Z,2025-09-02,10:00,2,111.71,0.08,2.58,65.61,1.01,0.87,1.76,0.15
Londres,LON,GB,51.5074,-0.1278,2025-09-02T11:00:00Z,2025-09-02,11:00,2,111.99,0.13,2.77,64.1,1.09,0.92,1.88,0.17
Londres,LON,GB,51.5074,-0.1278,2025-09-02T12:00:00Z,2025-09-02,12:00,2,111.18,0.18,3.01,63.74,1.12,0.9,1.82,0.21
Londres,LON,GB,51.5074,-0.1278,2025-09-02T13:00:00Z,2025-09-02,13:00,2,107.98,0.26,3.1,64.97,1.18,0.95,1.88,0.24
Londres,LON,GB,51.5074,-0.1278,2025-09-02T14:00:00Z,2025-09-02,14:00,2,102.3,0.25,2.82,66.71,1.27,1.21,2.2,0.22
Londres,LON,GB,51.5074,-0.1278,2025-09-02T15:00:00Z,2025-09-02,15:00,2,98.62,0.2,2.39,67.13,1.35,1.71,2.96,0.15
Londres,LON,GB,51.5074,-0.1278,2025-09-02T16:00:00Z,2025-09-02,16:00,2,97.99,0.17,2.11,66.69,1.4,2.4,4.47,0.09
Londres,LON,GB,51.5074,-0.1278,2025-09-02T17:00:00Z,2025-09-02,17:00,2,96.91,0.13,2.25,67.61,1.52,3.25,7.06,0.06
Londres,LON,GB,51.5074,-0.1278,2025-09-02T18:00:00Z,2025-09-02,18:00,2,95.38,0.06,2.68,71.99,1.69,3.84,9.51,0.02
Londres,LON,GB,51.5074,-0.1278,2025-09-02T19:00:00Z,2025-09-02,19:00,2,94.61,0,2.94,76.17,1.8,3.6,10.01,0.01
Londres,LON,GB,51.5074,-0.1278,2025-09-02T20:00:00Z,2025-09-02,20:00,2,95.87,0,3.01,76.55,1.82,3.01,9.21,0.03
Londres,LON,GB,51.5074,-0.1278,2025-09-02T21:00:00Z,2025-09-02,21:00,2,97.76,0,3.05,75.31,1.75,2.37,7.95,0.07
Londres,LON,GB,51.5074,-0.1278,2025-09-02T22:00:00Z,2025-09-02,22:00,2,98.97,0,3,75.73,1.65,1.93,6.39,0.07
Londres,LON,GB,51.5074,-0.1278,2025-09-02T23:00:00Z,2025-09-02,23:00,2,98.43,0,3.09,73.8,1.6,1.75,4.98,0.05
Londres,LON,GB,51.5074,-0.1278,2025-09-03T00:00:00Z,2025-09-03,00:00,2,97.17,0,3.3,65.47,1.58,1.64,4.05,0.11
Londres,LON,GB,51.5074,-0.1278,2025-09-03T01:00:00Z,2025-09-03,01:00,1,96.88,0,3.33,55.42,1.46,1.61,3.2,0.24
Londres,LON,GB,51.5074,-0.1278,2025-09-03T02:00:00Z,2025-09-03,02:00,1,96.57,0,3.02,52.45,1.26,1.8,3.21,0.3
Londres,LON,GB,51.5074,-0.1278,2025-09-03T03:00:00Z,2025-09-03,03:00,1,94.55,0,2.61,58.73,1.16,2.26,4.25,0.31
Londres,LON,GB,51.5074,-0.1278,2025-09-03T04:00:00Z,2025-09-03,04:00,2,91.97,0,2.34,64.83,1.2,3,6.27,0.33
Londres,LON,GB,51.5074,-0.1278,2025-09-03T05:00:00Z,2025-09-03,05:00,2,88.73,0,2.14,65.58,1.14,3.18,6.43,0.28
Londres,LON,GB,51.5074,-0.1278,2025-09-03T06:00:00Z,2025-09-03,06:00,2,87.63,0,2.06,64.12,1.04,2.77,5.13,0.21
Londres,LON,GB,51.5074,-0.1278,2025-09-03T07:00:00Z,2025-09-03,07:00,2,87.59,0.02,2.08,64.63,0.98,2.34,4.36,0.18
Londres,LON,GB,51.5074,-0.1278,2025-09-03T08:00:00Z,2025-09-03,08:00,2,87.46,0.06,2.25,66.19,1.01,2.15,3.98,0.17
Londres,LON,GB,51.5074,-0.1278,2025-09-03T09:00:00Z,2025-09-03,09:00,2,87.51,0.07,2.47,68.75,1.03,2.18,3.87,0.17
Londres,LON,GB,51.5074,-0.1278,2025-09-03T10:00:00Z,2025-09-03,10:00,2,87.37,0.08,2.57,70.54,1,2.19,3.5,0.14
Londres,LON,GB,51.5074,-0.1278,2025-09-03T11:00:00Z,2025-09-03,11:00,2,87.5,0.13,2.5,70.41,0.96,2.2,3.51,0.11
Londres,LON,GB,51.5074,-0.1278,2025-09-03T12:00:00Z,2025-09-03,12:00,2,87.54,0.14,2.3,69.45,0.95,2.1,3.58,0.1
Londres,LON,GB,51.5074,-0.1278,2025-09-03T13:00:00Z,2025-09-03,13:00,2,87.5,0.18,1.98,71.56,1.04,2.19,4.33,0.11
Londres,LON,GB,51.5074,-0.1278,2025-09-03T14:00:00Z,2025-09-03,14:00,2,87.66,0.25,1.76,77.2,1.24,2.59,5.84,0.1
Londres,LON,GB,51.5074,-0.1278,2025-09-03T15:00:00Z,2025-09-03,15:00,2,88.62,0.31,1.78,81.63,1.45,3.03,7.87,0.06
Londres,LON,GB,51.5074,-0.1278,2025-09-03T16:00:00Z,2025-09-03,16:00,2,92.31,0.33,1.97,81.5,1.65,2.97,9.65,0.03
Londres,LON,GB,51.5074,-0.1278,2025-09-03T17:00:00Z,2025-09-03,17:00,2,100.08,0.28,2.36,78.02,1.82,2.92,10.89,0.03
Londres,LON,GB,51.5074,-0.1278,2025-09-03T18:00:00Z,2025-09-03,18:00,2,106.35,0.12,2.78,74.83,1.86,2.89,11.46,0.04
Londres,LON,GB,51.5074,-0.1278,2025-09-03T19:00:00Z,2025-09-03,19:00,2,107.39,0.01,2.93,72.01,1.79,2.78,10.89,0.04
Londres,LON,GB,51.5074,-0.1278,2025-09-03T20:00:00Z,2025-09-03,20:00,2,106.53,0,2.69,69.39,1.6,2.27,8.6,0.05
Londres,LON,GB,51.5074,-0.1278,2025-09-03T21:00:00Z,2025-09-03,21:00,2,106.84,0,2.45,68.78,1.42,1.79,6.65,0.06
Londres,LON,GB,51.5074,-0.1278,2025-09-03T22:00:00Z,2025-09-03,22:00,2,107.3,0,1.94,71.47,1.11,1.32,4.79,0.06
Londres,LON,GB,51.5074,-0.1278,2025-09-03T23:00:00Z,2025-09-03,23:00,2,106.11,0,1.8,75.78,1.03,1.11,3.95,0.04
Londres,LON,GB,51.5074,-0.1278,2025-09-04T00:00:00Z,2025-09-04,00:00,2,104.1,0,1.84,78.23,1.06,1.01,3.57,0.03
Londres,LON,GB,51.5074,-0.1278,2025-09-04T01:00:00Z,2025-09-04,01:00,2,103.04,0,1.9,77.24,1.07,0.91,3.04,0.04
Londres,LON,GB,51.5074,-0.1278,2025-09-04T02:00:00Z,2025-09-04,02:00,2,104.11,0,1.93,74.59,1.04,0.83,2.48,0.09
Londres,LON,GB,51.5074,-0.1278,2025-09-04T03:00:00Z,2025-09-04,03:00,2,105.26,0,1.89,72.72,0.96,0.73,1.96,0.18
Londres,LON,GB,51.5074,-0.1278,2025-09-04T04:00:00Z,2025-09-04,04:00,2,105.45,0,1.82,72.73,0.9,0.63,1.58,0.24
Londres,LON,GB,51.5074,-0.1278,2025-09-04T05:00:00Z,2025-09-04,05:00,2,104.94,0,1.79,75.07,0.86,0.61,1.53,0.21
Londres,LON,GB,51.5074,-0.1278,2025-09-04T06:00:00Z,2025-09-04,06:00,2,102.8,0,1.82,76.88,0.88,0.7,1.74,0.16
Londres,LON,GB,51.5074,-0.1278,2025-09-04T07:00:00Z,2025-09-04,07:00,2,100.5,0.03,1.85,74.82,0.91,0.91,2.32,0.13
Londres,LON,GB,51.5074,-0.1278,2025-09-04T08:00:00Z,2025-09-04,08:00,2,101.01,0.13,1.72,70.52,0.96,1.17,3.22,0.11
Londres,LON,GB,51.5074,-0.1278,2025-09-04T09:00:00Z,2025-09-04,09:00,2,101.34,0.22,1.51,69.63,0.99,1.32,4.11,0.08
Londres,LON,GB,51.5074,-0.1278,2025-09-04T10:00:00Z,2025-09-04,10:00,2,99.3,0.25,1.36,72.77,1,1.29,4.47,0.06
Londres,LON,GB,51.5074,-0.1278,2025-09-04T11:00:00Z,2025-09-04,11:00,2,99.16,0.25,1.29,78.39,1.03,1.16,4.3,0.04
Londres,LON,GB,51.5074,-0.1278,2025-09-04T12:00:00Z,2025-09-04,12:00,2,102.64,0.24,1.25,83.08,1.03,0.97,3.73,0.06
Londres,LON,GB,51.5074,-0.1278,2025-09-04T13:00:00Z,2025-09-04,13:00,2,105.65,0.24,1.21,85.04,1.01,0.82,3.19,0.12
Londres,LON,GB,51.5074,-0.1278,2025-09-04T14:00:00Z,2025-09-04,14:00,2,107,0.23,1.18,86.04,0.98,0.69,2.55,0.18
Londres,LON,GB,51.5074,-0.1278,2025-09-04T15:00:00Z,2025-09-04,15:00,2,107.45,0.22,1.18,87.05,0.96,0.58,2.04,0.19
Londres,LON,GB,51.5074,-0.1278,2025-09-04T16:00:00Z,2025-09-04,16:00,2,107.76,0.19,1.22,86.85,0.92,0.5,1.61,0.18
Londres,LON,GB,51.5074,-0.1278,2025-09-04T17:00:00Z,2025-09-04,17:00,2,108.02,0.14,1.38,84.34,0.9,0.5,1.34,0.17
Londres,LON,GB,51.5074,-0.1278,2025-09-04T18:00:00Z,2025-09-04,18:00,2,108.92,0.06,1.64,79.66,0.92,0.5,1.23,0.15
Londres,LON,GB,51.5074,-0.1278,2025-09-04T19:00:00Z,2025-09-04,19:00,2,109.47,0,1.81,74.51,0.93,0.5,1.1,0.15
Londres,LON,GB,51.5074,-0.1278,2025-09-04T20:00:00Z,2025-09-04,20:00,2,109.49,0,1.88,70.76,0.95,0.5,0.96,0.17
Londres,LON,GB,51.5074,-0.1278,2025-09-04T21:00:00Z,2025-09-04,21:00,2,108.5,0,1.94,68.87,0.98,0.5,0.86,0.2
Londres,LON,GB,51.5074,-0.1278,2025-09-04T22:00:00Z,2025-09-04,22:00,2,106.79,0,1.96,68.94,1.01,0.5,0.85,0.23
Londres,LON,GB,51.5074,-0.1278,2025-09-04T23:00:00Z,2025-09-04,23:00,2,105.34,0,1.99,70.57,1.05,0.5,0.91,0.24
Londres,LON,GB,51.5074,-0.1278,2025-09-05T00:00:00Z,2025-09-05,00:00,2,104.43,0,1.99,72.6,1.09,0.5,0.97,0.25
Londres,LON,GB,51.5074,-0.1278,2025-09-05T01:00:00Z,2025-09-05,01:00,2,103.6,0,2,74.07,1.13,0.5,1.05,0.25
Londres,LON,GB,51.5074,-0.1278,2025-09-05T02:00:00Z,2025-09-05,02:00,2,103.93,0,2.09,74.73,1.21,0.5,1.14,0.27
Londres,LON,GB,51.5074,-0.1278,2025-09-05T03:00:00Z,2025-09-05,03:00,2,104.63,0,2.19,74.23,1.29,0.5,1.2,0.3
Londres,LON,GB,51.5074,-0.1278,2025-09-05T04:00:00Z,2025-09-05,04:00,2,105.7,0,2.27,72.54,1.34,0.5,1.19,0.33
Londres,LON,GB,51.5074,-0.1278,2025-09-05T05:00:00Z,2025-09-05,05:00,2,107.21,0,2.27,70.69,1.33,0.5,1.12,0.36
Londres,LON,GB,51.5074,-0.1278,2025-09-05T06:00:00Z,2025-09-05,06:00,2,108.74,0,2.25,68.6,1.31,0.5,1.04,0.37
Londres,LON,GB,51.5074,-0.1278,2025-09-05T07:00:00Z,2025-09-05,07:00,2,109.8,0.08,2.24,66.99,1.3,0.5,0.97,0.37
Londres,LON,GB,51.5074,-0.1278,2025-09-05T08:00:00Z,2025-09-05,08:00,2,110.68,0.27,2.15,66.47,1.37,0.5,0.95,0.35
Londres,LON,GB,51.5074,-0.1278,2025-09-05T09:00:00Z,2025-09-05,09:00,2,110.92,0.43,2.04,67.13,1.47,0.5,0.99,0.34
Londres,LON,GB,51.5074,-0.1278,2025-09-05T10:00:00Z,2025-09-05,10:00,2,110.77,0.5,1.97,68.97,1.59,0.53,1.11,0.31
Londres,LON,GB,51.5074,-0.1278,2025-09-05T11:00:00Z,2025-09-05,11:00,2,110.7,0.52,2.01,71.73,1.76,0.67,1.37,0.28
Londres,LON,GB,51.5074,-0.1278,2025-09-05T12:00:00Z,2025-09-05,12:00,2,110.34,0.5,2.03,74.97,1.9,0.84,1.75,0.24
Londres,LON,GB,51.5074,-0.1278,2025-09-05T13:00:00Z,2025-09-05,13:00,2,110.07,0.49,2.14,77.96,2.08,1.04,2.25,0.19
Londres,LON,GB,51.5074,-0.1278,2025-09-05T14:00:00Z,2025-09-05,14:00,2,109.87,0.5,2.37,80.32,2.32,1.24,2.8,0.14
Londres,LON,GB,51.5074,-0.1278,2025-09-05T15:00:00Z,2025-09-05,15:00,2,110.04,0.49,2.62,81.72,2.48,1.36,3.19,0.1
Londres,LON,GB,51.5074,-0.1278,2025-09-05T16:00:00Z,2025-09-05,16:00,2,110.31,0.46,2.97,81.95,2.61,1.4,3.35,0.07
Londres,LON,GB,51.5074,-0.1278,2025-09-05T17:00:00Z,2025-09-05,17:00,2,110.77,0.29,3.66,80.78,2.73,1.36,3.32,0.05
Londres,LON,GB,51.5074,-0.1278,2025-09-05T18:00:00Z,2025-09-05,18:00,2,111.06,0.09,4.48,79.05,2.88,1.31,3.22,0.05
Londres,LON,GB,51.5074,-0.1278,2025-09-05T19:00:00Z,2025-09-05,19:00,2,110.99,0,5.04,77.57,3.08,1.3,3.17,0.04
Londres,LON,GB,51.5074,-0.1278,2025-09-05T20:00:00Z,2025-09-05,20:00,2,111.03,0,5.5,76.34,3.33,1.34,3.19,0.04
Londres,LON,GB,51.5074,-0.1278,2025-09-05T21:00:00Z,2025-09-05,21:00,2,110.89,0,5.76,75.5,3.49,1.38,3.21,0.04
Londres,LON,GB,51.5074,-0.1278,2025-09-05T22:00:00Z,2025-09-05,22:00,2,110.44,0,5.51,75.35,3.37,1.37,3.11,0.04
Londres,LON,GB,51.5074,-0.1278,2025-09-05T23:00:00Z,2025-09-05,23:00,2,109.87,0,4.98,75.34,3.08,1.34,2.96,0.07
Londres,LON,GB,51.5074,-0.1278,2025-09-06T00:00:00Z,2025-09-06,00:00,2,109.76,0,4.5,75.41,2.83,1.33,2.9,0.13
Londres,LON,GB,51.5074,-0.1278,2025-09-06T01:00:00Z,2025-09-06,01:00,2,109.9,0,4.33,74.82,2.75,1.39,3.02,0.23
Londres,LON,GB,51.5074,-0.1278,2025-09-06T02:00:00Z,2025-09-06,02:00,2,110.46,0,5.05,72.96,3.13,1.68,3.67,0.31
Londres,LON,GB,51.5074,-0.1278,2025-09-06T03:00:00Z,2025-09-06,03:00,2,111.57,0,5.66,70.15,3.48,2.2,4.74,0.38
Londres,LON,GB,51.5074,-0.1278,2025-09-06T04:00:00Z,2025-09-06,04:00,2,112.89,0,6.52,66.18,3.88,2.91,6.05,0.42
Londres,LON,GB,51.5074,-0.1278,2025-09-06T05:00:00Z,2025-09-06,05:00,2,113.77,0,7.19,61.76,4.12,3.54,7.02,0.46
Londres,LON,GB,51.5074,-0.1278,2025-09-06T06:00:00Z,2025-09-06,06:00,1,114.83,0,7.35,57.66,4.03,3.88,7.38,0.51
Londres,LON,GB,51.5074,-0.1278,2025-09-06T07:00:00Z,2025-09-06,07:00,1,117,0.24,7.41,54.3,3.9,4.01,7.48,0.58
Londres,LON,GB,51.5074,-0.1278,2025-09-06T08:00:00Z,2025-09-06,08:00,1,120.56,0.93,6.99,52.22,3.81,4.11,7.71,0.64
Londres,LON,GB,51.5074,-0.1278,2025-09-06T09:00:00Z,2025-09-06,09:00,1,125.21,1.53,6.62,52.48,3.77,4.34,8.32,0.67
Londres,LON,GB,51.5074,-0.1278,2025-09-06T10:00:00Z,2025-09-06,10:00,1,129.71,1.74,6.14,57.36,3.67,4.73,9.21,0.66
Londres,LON,GB,51.5074,-0.1278,2025-09-06T11:00:00Z,2025-09-06,11:00,2,133.04,1.55,5.26,68.89,3.47,5.56,10.32,0.65
Londres,LON,GB,51.5074,-0.1278,2025-09-06T12:00:00Z,2025-09-06,12:00,2,134.53,1.08,4.14,83.84,3.15,7,11.52,0.63
Londres,LON,GB,51.5074,-0.1278,2025-09-06T13:00:00Z,2025-09-06,13:00,2,132.05,0.63,2.85,96.54,2.6,7.81,11.44,0.57
Londres,LON,GB,51.5074,-0.1278,2025-09-06T14:00:00Z,2025-09-06,14:00,3,127.98,0.44,2.3,102.99,2.3,8.01,10.99,0.54
Londres,LON,GB,51.5074,-0.1278,2025-09-06T15:00:00Z,2025-09-06,15:00,3,124.02,0.39,2.26,104.67,2.14,7.59,10.21,0.55
Londres,LON,GB,51.5074,-0.1278,2025-09-06T16:00:00Z,2025-09-06,16:00,3,120.31,0.36,2.5,103.35,2.06,6.71,9.09,0.59
Londres,LON,GB,51.5074,-0.1278,2025-09-06T17:00:00Z,2025-09-06,17:00,2,116.76,0.29,3.05,99.69,2.12,5.69,7.97,0.64
Londres,LON,GB,51.5074,-0.1278,2025-09-06T18:00:00Z,2025-09-06,18:00,2,113.67,0.13,3.82,95.58,2.22,4.81,7.05,0.71
Londres,LON,GB,51.5074,-0.1278,2025-09-06T19:00:00Z,2025-09-06,19:00,2,112.71,0,4.32,93.05,2.31,4.27,6.51,0.85
Londres,LON,GB,51.5074,-0.1278,2025-09-06T20:00:00Z,2025-09-06,20:00,2,111.69,0,4.59,91.18,2.41,3.98,6.25,1.02
Londres,LON,GB,51.5074,-0.1278,2025-09-06T21:00:00Z,2025-09-06,21:00,2,111.12,0,4.95,88.61,2.51,3.77,6.14,1.21
Londres,LON,GB,51.5074,-0.1278,2025-09-06T22:00:00Z,2025-09-06,22:00,2,110.58,0,5.24,85.21,2.58,3.54,5.99,1.39
Londres,LON,GB,51.5074,-0.1278,2025-09-06T23:00:00Z,2025-09-06,23:00,2,110.6,0,5.62,81.37,2.65,3.31,5.81,1.51
Londres,LON,GB,51.5074,-0.1278,2025-09-07T00:00:00Z,2025-09-07,00:00,2,111.16,0,6.06,77.45,2.73,3.15,5.62,1.62
Londres,LON,GB,51.5074,-0.1278,2025-09-07T01:00:00Z,2025-09-07,01:00,2,111.87,0,6.56,73.58,2.86,3.08,5.53,1.7
Londres,LON,GB,51.5074,-0.1278,2025-09-07T02:00:00Z,2025-09-07,02:00,2,112.28,0,7.14,70.16,3.08,3.11,5.56,1.72
Londres,LON,GB,51.5074,-0.1278,2025-09-07T03:00:00Z,2025-09-07,03:00,2,111.97,0,7.57,66.97,3.27,3.15,5.57,1.7
Londres,LON,GB,51.5074,-0.1278,2025-09-07T04:00:00Z,2025-09-07,04:00,2,111.24,0,7.85,64.95,3.42,3.21,5.57,1.63
Londres,LON,GB,51.5074,-0.1278,2025-09-07T05:00:00Z,2025-09-07,05:00,2,110.26,0,7.94,63.5,3.5,3.3,5.61,1.52
Londres,LON,GB,51.5074,-0.1278,2025-09-07T06:00:00Z,2025-09-07,06:00,2,109.38,0,7.96,62.62,3.56,3.42,5.72,1.41
Londres,LON,GB,51.5074,-0.1278,2025-09-07T07:00:00Z,2025-09-07,07:00,2,108.56,0.05,8.1,61.65,3.57,3.56,5.85,1.31
Londres,LON,GB,51.5074,-0.1278,2025-09-07T08:00:00Z,2025-09-07,08:00,2,107.35,0.26,8.19,60.35,3.61,3.7,6,1.27
Londres,LON,GB,51.5074,-0.1278,2025-09-07T09:00:00Z,2025-09-07,09:00,1,106.15,0.61,8.01,58.95,3.65,3.84,6.21,1.3
Londres,LON,GB,51.5074,-0.1278,2025-09-07T10:00:00Z,2025-09-07,10:00,1,105.08,0.89,7.72,57.82,3.69,3.98,6.51,1.44
Londres,LON,GB,51.5074,-0.1278,2025-09-07T11:00:00Z,2025-09-07,11:00,1,104.15,1.11,7.52,58.06,3.85,4.16,6.98,1.64
Londres,LON,GB,51.5074,-0.1278,2025-09-07T12:00:00Z,2025-09-07,12:00,2,103.21,1.4,6.94,61.8,4.05,4.4,7.73,1.78
Londres,LON,GB,51.5074,-0.1278,2025-09-07T13:00:00Z,2025-09-07,13:00,2,103.4,0.8,7.81,65.9,4.24,4.76,8.87,1.92
Londres,LON,GB,51.5074,-0.1278,2025-09-07T14:00:00Z,2025-09-07,14:00,2,104.62,0.53,8.29,68.64,4.25,5.16,10.11,1.98
Londres,LON,GB,51.5074,-0.1278,2025-09-07T15:00:00Z,2025-09-07,15:00,2,106.21,0.41,8.42,69.54,4.16,5.44,10.86,1.8
Londres,LON,GB,51.5074,-0.1278,2025-09-07T16:00:00Z,2025-09-07,16:00,2,107.26,0.27,8.28,70.18,3.85,5.38,10.44,1.35
Londres,LON,GB,51.5074,-0.1278,2025-09-07T17:00:00Z,2025-09-07,17:00,2,106.97,0.18,7.82,71.56,3.55,4.87,9.06,0.79
Londres,LON,GB,51.5074,-0.1278,2025-09-07T18:00:00Z,2025-09-07,18:00,2,106.59,0.07,7.18,73.8,3.39,4.34,8.14,0.38
Londres,LON,GB,51.5074,-0.1278,2025-09-07T19:00:00Z,2025-09-07,19:00,2,105.94,0,6.31,75.45,3.23,4.34,8.76,0.17
Londres,LON,GB,51.5074,-0.1278,2025-09-07T20:00:00Z,2025-09-07,20:00,2,107.39,0,6.14,76.44,3.38,4.7,10.25,0.09
Londres,LON,GB,51.5074,-0.1278,2025-09-07T21:00:00Z,2025-09-07,21:00,2,108.58,0,6.26,76.26,3.57,4.83,11.14,0.05
Londres,LON,GB,51.5074,-0.1278,2025-09-07T22:00:00Z,2025-09-07,22:00,2,108.52,0,6.27,74.94,3.58,4.48,10.57,0.04
Londres,LON,GB,51.5074,-0.1278,2025-09-07T23:00:00Z,2025-09-07,23:00,2,108.13,0,5.78,73.66,3.2,3.53,8.24,0.04
Londres,LON,GB,51.5074,-0.1278,2025-09-08T00:00:00Z,2025-09-08,00:00,2,107.29,0,4.69,72.3,2.53,2.31,5.35,0.08
Londres,LON,GB,51.5074,-0.1278,2025-09-08T01:00:00Z,2025-09-08,01:00,2,105.47,0,2.98,72.05,1.61,1.29,3.09,0.1
Londres,LON,GB,51.5074,-0.1278,2025-09-08T02:00:00Z,2025-09-08,02:00,2,104.31,0,2.46,72.68,1.32,0.92,2.37,0.08
Londres,LON,GB,51.5074,-0.1278,2025-09-08T03:00:00Z,2025-09-08,03:00,2,103.88,0,2.37,74.72,1.3,0.81,2.18,0.05
Londres,LON,GB,51.5074,-0.1278,2025-09-08T04:00:00Z,2025-09-08,04:00,2,103.31,0,2.32,77.67,1.31,0.75,2.05,0.03
Londres,LON,GB,51.5074,-0.1278,2025-09-08T05:00:00Z,2025-09-08,05:00,2,103.34,0,2.31,79.81,1.33,0.7,2.02,0.03
Londres,LON,GB,51.5074,-0.1278,2025-09-08T06:00:00Z,2025-09-08,06:00,2,103.91,0,2.34,79.67,1.38,0.68,2.08,0.03
Londres,LON,GB,51.5074,-0.1278,2025-09-08T07:00:00Z,2025-09-08,07:00,2,104.33,0.06,2.4,78.3,1.44,0.67,2.15,0.03
Londres,LON,GB,51.5074,-0.1278,2025-09-08T08:00:00Z,2025-09-08,08:00,2,104.77,0.22,2.23,77.33,1.46,0.67,2.17,0.03
Londres,LON,GB,51.5074,-0.1278,2025-09-08T09:00:00Z,2025-09-08,09:00,2,104.94,0.34,2,77.63,1.45,0.66,2.1,0.03
Londres,LON,GB,51.5074,-0.1278,2025-09-08T10:00:00Z,2025-09-08,10:00,2,104.45,0.35,1.79,79.16,1.41,0.66,1.97,0.02
Londres,LON,GB,51.5074,-0.1278,2025-09-08T11:00:00Z,2025-09-08,11:00,2,103.93,0.3,1.67,81.62,1.4,0.68,1.88,0.02
Londres,LON,GB,51.5074,-0.1278,2025-09-08T12:00:00Z,2025-09-08,12:00,2,103.51,0.24,1.61,84.09,1.39,0.71,1.87,0.01
Londres,LON,GB,51.5074,-0.1278,2025-09-08T13:00:00Z,2025-09-08,13:00,2,103.16,0.23,1.52,85.44,1.4,0.76,1.92,0.01
Londres,LON,GB,51.5074,-0.1278,2025-09-08T14:00:00Z,2025-09-08,14:00,2,103.07,0.24,1.45,85.99,1.41,0.81,2,0.01
Londres,LON,GB,51.5074,-0.1278,2025-09-08T15:00:00Z,2025-09-08,15:00,2,103.35,0.25,1.46,85.91,1.44,0.84,2.06,0.01
Londres,LON,GB,51.5074,-0.1278,2025-09-08T16:00:00Z,2025-09-08,16:00,2,103.44,0.23,1.69,85.05,1.52,0.86,2.15,0.01
Londres,LON,GB,51.5074,-0.1278,2025-09-08T17:00:00Z,2025-09-08,17:00,2,103.72,0.14,2.17,83.24,1.65,0.86,2.23,0.01
Londres,LON,GB,51.5074,-0.1278,2025-09-08T18:00:00Z,2025-09-08,18:00,2,104,0.04,2.58,81.52,1.71,0.84,2.25,0.02
Londres,LON,GB,51.5074,-0.1278,2025-09-08T19:00:00Z,2025-09-08,19:00,2,104.28,0,2.72,80.89,1.74,0.81,2.26,0.02
Londres,LON,GB,51.5074,-0.1278,2025-09-08T20:00:00Z,2025-09-08,20:00,2,104.29,0,2.71,81.06,1.73,0.79,2.23,0.03
Londres,LON,GB,51.5074,-0.1278,2025-09-08T21:00:00Z,2025-09-08,21:00,2,104.48,0,2.67,81.53,1.71,0.77,2.17,0.03
Londres,LON,GB,51.5074,-0.1278,2025-09-08T22:00:00Z,2025-09-08,22:00,2,104.48,0,2.59,82.01,1.64,0.72,2.01,0.03
Londres,LON,GB,51.5074,-0.1278,2025-09-08T23:00:00Z,2025-09-08,23:00,2,104.38,0,2.57,82.16,1.62,0.67,1.85,0.03
Londres,LON,GB,51.5074,-0.1278,2025-09-09T00:00:00Z,2025-09-09,00:00,2,104.38,0,2.62,82.08,1.63,0.64,1.71,0.04
Londres,LON,GB,51.5074,-0.1278,2025-09-09T01:00:00Z,2025-09-09,01:00,2,104.45,0,2.64,81.27,1.63,0.61,1.56,0.05
Londres,LON,GB,51.5074,-0.1278,2025-09-09T02:00:00Z,2025-09-09,02:00,2,104.4,0,2.64,80.53,1.62,0.56,1.41,0.05
Londres,LON,GB,51.5074,-0.1278,2025-09-09T03:00:00Z,2025-09-09,03:00,2,104.72,0,2.63,79.55,1.6,0.52,1.27,0.06
Londres,LON,GB,51.5074,-0.1278,2025-09-09T04:00:00Z,2025-09-09,04:00,2,105.16,0,2.63,78.6,1.58,0.5,1.16,0.08
Londres,LON,GB,51.5074,-0.1278,2025-09-09T05:00:00Z,2025-09-09,05:00,2,105.45,0,2.62,77.42,1.56,0.5,1.06,0.12
Londres,LON,GB,51.5074,-0.1278,2025-09-09T06:00:00Z,2025-09-09,06:00,2,105.45,0,2.58,76.49,1.52,0.5,0.98,0.19
Londres,LON,GB,51.5074,-0.1278,2025-09-09T07:00:00Z,2025-09-09,07:00,2,105.55,0.06,2.55,75.79,1.49,0.5,0.92,0.28
Londres,LON,GB,51.5074,-0.1278,2025-09-09T08:00:00Z,2025-09-09,08:00,2,105.38,0.22,2.31,75.72,1.45,0.5,0.92,0.38
Londres,LON,GB,51.5074,-0.1278,2025-09-09T09:00:00Z,2025-09-09,09:00,2,105.21,0.33,2.02,76.12,1.39,0.5,0.97,0.47
Londres,LON,GB,51.5074,-0.1278,2025-09-09T10:00:00Z,2025-09-09,10:00,2,104.64,0.32,1.82,77.28,1.33,0.54,1.06,0.53
Londres,LON,GB,51.5074,-0.1278,2025-09-09T11:00:00Z,2025-09-09,11:00,2,104.31,0.25,1.77,78.42,1.3,0.61,1.16,0.56
Londres,LON,GB,51.5074,-0.1278,2025-09-09T12:00:00Z,2025-09-09,12:00,2,104.35,0.2,1.77,79.08,1.28,0.64,1.22,0.55
Londres,LON,GB,51.5074,-0.1278,2025-09-09T13:00:00Z,2025-09-09,13:00,2,104.27,0.28,1.55,80.28,1.25,0.65,1.2,0.52
Londres,LON,GB,51.5074,-0.1278,2025-09-09T14:00:00Z,2025-09-09,14:00,2,103.99,0.27,1.44,81.14,1.19,0.64,1.12,0.49
Londres,LON,GB,51.5074,-0.1278,2025-09-09T15:00:00Z,2025-09-09,15:00,2,103.88,0.27,1.38,81.61,1.16,0.6,0.99,0.48
Londres,LON,GB,51.5074,-0.1278,2025-09-09T16:00:00Z,2025-09-09,16:00,2,103.58,0.23,1.43,82.06,1.14,0.56,0.87,0.49
Londres,LON,GB,51.5074,-0.1278,2025-09-09T17:00:00Z,2025-09-09,17:00,2,103.08,0.15,1.59,81.8,1.13,0.52,0.79,0.52
Londres,LON,GB,51.5074,-0.1278,2025-09-09T18:00:00Z,2025-09-09,18:00,2,102.76,0.05,1.8,81.3,1.14,0.5,0.76,0.59
Londres,LON,GB,51.5074,-0.1278,2025-09-09T19:00:00Z,2025-09-09,19:00,2,102.93,0,1.89,80.75,1.17,0.5,0.76,0.69
Londres,LON,GB,51.5074,-0.1278,2025-09-09T20:00:00Z,2025-09-09,20:00,2,103.03,0,2,79.91,1.21,0.5,0.77,0.78
Londres,LON,GB,51.5074,-0.1278,2025-09-09T21:00:00Z,2025-09-09,21:00,2,103.04,0,2.12,78.75,1.25,0.5,0.81,0.87
Londres,LON,GB,51.5074,-0.1278,2025-09-09T22:00:00Z,2025-09-09,22:00,2,103.59,0,2.23,77.06,1.27,0.5,0.83,0.95
Londres,LON,GB,51.5074,-0.1278,2025-09-09T23:00:00Z,2025-09-09,23:00,2,103.52,0,2.3,74.83,1.24,0.5,0.85,0.98
Londres,LON,GB,51.5074,-0.1278,2025-09-10T00:00:00Z,2025-09-10,00:00,2,103.44,0,2.22,72.92,1.14,0.5,0.86,0.85
Londres,LON,GB,51.5074,-0.1278,2025-09-10T01:00:00Z,2025-09-10,01:00,2,103.23,0,1.97,72.43,1,0.5,0.84,0.61
Londres,LON,GB,51.5074,-0.1278,2025-09-10T02:00:00Z,2025-09-10,02:00,2,103.15,0,1.73,73.21,0.85,0.5,0.8,0.41
Londres,LON,GB,51.5074,-0.1278,2025-09-10T03:00:00Z,2025-09-10,03:00,2,103.26,0,1.59,73.84,0.75,0.5,0.81,0.28
Londres,LON,GB,51.5074,-0.1278,2025-09-10T04:00:00Z,2025-09-10,04:00,2,103.51,0,1.64,74.21,0.74,0.5,0.78,0.18
Londres,LON,GB,51.5074,-0.1278,2025-09-10T05:00:00Z,2025-09-10,05:00,2,104.27,0,1.89,73.83,0.83,0.5,0.79,0.12
Londres,LON,GB,51.5074,-0.1278,2025-09-10T06:00:00Z,2025-09-10,06:00,2,105.67,0,2.18,72.68,0.93,0.54,0.87,0.11
Londres,LON,GB,51.5074,-0.1278,2025-09-10T07:00:00Z,2025-09-10,07:00,2,108.65,0,2.44,71.58,1.04,0.65,1.06,0.13
Londres,LON,GB,51.5074,-0.1278,2025-09-10T08:00:00Z,2025-09-10,08:00,2,113.74,0.01,2.59,72.17,1.11,0.82,1.27,0.16
Londres,LON,GB,51.5074,-0.1278,2025-09-10T09:00:00Z,2025-09-10,09:00,2,118.45,0.03,2.68,72.67,1.13,0.98,1.45,0.17
Londres,LON,GB,51.5074,-0.1278,2025-09-10T10:00:00Z,2025-09-10,10:00,2,121.36,0.06,2.95,72.4,1.28,1.08,1.58,0.18
Londres,LON,GB,51.5074,-0.1278,2025-09-10T11:00:00Z,2025-09-10,11:00,2,121.23,0.11,3.31,70.64,1.45,1.12,1.64,0.17
Londres,LON,GB,51.5074,-0.1278,2025-09-10T12:00:00Z,2025-09-10,12:00,2,119.74,0.16,3.42,69.12,1.52,1.1,1.62,0.15
Londres,LON,GB,51.5074,-0.1278,2025-09-10T13:00:00Z,2025-09-10,13:00,2,118.01,0.16,3.4,68.34,1.52,1.06,1.6,0.13
Londres,LON,GB,51.5074,-0.1278,2025-09-10T14:00:00Z,2025-09-10,14:00,2,118.38,0.13,3.34,68.91,1.49,1.07,1.64,0.13
Londres,LON,GB,51.5074,-0.1278,2025-09-10T15:00:00Z,2025-09-10,15:00,2,121.47,0.1,3.32,70.27,1.45,1.09,1.7,0.14
Londres,LON,GB,51.5074,-0.1278,2025-09-10T16:00:00Z,2025-09-10,16:00,2,127.31,0.09,3.14,72.75,1.36,1.1,1.75,0.16
Londres,LON,GB,51.5074,-0.1278,2025-09-10T17:00:00Z,2025-09-10,17:00,2,133.16,0.07,3.02,74.8,1.29,1.09,1.92,0.14
Londres,LON,GB,51.5074,-0.1278,2025-09-10T18:00:00Z,2025-09-10,18:00,2,134.68,0.03,3.12,76.08,1.31,1.24,2.46,0.09
Londres,LON,GB,51.5074,-0.1278,2025-09-10T19:00:00Z,2025-09-10,19:00,2,125.28,0,2.95,73.75,1.33,1.88,4.02,0.06
Londres,LON,GB,51.5074,-0.1278,2025-09-10T20:00:00Z,2025-09-10,20:00,2,111.42,0,2.48,64.93,1.26,2.41,5.41,0.1
Londres,LON,GB,51.5074,-0.1278,2025-09-10T21:00:00Z,2025-09-10,21:00,2,118.37,0,2.12,64.83,1.1,2.18,5.39,0.16
Londres,LON,GB,51.5074,-0.1278,2025-09-10T22:00:00Z,2025-09-10,22:00,2,136.26,0,1.8,73.63,0.95,1.75,4.86,0.18
Londres,LON,GB,51.5074,-0.1278,2025-09-10T23:00:00Z,2025-09-10,23:00,2,142.91,0,1.66,77.43,0.9,1.48,4.52,0.16
Londres,LON,GB,51.5074,-0.1278,2025-09-11T00:00:00Z,2025-09-11,00:00,2,140.35,0,1.6,77.21,0.89,1.28,4.11,0.14
Londres,LON,GB,51.5074,-0.1278,2025-09-11T01:00:00Z,2025-09-11,01:00,2,140.59,0,1.54,78.01,0.86,1.09,3.41,0.12
Londres,LON,GB,51.5074,-0.1278,2025-09-11T02:00:00Z,2025-09-11,02:00,2,146.34,0,1.5,81.32,0.84,0.99,2.92,0.1
Londres,LON,GB,51.5074,-0.1278,2025-09-11T03:00:00Z,2025-09-11,03:00,2,147.57,0,1.51,83.01,0.85,1.03,2.8,0.09
Londres,LON,GB,51.5074,-0.1278,2025-09-11T04:00:00Z,2025-09-11,04:00,2,140,0,1.54,82.56,0.86,1.14,2.9,0.07
Londres,LON,GB,51.5074,-0.1278,2025-09-11T05:00:00Z,2025-09-11,05:00,2,130.77,0,1.63,80.75,0.9,1.29,3,0.05
Londres,LON,GB,51.5074,-0.1278,2025-09-11T06:00:00Z,2025-09-11,06:00,2,126.24,0,1.7,78.86,0.93,1.45,3.13,0.03
Londres,LON,GB,51.5074,-0.1278,2025-09-11T07:00:00Z,2025-09-11,07:00,2,124.85,0.02,2.01,76.7,1.07,1.56,3.16,0.03
Londres,LON,GB,51.5074,-0.1278,2025-09-11T08:00:00Z,2025-09-11,08:00,2,124.61,0.11,2.26,74.66,1.18,1.59,3.31,0.03
Londres,LON,GB,51.5074,-0.1278,2025-09-11T09:00:00Z,2025-09-11,09:00,2,122.74,0.25,2.14,73.15,1.24,1.57,3.58,0.03
Londres,LON,GB,51.5074,-0.1278,2025-09-11T10:00:00Z,2025-09-11,10:00,2,118.56,0.32,1.84,71.98,1.24,1.63,4.17,0.03
Londres,LON,GB,51.5074,-0.1278,2025-09-11T11:00:00Z,2025-09-11,11:00,2,115.09,0.29,1.5,72.1,1.18,1.63,4.67,0.03
Londres,LON,GB,51.5074,-0.1278,2025-09-11T12:00:00Z,2025-09-11,12:00,2,114.98,0.26,1.26,71.28,1.09,1.57,4.73,0.03
Londres,LON,GB,51.5074,-0.1278,2025-09-11T13:00:00Z,2025-09-11,13:00,2,120.89,0.23,1.04,68.67,0.94,1.39,4.22,0.03
Londres,LON,GB,51.5074,-0.1278,2025-09-11T14:00:00Z,2025-09-11,14:00,2,128.75,0.22,0.97,66.45,0.87,1.23,3.79,0.03
Londres,LON,GB,51.5074,-0.1278,2025-09-11T15:00:00Z,2025-09-11,15:00,2,130.35,0.21,0.99,67.1,0.85,1.13,3.59,0.04
Londres,LON,GB,51.5074,-0.1278,2025-09-11T16:00:00Z,2025-09-11,16:00,2,124.84,0.17,1.07,68.72,0.84,1.05,3.37,0.04
Londres,LON,GB,51.5074,-0.1278,2025-09-11T17:00:00Z,2025-09-11,17:00,2,119.29,0.1,1.25,69.36,0.85,0.99,3.15,0.04
Londres,LON,GB,51.5074,-0.1278,2025-09-11T18:00:00Z,2025-09-11,18:00,2,116.81,0.03,1.46,68.99,0.87,0.97,3.09,0.04
Londres,LON,GB,51.5074,-0.1278,2025-09-11T19:00:00Z,2025-09-11,19:00,2,114.27,0,1.55,68.03,0.88,0.96,3.05,0.04
Londres,LON,GB,51.5074,-0.1278,2025-09-11T20:00:00Z,2025-09-11,20:00,2,110.66,0,1.58,68.6,0.88,0.94,3.05,0.04
Londres,LON,GB,51.5074,-0.1278,2025-09-11T21:00:00Z,2025-09-11,21:00,2,105.4,0,1.58,71.82,0.87,0.92,2.99,0.04
Londres,LON,GB,51.5074,-0.1278,2025-09-11T22:00:00Z,2025-09-11,22:00,2,102.24,0,1.55,74.35,0.86,0.9,2.93,0.04
Londres,LON,GB,51.5074,-0.1278,2025-09-11T23:00:00Z,2025-09-11,23:00,2,103.46,0,1.51,73.98,0.85,0.91,2.99,0.05
Londres,LON,GB,51.5074,-0.1278,2025-09-12T00:00:00Z,2025-09-12,00:00,2,106.77,0,1.49,71.89,0.85,0.93,3.05,0.05
Londres,LON,GB,51.5074,-0.1278,2025-09-12T01:00:00Z,2025-09-12,01:00,2,109.64,0,1.44,70.19,0.83,0.93,3.05,0.06
Londres,LON,GB,51.5074,-0.1278,2025-09-12T02:00:00Z,2025-09-12,02:00,2,111.25,0,1.4,69.68,0.82,0.91,2.97,0.06
Londres,LON,GB,51.5074,-0.1278,2025-09-12T03:00:00Z,2025-09-12,03:00,2,112.67,0,1.37,69.79,0.8,0.86,2.79,0.06
Londres,LON,GB,51.5074,-0.1278,2025-09-12T04:00:00Z,2025-09-12,04:00,2,113.22,0,1.35,70.1,0.79,0.82,2.67,0.06
Londres,LON,GB,51.5074,-0.1278,2025-09-12T05:00:00Z,2025-09-12,05:00,2,113.36,0,1.38,70.7,0.81,0.8,2.59,0.06
Londres,LON,GB,51.5074,-0.1278,2025-09-12T06:00:00Z,2025-09-12,06:00,2,112.58,0,1.43,71.45,0.83,0.78,2.51,0.06
Londres,LON,GB,51.5074,-0.1278,2025-09-12T07:00:00Z,2025-09-12,07:00,2,111.11,0.02,1.5,72.68,0.86,0.75,2.32,0.05
Londres,LON,GB,51.5074,-0.1278,2025-09-12T08:00:00Z,2025-09-12,08:00,2,109.86,0.1,1.5,74.39,0.87,0.73,2.16,0.04
Londres,LON,GB,51.5074,-0.1278,2025-09-12T09:00:00Z,2025-09-12,09:00,2,109.8,0.16,1.47,76.11,0.89,0.73,2.11,0.03
Londres,LON,GB,51.5074,-0.1278,2025-09-12T10:00:00Z,2025-09-12,10:00,2,109.62,0.19,1.41,78.06,0.91,0.74,2.08,0.03
Londres,LON,GB,51.5074,-0.1278,2025-09-12T11:00:00Z,2025-09-12,11:00,2,110.42,0.2,1.33,80.56,0.93,0.8,2.21,0.02
Londres,LON,GB,51.5074,-0.1278,2025-09-12T12:00:00Z,2025-09-12,12:00,2,110.95,0.19,1.26,83.22,0.95,0.88,2.41,0.02
Londres,LON,GB,51.5074,-0.1278,2025-09-12T13:00:00Z,2025-09-12,13:00,2,111.41,0.19,1.18,85.2,0.95,0.99,2.7,0.02
Londres,LON,GB,51.5074,-0.1278,2025-09-12T14:00:00Z,2025-09-12,14:00,2,111.53,0.2,1.12,86.1,0.95,1.05,2.89,0.02
Londres,LON,GB,51.5074,-0.1278,2025-09-12T15:00:00Z,2025-09-12,15:00,2,111.46,0.2,1.12,86.13,0.95,1.04,2.97,0.02
Londres,LON,GB,51.5074,-0.1278,2025-09-12T16:00:00Z,2025-09-12,16:00,2,111.72,0.16,1.25,85.58,0.96,0.97,2.89,0.02
Londres,LON,GB,51.5074,-0.1278,2025-09-12T17:00:00Z,2025-09-12,17:00,2,111.38,0.07,1.48,84.2,0.95,0.83,2.45,0.02
Londres,LON,GB,51.5074,-0.1278,2025-09-12T18:00:00Z,2025-09-12,18:00,2,110.85,0.01,1.66,83.21,0.93,0.66,1.98,0.02
Londres,LON,GB,51.5074,-0.1278,2025-09-12T19:00:00Z,2025-09-12,19:00,2,111.25,0,1.76,83.07,0.94,0.52,1.36,0.02
Londres,LON,GB,51.5074,-0.1278,2025-09-12T20:00:00Z,2025-09-12,20:00,2,112.03,0,1.91,83.22,0.94,0.52,1.14,0.02
Londres,LON,GB,51.5074,-0.1278,2025-09-12T21:00:00Z,2025-09-12,21:00,2,112.99,0,2.05,83.54,0.96,0.53,1.11,0.02
Londres,LON,GB,51.5074,-0.1278,2025-09-12T22:00:00Z,2025-09-12,22:00,2,112.04,0,2.1,83.11,0.94,0.56,1.11,0.02
Londres,LON,GB,51.5074,-0.1278,2025-09-12T23:00:00Z,2025-09-12,23:00,2,111.4,0,2.08,83.42,0.92,0.6,1.21,0.02
Londres,LON,GB,51.5074,-0.1278,2025-09-13T00:00:00Z,2025-09-13,00:00,2,110.48,0,2,84.29,0.9,0.65,1.37,0.02
Londres,LON,GB,51.5074,-0.1278,2025-09-13T01:00:00Z,2025-09-13,01:00,2,109.02,0,1.92,85.49,0.89,0.72,1.6,0.02
Londres,LON,GB,51.5074,-0.1278,2025-09-13T02:00:00Z,2025-09-13,02:00,2,107.65,0,1.87,86.77,0.9,0.76,1.78,0.03
Londres,LON,GB,51.5074,-0.1278,2025-09-13T03:00:00Z,2025-09-13,03:00,2,106.84,0,1.83,86.63,0.89,0.74,1.85,0.03
Londres,LON,GB,51.5074,-0.1278,2025-09-13T04:00:00Z,2025-09-13,04:00,2,107.05,0,1.83,85.08,0.87,0.72,1.83,0.03
Londres,LON,GB,51.5074,-0.1278,2025-09-13T05:00:00Z,2025-09-13,05:00,2,107.07,0,1.86,82.43,0.87,0.7,1.74,0.03
Londres,LON,GB,51.5074,-0.1278,2025-09-13T06:00:00Z,2025-09-13,06:00,2,107.01,0,1.91,80.33,0.89,0.74,1.75,0.03
Londres,LON,GB,51.5074,-0.1278,2025-09-13T07:00:00Z,2025-09-13,07:00,2,106.53,0.02,1.97,79.85,0.9,0.78,1.78,0.03
Londres,LON,GB,51.5074,-0.1278,2025-09-13T08:00:00Z,2025-09-13,08:00,2,105.73,0.12,1.91,80.74,0.9,0.81,1.83,0.02
Londres,LON,GB,51.5074,-0.1278,2025-09-13T09:00:00Z,2025-09-13,09:00,2,104.66,0.22,1.77,81.71,0.91,0.82,1.9,0.02
Londres,LON,GB,51.5074,-0.1278,2025-09-13T10:00:00Z,2025-09-13,10:00,2,103.95,0.27,1.58,82.67,0.92,0.86,2.01,0.02
Londres,LON,GB,51.5074,-0.1278,2025-09-13T11:00:00Z,2025-09-13,11:00,2,102.86,0.28,1.38,83.55,0.92,0.88,2.13,0.02
Londres,LON,GB,51.5074,-0.1278,2025-09-13T12:00:00Z,2025-09-13,12:00,2,101.87,0.26,1.21,85.12,0.92,0.92,2.36,0.02
Londres,LON,GB,51.5074,-0.1278,2025-09-13T13:00:00Z,2025-09-13,13:00,2,101.25,0.24,1.11,87.33,0.94,1.02,2.78,0.02
Londres,LON,GB,51.5074,-0.1278,2025-09-13T14:00:00Z,2025-09-13,14:00,2,100.27,0.21,1.09,90.24,0.98,1.13,3.3,0.02
Londres,LON,GB,51.5074,-0.1278,2025-09-13T15:00:00Z,2025-09-13,15:00,2,99.38,0.19,1.14,92.92,1.01,1.22,3.76,0.03
Londres,LON,GB,51.5074,-0.1278,2025-09-13T16:00:00Z,2025-09-13,16:00,2,99,0.15,1.24,94.14,1,1.21,3.85,0.05
Londres,LON,GB,51.5074,-0.1278,2025-09-13T17:00:00Z,2025-09-13,17:00,2,99.11,0.09,1.41,92.76,0.99,1.11,3.51,0.07
Londres,LON,GB,51.5074,-0.1278,2025-09-13T18:00:00Z,2025-09-13,18:00,2,99.4,0.02,1.6,90.04,0.99,0.99,3.05,0.08
Londres,LON,GB,51.5074,-0.1278,2025-09-13T19:00:00Z,2025-09-13,19:00,2,99.64,0,1.69,87.44,1,0.88,2.55,0.1
Londres,LON,GB,51.5074,-0.1278,2025-09-13T20:00:00Z,2025-09-13,20:00,2,100.01,0,1.74,86.35,1,0.8,2.21,0.11
Londres,LON,GB,51.5074,-0.1278,2025-09-13T21:00:00Z,2025-09-13,21:00,2,100.01,0,1.77,85.96,1,0.74,1.99,0.11
Londres,LON,GB,51.5074,-0.1278,2025-09-13T22:00:00Z,2025-09-13,22:00,2,99.79,0,1.83,86.01,1.02,0.73,1.98,0.12
Londres,LON,GB,51.5074,-0.1278,2025-09-13T23:00:00Z,2025-09-13,23:00,2,99.54,0,1.96,86.5,1.11,0.77,2.1,0.12
Londres,LON,GB,51.5074,-0.1278,2025-09-14T00:00:00Z,2025-09-14,00:00,2,99.39,0,2.12,86.76,1.2,0.8,2.23,0.14
Londres,LON,GB,51.5074,-0.1278,2025-09-14T01:00:00Z,2025-09-14,01:00,2,99.32,0,2.32,87.25,1.33,0.82,2.31,0.15
Londres,LON,GB,51.5074,-0.1278,2025-09-14T02:00:00Z,2025-09-14,02:00,2,99.06,0,2.66,87.66,1.54,0.83,2.38,0.15
Londres,LON,GB,51.5074,-0.1278,2025-09-14T03:00:00Z,2025-09-14,03:00,2,98.9,0,3.01,88.07,1.76,0.83,2.42,0.15
Londres,LON,GB,51.5074,-0.1278,2025-09-14T04:00:00Z,2025-09-14,04:00,2,98.73,0,3.33,88.63,1.97,0.83,2.44,0.14
Londres,LON,GB,51.5074,-0.1278,2025-09-14T05:00:00Z,2025-09-14,05:00,2,99.11,0,3.59,89.89,2.17,0.85,2.56,0.12
Londres,LON,GB,51.5074,-0.1278,2025-09-14T06:00:00Z,2025-09-14,06:00,2,99.76,0,3.78,90.68,2.35,0.89,2.74,0.09
Londres,LON,GB,51.5074,-0.1278,2025-09-14T07:00:00Z,2025-09-14,07:00,2,101.11,0.01,3.96,89.65,2.47,0.92,2.85,0.1
Londres,LON,GB,51.5074,-0.1278,2025-09-14T08:00:00Z,2025-09-14,08:00,2,102.43,0.07,4.02,86.55,2.46,1,2.9,0.18
Londres,LON,GB,51.5074,-0.1278,2025-09-14T09:00:00Z,2025-09-14,09:00,2,103.12,0.22,3.67,81.88,2.29,1.12,2.88,0.31
Londres,LON,GB,51.5074,-0.1278,2025-09-14T10:00:00Z,2025-09-14,10:00,2,102.99,0.14,3.67,76.7,2.08,1.24,2.67,0.38
Londres,LON,GB,51.5074,-0.1278,2025-09-14T11:00:00Z,2025-09-14,11:00,2,102.16,0.19,3.66,72.02,2.08,1.38,2.63,0.36
Londres,LON,GB,51.5074,-0.1278,2025-09-14T12:00:00Z,2025-09-14,12:00,2,101.24,0.22,3.53,68.45,2.1,1.57,2.9,0.34
Londres,LON,GB,51.5074,-0.1278,2025-09-14T13:00:00Z,2025-09-14,13:00,2,100.86,0.18,3.49,64.74,1.97,1.68,3.08,0.38
Londres,LON,GB,51.5074,-0.1278,2025-09-14T14:00:00Z,2025-09-14,14:00,2,100.38,0.17,3.6,60.26,1.69,1.6,2.92,0.45
Londres,LON,GB,51.5074,-0.1278,2025-09-14T15:00:00Z,2025-09-14,15:00,1,101.08,0.15,4.04,56.38,1.52,1.57,2.84,0.52
Londres,LON,GB,51.5074,-0.1278,2025-09-14T16:00:00Z,2025-09-14,16:00,1,100.46,0.12,4.39,56.86,1.53,2.22,3.68,0.45
Londres,LON,GB,51.5074,-0.1278,2025-09-14T17:00:00Z,2025-09-14,17:00,2,91.03,0.04,3.96,66.52,1.54,4.34,6.57,0.22
Londres,LON,GB,51.5074,-0.1278,2025-09-14T18:00:00Z,2025-09-14,18:00,2,83.25,0,3.14,76.84,1.45,5.23,8.19,0.1
Londres,LON,GB,51.5074,-0.1278,2025-09-14T19:00:00Z,2025-09-14,19:00,2,81.78,0,2.72,80.2,1.32,4.21,6.92,0.07
Londres,LON,GB,51.5074,-0.1278,2025-09-14T20:00:00Z,2025-09-14,20:00,2,81.2,0,2.55,80.56,1.24,3.73,6.33,0.05
Londres,LON,GB,51.5074,-0.1278,2025-09-14T21:00:00Z,2025-09-14,21:00,2,81.43,0,2.46,80.76,1.23,3.93,6.98,0.02
Londres,LON,GB,51.5074,-0.1278,2025-09-14T22:00:00Z,2025-09-14,22:00,2,83.68,0,2.35,80.53,1.28,4.52,8.91,0.02
Londres,LON,GB,51.5074,-0.1278,2025-09-14T23:00:00Z,2025-09-14,23:00,2,90.04,0,2.19,77.95,1.32,5.11,11.49,0.01
Londres,LON,GB,51.5074,-0.1278,2025-09-15T00:00:00Z,2025-09-15,00:00,2,95.78,0,2.03,75.9,1.31,5.24,13.41,0.02
Londres,LON,GB,51.5074,-0.1278,2025-09-15T01:00:00Z,2025-09-15,01:00,2,97.42,0,1.73,78.23,1.16,4.54,12.48,0.02
Londres,LON,GB,51.5074,-0.1278,2025-09-15T02:00:00Z,2025-09-15,02:00,2,99.03,0,1.54,82.16,1.04,3.58,10.4,0.02
Londres,LON,GB,51.5074,-0.1278,2025-09-15T03:00:00Z,2025-09-15,03:00,2,100.81,0,1.44,82.6,0.97,2.96,9.12,0.02
Londres,LON,GB,51.5074,-0.1278,2025-09-15T04:00:00Z,2025-09-15,04:00,2,101.59,0,1.35,81.4,0.91,2.58,8.23,0.03
Londres,LON,GB,51.5074,-0.1278,2025-09-15T05:00:00Z,2025-09-15,05:00,2,102.44,0,1.31,82.75,0.89,2.48,8.14,0.03
Londres,LON,GB,51.5074,-0.1278,2025-09-15T06:00:00Z,2025-09-15,06:00,2,103.56,0,1.28,84.33,0.88,2.49,8.44,0.03
Londres,LON,GB,51.5074,-0.1278,2025-09-15T07:00:00Z,2025-09-15,07:00,2,104.22,0.01,1.27,83.96,0.88,2.48,8.48,0.03
Londres,LON,GB,51.5074,-0.1278,2025-09-15T08:00:00Z,2025-09-15,08:00,2,104.24,0.07,1.21,82.11,0.88,2.42,8.13,0.03
Londres,LON,GB,51.5074,-0.1278,2025-09-15T09:00:00Z,2025-09-15,09:00,2,103.99,0.14,1.09,80.88,0.87,2.34,7.59,0.03
Londres,LON,GB,51.5074,-0.1278,2025-09-15T10:00:00Z,2025-09-15,10:00,2,103.48,0.16,0.99,80.21,0.85,2.27,7.1,0.03
Londres,LON,GB,51.5074,-0.1278,2025-09-15T11:00:00Z,2025-09-15,11:00,2,103.08,0.17,0.94,79.78,0.84,2.14,6.6,0.03
Londres,LON,GB,51.5074,-0.1278,2025-09-15T12:00:00Z,2025-09-15,12:00,2,102.68,0.16,0.91,79.36,0.85,2.05,6.4,0.03
Londres,LON,GB,51.5074,-0.1278,2025-09-15T13:00:00Z,2025-09-15,13:00,2,102.54,0.16,0.9,78.69,0.84,1.99,6.03,0.03
Londres,LON,GB,51.5074,-0.1278,2025-09-15T14:00:00Z,2025-09-15,14:00,2,102.93,0.16,0.89,76.68,0.82,1.95,5.72,0.03
Londres,LON,GB,51.5074,-0.1278,2025-09-15T15:00:00Z,2025-09-15,15:00,2,103.78,0.15,0.89,74.13,0.8,1.86,5.54,0.04
Londres,LON,GB,51.5074,-0.1278,2025-09-15T16:00:00Z,2025-09-15,16:00,2,107.18,0.13,0.96,71.89,0.79,1.66,5.26,0.05
Londres,LON,GB,51.5074,-0.1278,2025-09-15T17:00:00Z,2025-09-15,17:00,2,113.03,0.08,1.09,70.5,0.77,1.45,4.84,0.07
Londres,LON,GB,51.5074,-0.1278,2025-09-15T18:00:00Z,2025-09-15,18:00,2,116.24,0.02,1.24,69.34,0.76,1.35,4.61,0.09
Londres,LON,GB,51.5074,-0.1278,2025-09-15T19:00:00Z,2025-09-15,19:00,2,115.77,0,1.3,68.21,0.77,1.33,4.8,0.11
Londres,LON,GB,51.5074,-0.1278,2025-09-15T20:00:00Z,2025-09-15,20:00,2,114.53,0,1.36,67.5,0.79,1.43,5.38,0.13
Londres,LON,GB,51.5074,-0.1278,2025-09-15T21:00:00Z,2025-09-15,21:00,2,114.19,0,1.4,67.73,0.82,1.58,6,0.14
Londres,LON,GB,51.5074,-0.1278,2025-09-15T22:00:00Z,2025-09-15,22:00,2,114.87,0,1.42,68.12,0.85,1.7,6.67,0.15
Londres,LON,GB,51.5074,-0.1278,2025-09-15T23:00:00Z,2025-09-15,23:00,2,116.93,0,1.45,68.44,0.88,1.78,7.14,0.16
Londres,LON,GB,51.5074,-0.1278,2025-09-16T00:00:00Z,2025-09-16,00:00,2,119.27,0,1.48,68.6,0.91,1.8,7.25,0.17
Londres,LON,GB,51.5074,-0.1278,2025-09-16T01:00:00Z,2025-09-16,01:00,2,121.02,0,1.49,68.18,0.9,1.75,6.84,0.17
Londres,LON,GB,51.5074,-0.1278,2025-09-16T02:00:00Z,2025-09-16,02:00,2,122.81,0,1.49,67.98,0.89,1.65,5.94,0.16
Londres,LON,GB,51.5074,-0.1278,2025-09-16T03:00:00Z,2025-09-16,03:00,2,124.06,0,1.49,67.93,0.87,1.46,4.91,0.14
Londres,LON,GB,51.5074,-0.1278,2025-09-16T04:00:00Z,2025-09-16,04:00,2,125.13,0,1.47,68.2,0.85,1.23,4.13,0.14
Londres,LON,GB,51.5074,-0.1278,2025-09-16T05:00:00Z,2025-09-16,05:00,2,125.95,0,1.46,68.56,0.84,1.02,3.51,0.15
Londres,LON,GB,51.5074,-0.1278,2025-09-16T06:00:00Z,2025-09-16,06:00,2,126.31,0,1.45,68.84,0.83,0.85,2.97,0.16
Londres,LON,GB,51.5074,-0.1278,2025-09-16T07:00:00Z,2025-09-16,07:00,2,125.93,0.01,1.48,68.81,0.85,0.74,2.69,0.18
Londres,LON,GB,51.5074,-0.1278,2025-09-16T08:00:00Z,2025-09-16,08:00,2,125.47,0.05,1.57,68.54,0.9,0.67,2.49,0.2
Londres,LON,GB,51.5074,-0.1278,2025-09-16T09:00:00Z,2025-09-16,09:00,2,124.82,0.06,1.68,68.11,0.94,0.62,2.25,0.22
Londres,LON,GB,51.5074,-0.1278,2025-09-16T10:00:00Z,2025-09-16,10:00,2,124.11,0.08,1.75,67.73,0.97,0.56,1.98,0.22
Londres,LON,GB,51.5074,-0.1278,2025-09-16T11:00:00Z,2025-09-16,11:00,2,124.17,0.11,1.79,67.95,1,0.53,1.77,0.21
Londres,LON,GB,51.5074,-0.1278,2025-09-16T12:00:00Z,2025-09-16,12:00,2,124.33,0.16,1.79,68.73,1.04,0.52,1.68,0.23
Londres,LON,GB,51.5074,-0.1278,2025-09-16T13:00:00Z,2025-09-16,13:00,2,124.57,0.16,1.83,69.81,1.09,0.52,1.67,0.25
Londres,LON,GB,51.5074,-0.1278,2025-09-16T14:00:00Z,2025-09-16,14:00,2,124.72,0.15,1.96,70.9,1.13,0.54,1.78,0.25
Londres,LON,GB,51.5074,-0.1278,2025-09-16T15:00:00Z,2025-09-16,15:00,2,124.04,0.12,2.11,72.14,1.2,0.59,1.97,0.22
Londres,LON,GB,51.5074,-0.1278,2025-09-16T16:00:00Z,2025-09-16,16:00,2,122.56,0.07,2.26,73.4,1.27,0.65,2.25,0.18
Londres,LON,GB,51.5074,-0.1278,2025-09-16T17:00:00Z,2025-09-16,17:00,2,119.82,0.02,2.32,74.36,1.31,0.71,2.51,0.16
Londres,LON,GB,51.5074,-0.1278,2025-09-16T18:00:00Z,2025-09-16,18:00,2,116.52,0,2.31,74.93,1.31,0.77,2.7,0.15
Londres,LON,GB,51.5074,-0.1278,2025-09-16T19:00:00Z,2025-09-16,19:00,2,113.49,0,2.32,75.09,1.33,0.8,2.77,0.14
Londres,LON,GB,51.5074,-0.1278,2025-09-16T20:00:00Z,2025-09-16,20:00,2,110.64,0,2.42,75.18,1.35,0.8,2.61,0.12
Londres,LON,GB,51.5074,-0.1278,2025-09-16T21:00:00Z,2025-09-16,21:00,2,107.7,0,2.51,75.89,1.35,0.76,2.3,0.11
Londres,LON,GB,51.5074,-0.1278,2025-09-16T22:00:00Z,2025-09-16,22:00,2,105.23,0,2.56,77.32,1.33,0.69,1.73,0.07
Londres,LON,GB,51.5074,-0.1278,2025-09-16T23:00:00Z,2025-09-16,23:00,2,103.32,0,2.61,79.47,1.29,0.64,1.33,0.05
Londres,LON,GB,51.5074,-0.1278,2025-09-17T00:00:00Z,2025-09-17,00:00,2,102.24,0,2.67,81.15,1.31,0.63,1.19,0.03
Londres,LON,GB,51.5074,-0.1278,2025-09-17T01:00:00Z,2025-09-17,01:00,2,101.55,0,2.76,82.38,1.35,0.67,1.22,0.02
Londres,LON,GB,51.5074,-0.1278,2025-09-17T02:00:00Z,2025-09-17,02:00,2,101.26,0,2.86,82.53,1.42,0.78,1.44,0.02
Londres,LON,GB,51.5074,-0.1278,2025-09-17T03:00:00Z,2025-09-17,03:00,2,101.34,0,2.88,82.53,1.43,0.94,1.78,0.04
Londres,LON,GB,51.5074,-0.1278,2025-09-17T04:00:00Z,2025-09-17,04:00,2,101.72,0,2.91,83.41,1.46,1.16,2.28,0.11
Londres,LON,GB,51.5074,-0.1278,2025-09-17T05:00:00Z,2025-09-17,05:00,2,101.75,0,2.96,84.7,1.5,1.44,2.9,0.17
Londres,LON,GB,51.5074,-0.1278,2025-09-17T06:00:00Z,2025-09-17,06:00,2,101.42,0,2.96,85.28,1.5,1.65,3.48,0.19
Londres,LON,GB,51.5074,-0.1278,2025-09-17T07:00:00Z,2025-09-17,07:00,2,101.17,0,2.99,84.59,1.58,1.79,4.24,0.21
Londres,LON,GB,51.5074,-0.1278,2025-09-17T08:00:00Z,2025-09-17,08:00,2,100.64,0.02,3.18,83.83,1.75,2.15,5.86,0.28
Londres,LON,GB,51.5074,-0.1278,2025-09-17T09:00:00Z,2025-09-17,09:00,2,100.2,0.06,3.32,84.47,1.94,2.53,7.96,0.34
Londres,LON,GB,51.5074,-0.1278,2025-09-17T10:00:00Z,2025-09-17,10:00,2,100.34,0.27,3.04,86.48,2.09,2.82,9.96,0.38
Londres,LON,GB,51.5074,-0.1278,2025-09-17T11:00:00Z,2025-09-17,11:00,2,100.51,0.35,2.78,88.82,2.17,3.08,11.21,0.36
Londres,LON,GB,51.5074,-0.1278,2025-09-17T12:00:00Z,2025-09-17,12:00,2,100.4,0.38,2.54,91.39,2.17,3.26,11.62,0.33
Londres,LON,GB,51.5074,-0.1278,2025-09-17T13:00:00Z,2025-09-17,13:00,2,100.18,0.33,2.45,93.08,2.14,3.36,11.79,0.32
Londres,LON,GB,51.5074,-0.1278,2025-09-17T14:00:00Z,2025-09-17,14:00,2,99.57,0.28,2.45,94.04,2.12,3.46,11.94,0.32
Londres,LON,GB,51.5074,-0.1278,2025-09-17T15:00:00Z,2025-09-17,15:00,2,98.87,0.22,2.56,94.46,2.11,3.51,11.98,0.32
Londres,LON,GB,51.5074,-0.1278,2025-09-17T16:00:00Z,2025-09-17,16:00,2,98.19,0.16,2.83,93.55,2.11,3.52,11.9,0.3
Londres,LON,GB,51.5074,-0.1278,2025-09-17T17:00:00Z,2025-09-17,17:00,2,97.15,0.1,3.14,91.72,2.11,3.45,11.64,0.25
Londres,LON,GB,51.5074,-0.1278,2025-09-17T18:00:00Z,2025-09-17,18:00,2,96.21,0.03,3.36,89.74,2.1,3.35,11.25,0.2
Londres,LON,GB,51.5074,-0.1278,2025-09-17T19:00:00Z,2025-09-17,19:00,2,95.57,0,3.43,87.94,2.1,3.2,10.69,0.16
Londres,LON,GB,51.5074,-0.1278,2025-09-17T20:00:00Z,2025-09-17,20:00,2,94.78,0,3.5,86.25,2.13,3.02,9.99,0.13
Londres,LON,GB,51.5074,-0.1278,2025-09-17T21:00:00Z,2025-09-17,21:00,2,94.27,0,3.58,84.72,2.15,2.93,9.56,0.1
Londres,LON,GB,51.5074,-0.1278,2025-09-17T22:00:00Z,2025-09-17,22:00,2,93.76,0,3.61,83.42,2.16,2.85,9.14,0.08
Londres,LON,GB,51.5074,-0.1278,2025-09-17T23:00:00Z,2025-09-17,23:00,2,93.15,0,3.63,82.27,2.15,2.77,8.73,0.08
Londres,LON,GB,51.5074,-0.1278,2025-09-18T00:00:00Z,2025-09-18,00:00,2,92.72,0,3.65,81.2,2.14,2.72,8.35,0.09
Londres,LON,GB,51.5074,-0.1278,2025-09-18T01:00:00Z,2025-09-18,01:00,2,92.27,0,3.65,80.19,2.12,2.75,8.21,0.09
Londres,LON,GB,51.5074,-0.1278,2025-09-18T02:00:00Z,2025-09-18,02:00,2,92,0,3.76,79.01,2.17,2.89,8.52,0.08
Londres,LON,GB,51.5074,-0.1278,2025-09-18T03:00:00Z,2025-09-18,03:00,2,91.64,0,3.88,77.76,2.22,3.01,8.94,0.08
Londres,LON,GB,51.5074,-0.1278,2025-09-18T04:00:00Z,2025-09-18,04:00,2,91.28,0,3.97,76.36,2.21,3.04,8.81,0.09
Londres,LON,GB,51.5074,-0.1278,2025-09-18T05:00:00Z,2025-09-18,05:00,2,90.95,0,4.02,74.97,2.15,2.98,8.14,0.1
Londres,LON,GB,51.5074,-0.1278,2025-09-18T06:00:00Z,2025-09-18,06:00,2,90.79,0,3.99,73.82,2.06,2.85,7.33,0.11
Londres,LON,GB,51.5074,-0.1278,2025-09-18T07:00:00Z,2025-09-18,07:00,2,90.36,0.01,4.11,72.75,2.01,2.76,6.48,0.11
Londres,LON,GB,51.5074,-0.1278,2025-09-18T08:00:00Z,2025-09-18,08:00,2,90.49,0.05,4.56,71.6,2.14,2.81,6.3,0.12
Londres,LON,GB,51.5074,-0.1278,2025-09-18T09:00:00Z,2025-09-18,09:00,2,90.62,0.14,4.91,70.52,2.29,2.91,6.4,0.14
Londres,LON,GB,51.5074,-0.1278,2025-09-18T10:00:00Z,2025-09-18,10:00,2,90.65,0.3,4.89,70.08,2.44,2.98,6.7,0.17
Londres,LON,GB,51.5074,-0.1278,2025-09-18T11:00:00Z,2025-09-18,11:00,2,90.95,0.49,4.55,71.04,2.5,3,6.83,0.19
Londres,LON,GB,51.5074,-0.1278,2025-09-18T12:00:00Z,2025-09-18,12:00,2,91.16,0.6,4.13,72.87,2.49,2.98,6.81,0.19
Londres,LON,GB,51.5074,-0.1278,2025-09-18T13:00:00Z,2025-09-18,13:00,2,91.36,0.62,3.74,75.24,2.48,2.98,7.01,0.19
Londres,LON,GB,51.5074,-0.1278,2025-09-18T14:00:00Z,2025-09-18,14:00,2,91.72,0.5,3.87,76.57,2.57,3.07,7.46,0.2
Londres,LON,GB,51.5074,-0.1278,2025-09-18T15:00:00Z,2025-09-18,15:00,2,92.27,0.37,4.23,76.81,2.61,3.08,7.47,0.2
Londres,LON,GB,51.5074,-0.1278,2025-09-18T16:00:00Z,2025-09-18,16:00,2,92.54,0.27,5.03,76.09,2.81,3.01,7.15,0.19
Londres,LON,GB,51.5074,-0.1278,2025-09-18T17:00:00Z,2025-09-18,17:00,2,92.34,0.13,6.15,74.12,3.1,2.97,6.83,0.19
Londres,LON,GB,51.5074,-0.1278,2025-09-18T18:00:00Z,2025-09-18,18:00,2,91.96,0.02,6.83,72.15,3.25,2.92,6.54,0.22
Londres,LON,GB,51.5074,-0.1278,2025-09-18T19:00:00Z,2025-09-18,19:00,2,92.17,0,8.53,69.25,3.99,3.11,6.74,0.24
Londres,LON,GB,51.5074,-0.1278,2025-09-18T20:00:00Z,2025-09-18,20:00,2,93.5,0,12.03,64.81,5.3,3.66,7.7,0.22
Londres,LON,GB,51.5074,-0.1278,2025-09-18T21:00:00Z,2025-09-18,21:00,2,94.84,0,15.8,60.12,6.47,4.32,8.83,0.18
Londres,LON,GB,51.5074,-0.1278,2025-09-18T22:00:00Z,2025-09-18,22:00,1,96.16,0,19.63,54.71,7.37,4.95,9.84,0.15
Londres,LON,GB,51.5074,-0.1278,2025-09-18T23:00:00Z,2025-09-18,23:00,1,97.91,0,23.58,48.3,8.05,5.57,10.59,0.14
Londres,LON,GB,51.5074,-0.1278,2025-09-19T00:00:00Z,2025-09-19,00:00,1,99.94,0,27.14,41.85,8.69,6.13,11.13,0.13
Londres,LON,GB,51.5074,-0.1278,2025-09-19T01:00:00Z,2025-09-19,01:00,1,101.37,0,29.91,35.89,9.1,6.61,11.53,0.15
Londres,LON,GB,51.5074,-0.1278,2025-09-19T02:00:00Z,2025-09-19,02:00,1,102.57,0,30.86,30.79,8.83,6.88,11.66,0.19
Londres,LON,GB,51.5074,-0.1278,2025-09-19T03:00:00Z,2025-09-19,03:00,1,103.22,0.01,29.55,27.11,8.25,6.84,11.35,0.3
Londres,LON,GB,51.5074,-0.1278,2025-09-19T04:00:00Z,2025-09-19,04:00,1,103.36,0.01,26.29,26.51,7.76,6.56,10.78,0.5
Londres,LON,GB,51.5074,-0.1278,2025-09-19T05:00:00Z,2025-09-19,05:00,1,103.54,0.01,23.31,26.96,7.1,6.29,10.37,0.6
Londres,LON,GB,51.5074,-0.1278,2025-09-19T06:00:00Z,2025-09-19,06:00,1,104.19,0.01,20.91,28.22,6.67,6.17,10.23,0.63
Londres,LON,GB,51.5074,-0.1278,2025-09-19T07:00:00Z,2025-09-19,07:00,1,104.72,0.44,18.36,31.06,6.36,6.2,10.29,0.63
Londres,LON,GB,51.5074,-0.1278,2025-09-19T08:00:00Z,2025-09-19,08:00,1,105.42,2.22,14.5,37.01,6.22,6.29,10.39,0.62
Londres,LON,GB,51.5074,-0.1278,2025-09-19T09:00:00Z,2025-09-19,09:00,1,106.3,3.52,11.97,41.95,6.21,6.39,10.43,0.61
Londres,LON,GB,51.5074,-0.1278,2025-09-19T10:00:00Z,2025-09-19,10:00,1,107.43,4.14,10.84,45.1,6.15,6.47,10.43,0.6
Londres,LON,GB,51.5074,-0.1278,2025-09-19T11:00:00Z,2025-09-19,11:00,1,108.73,4.7,10.78,46.21,6.32,6.67,10.56,0.61
Londres,LON,GB,51.5074,-0.1278,2025-09-19T12:00:00Z,2025-09-19,12:00,1,109.85,5.16,11.19,47.16,6.74,7,10.86,0.67
Londres,LON,GB,51.5074,-0.1278,2025-09-19T13:00:00Z,2025-09-19,13:00,1,111.14,5.44,12.01,48.37,7.23,7.52,11.4,0.75
Londres,LON,GB,51.5074,-0.1278,2025-09-19T14:00:00Z,2025-09-19,14:00,1,111.96,5.52,13.32,49.12,7.75,8.23,12.17,0.84
Londres,LON,GB,51.5074,-0.1278,2025-09-19T15:00:00Z,2025-09-19,15:00,1,112.88,5.48,15.22,49,8.5,9.03,12.96,0.92
Londres,LON,GB,51.5074,-0.1278,2025-09-19T16:00:00Z,2025-09-19,16:00,1,114.41,5.04,18.38,47.47,9.56,9.97,13.87,0.96
Londres,LON,GB,51.5074,-0.1278,2025-09-19T17:00:00Z,2025-09-19,17:00,2,115.54,3.28,23.15,44.4,10.31,11.11,15.09,0.9
Londres,LON,GB,51.5074,-0.1278,2025-09-19T18:00:00Z,2025-09-19,18:00,2,116.68,0.64,27.93,41.52,10.57,11.97,16.1,0.86
Londres,LON,GB,51.5074,-0.1278,2025-09-19T19:00:00Z,2025-09-19,19:00,2,117.34,0,28.67,41.61,10.26,12.56,16.66,0.76
Londres,LON,GB,51.5074,-0.1278,2025-09-19T20:00:00Z,2025-09-19,20:00,2,118.15,0,30.17,39.88,10.03,12.86,16.71,0.68
Londres,LON,GB,51.5074,-0.1278,2025-09-19T21:00:00Z,2025-09-19,21:00,2,118.87,0,32.19,37.18,10.18,13.26,16.81,0.6
Londres,LON,GB,51.5074,-0.1278,2025-09-19T22:00:00Z,2025-09-19,22:00,2,119.35,0,33.85,34.97,10.29,13.73,17.07,0.51
Londres,LON,GB,51.5074,-0.1278,2025-09-19T23:00:00Z,2025-09-19,23:00,2,119.4,0,34.34,34.58,9.89,13.88,17.23,0.44
Londres,LON,GB,51.5074,-0.1278,2025-09-20T00:00:00Z,2025-09-20,00:00,2,118.82,0,33.03,35.48,9.23,13.58,17.01,0.51
Londres,LON,GB,51.5074,-0.1278,2025-09-20T01:00:00Z,2025-09-20,01:00,2,118.56,0,30.2,37.98,8.5,13.16,16.62,0.75
Londres,LON,GB,51.5074,-0.1278,2025-09-20T02:00:00Z,2025-09-20,02:00,2,118.81,0,28.44,39.01,8.42,13.07,16.59,0.9
Londres,LON,GB,51.5074,-0.1278,2025-09-20T03:00:00Z,2025-09-20,03:00,2,119.42,0,28.18,38.51,9.11,13.34,16.92,0.94
Londres,LON,GB,51.5074,-0.1278,2025-09-20T04:00:00Z,2025-09-20,04:00,2,119.35,0,28.3,37.03,9.63,13.55,16.87,0.86
Londres,LON,GB,51.5074,-0.1278,2025-09-20T05:00:00Z,2025-09-20,05:00,2,119.41,0,28.12,35.63,9.36,13.37,16.31,0.73
Londres,LON,GB,51.5074,-0.1278,2025-09-20T06:00:00Z,2025-09-20,06:00,2,119.29,0,26.95,34.93,8.64,12.74,15.29,0.65
Londres,LON,GB,51.5074,-0.1278,2025-09-20T07:00:00Z,2025-09-20,07:00,2,118.79,0.07,24.45,35.16,7.76,11.82,14.19,0.63
Londres,LON,GB,51.5074,-0.1278,2025-09-20T08:00:00Z,2025-09-20,08:00,2,117.55,0.62,20.61,36.05,6.75,10.86,13.05,0.59
Londres,LON,GB,51.5074,-0.1278,2025-09-20T09:00:00Z,2025-09-20,09:00,1,116.03,1.58,15,40.9,5.61,9.71,11.7,0.57
Londres,LON,GB,51.5074,-0.1278,2025-09-20T10:00:00Z,2025-09-20,10:00,1,114.04,1.22,9.6,54.78,3.88,8.22,9.94,0.66
Londres,LON,GB,51.5074,-0.1278,2025-09-20T11:00:00Z,2025-09-20,11:00,2,112.58,1.01,7.51,66.74,3.33,7.36,9.04,0.77
Londres,LON,GB,51.5074,-0.1278,2025-09-20T12:00:00Z,2025-09-20,12:00,2,112.19,0.98,6.55,76.9,3.24,7.18,9,0.9
Londres,LON,GB,51.5074,-0.1278,2025-09-20T13:00:00Z,2025-09-20,13:00,2,112.21,0.65,5.86,85.24,2.81,7.54,9.31,0.81
Londres,LON,GB,51.5074,-0.1278,2025-09-20T14:00:00Z,2025-09-20,14:00,2,111.55,0.45,4.99,88.71,2.21,7.56,9.21,0.61
Londres,LON,GB,51.5074,-0.1278,2025-09-20T15:00:00Z,2025-09-20,15:00,2,108.27,0.33,4.3,88.46,1.78,6.63,8.25,0.39
Londres,LON,GB,51.5074,-0.1278,2025-09-20T16:00:00Z,2025-09-20,16:00,2,102.65,0.22,3.41,87.99,1.53,4.91,7.29,0.23
Londres,LON,GB,51.5074,-0.1278,2025-09-20T17:00:00Z,2025-09-20,17:00,2,98.3,0.13,3.14,85.03,1.69,3.74,8.45,0.12
Londres,LON,GB,51.5074,-0.1278,2025-09-20T18:00:00Z,2025-09-20,18:00,2,97.37,0.03,3.37,77.38,1.85,2.93,9.49,0.06
Londres,LON,GB,51.5074,-0.1278,2025-09-20T19:00:00Z,2025-09-20,19:00,2,96.39,0,3.58,68.49,1.77,2.26,8.14,0.07
Londres,LON,GB,51.5074,-0.1278,2025-09-20T20:00:00Z,2025-09-20,20:00,2,97.64,0,3.53,69.46,1.56,1.65,5.76,0.12
Londres,LON,GB,51.5074,-0.1278,2025-09-20T21:00:00Z,2025-09-20,21:00,2,99.81,0,3.31,75.6,1.38,1.24,4.12,0.19
Londres,LON,GB,51.5074,-0.1278,2025-09-20T22:00:00Z,2025-09-20,22:00,2,100.15,0,3.07,78.23,1.26,1.01,3.21,0.25
Londres,LON,GB,51.5074,-0.1278,2025-09-20T23:00:00Z,2025-09-20,23:00,2,100.11,0,3.07,78.03,1.3,0.88,2.68,0.3
Londres,LON,GB,51.5074,-0.1278,2025-09-21T00:00:00Z,2025-09-21,00:00,2,100.63,0,3.17,76.89,1.39,0.75,2.17,0.37
Londres,LON,GB,51.5074,-0.1278,2025-09-21T01:00:00Z,2025-09-21,01:00,2,100.83,0,3.22,75.71,1.44,0.61,1.64,0.43
Londres,LON,GB,51.5074,-0.1278,2025-09-21T02:00:00Z,2025-09-21,02:00,2,101.99,0,3.17,75.91,1.43,0.51,1.24,0.44
Londres,LON,GB,51.5074,-0.1278,2025-09-21T03:00:00Z,2025-09-21,03:00,2,103.16,0,3.12,75.56,1.41,0.5,0.99,0.41
Londres,LON,GB,51.5074,-0.1278,2025-09-21T04:00:00Z,2025-09-21,04:00,2,104.42,0,3.15,74.26,1.44,0.5,0.84,0.37
Londres,LON,GB,51.5074,-0.1278,2025-09-21T05:00:00Z,2025-09-21,05:00,2,106.25,0,3.58,72.22,1.68,0.5,0.83,0.39
Londres,LON,GB,51.5074,-0.1278,2025-09-21T06:00:00Z,2025-09-21,06:00,2,107.9,0,4.22,69.7,2,0.5,0.88,0.45
Londres,LON,GB,51.5074,-0.1278,2025-09-21T07:00:00Z,2025-09-21,07:00,2,108.58,0.08,5,66.82,2.33,0.52,0.94,0.52
Londres,LON,GB,51.5074,-0.1278,2025-09-21T08:00:00Z,2025-09-21,08:00,2,109.4,0.57,5.28,65.25,2.65,0.58,1.06,0.57
Londres,LON,GB,51.5074,-0.1278,2025-09-21T09:00:00Z,2025-09-21,09:00,2,109.95,1.11,5,65.2,2.77,0.66,1.16,0.56
Londres,LON,GB,51.5074,-0.1278,2025-09-21T10:00:00Z,2025-09-21,10:00,2,109.32,1.29,4.67,66.01,2.65,0.73,1.26,0.52
Londres,LON,GB,51.5074,-0.1278,2025-09-21T11:00:00Z,2025-09-21,11:00,2,108.9,1.32,4.48,67.91,2.57,0.84,1.47,0.5
Londres,LON,GB,51.5074,-0.1278,2025-09-21T12:00:00Z,2025-09-21,12:00,2,108.57,1.32,4.49,69.9,2.69,1.05,1.89,0.52
Londres,LON,GB,51.5074,-0.1278,2025-09-21T13:00:00Z,2025-09-21,13:00,2,108.41,0.77,5.21,72.02,2.81,1.25,2.34,0.53
Londres,LON,GB,51.5074,-0.1278,2025-09-21T14:00:00Z,2025-09-21,14:00,2,107.29,0.43,5.4,73.87,2.78,1.32,2.57,0.53
Londres,LON,GB,51.5074,-0.1278,2025-09-21T15:00:00Z,2025-09-21,15:00,2,106.64,0.18,5.5,74.61,2.75,1.32,2.67,0.54
Londres,LON,GB,51.5074,-0.1278,2025-09-21T16:00:00Z,2025-09-21,16:00,2,106.35,0.05,5.37,76.2,2.67,1.26,2.64,0.57
Londres,LON,GB,51.5074,-0.1278,2025-09-21T17:00:00Z,2025-09-21,17:00,2,105.4,0.02,5.09,77.61,2.54,1.13,2.43,0.6
Londres,LON,GB,51.5074,-0.1278,2025-09-21T18:00:00Z,2025-09-21,18:00,2,104.36,0,4.84,79.17,2.4,1.01,2.25,0.64
Londres,LON,GB,51.5074,-0.1278,2025-09-21T19:00:00Z,2025-09-21,19:00,2,104.03,0,4.64,80.7,2.22,0.89,2.06,0.7
Londres,LON,GB,51.5074,-0.1278,2025-09-21T20:00:00Z,2025-09-21,20:00,2,104.23,0,4.67,80.23,2.07,0.78,1.89,0.79
Londres,LON,GB,51.5074,-0.1278,2025-09-21T21:00:00Z,2025-09-21,21:00,2,105.36,0,4.82,77.46,2.03,0.74,1.92,0.92
Londres,LON,GB,51.5074,-0.1278,2025-09-21T22:00:00Z,2025-09-21,22:00,2,105.91,0,4.75,74.82,1.95,0.73,1.99,1.04
Londres,LON,GB,51.5074,-0.1278,2025-09-21T23:00:00Z,2025-09-21,23:00,2,107,0,4.5,73.4,1.83,0.73,2.09,1.09
Londres,LON,GB,51.5074,-0.1278,2025-09-22T00:00:00Z,2025-09-22,00:00,2,107.72,0,4.06,73.66,1.66,0.74,2.2,0.99
Londres,LON,GB,51.5074,-0.1278,2025-09-22T01:00:00Z,2025-09-22,01:00,2,107,0,3.68,73.16,1.54,0.75,2.36,0.81
Londres,LON,GB,51.5074,-0.1278,2025-09-22T02:00:00Z,2025-09-22,02:00,2,106.51,0,3.49,72.39,1.52,0.8,2.66,0.66
Londres,LON,GB,51.5074,-0.1278,2025-09-22T03:00:00Z,2025-09-22,03:00,2,106.2,0,3.29,72.1,1.51,0.83,2.84,0.53
Londres,LON,GB,51.5074,-0.1278,2025-09-22T04:00:00Z,2025-09-22,04:00,2,106.41,0,3.66,70.66,1.78,0.94,3.28,0.5
Londres,LON,GB,51.5074,-0.1278,2025-09-22T05:00:00Z,2025-09-22,05:00,2,107.62,0,4.09,69.99,2.06,1.05,3.64,0.48
Londres,LON,GB,51.5074,-0.1278,2025-09-22T06:00:00Z,2025-09-22,06:00,2,108.27,0,4.32,70.45,2.16,1.09,3.77,0.45
Londres,LON,GB,51.5074,-0.1278,2025-09-22T07:00:00Z,2025-09-22,07:00,2,108.32,0.06,4.76,70.88,2.23,1.13,3.87,0.41
Londres,LON,GB,51.5074,-0.1278,2025-09-22T08:00:00Z,2025-09-22,08:00,2,108.52,0.46,5.04,71.85,2.36,1.19,4.05,0.4
Londres,LON,GB,51.5074,-0.1278,2025-09-22T09:00:00Z,2025-09-22,09:00,2,108.72,0.99,5.2,73.07,2.49,1.27,4.2,0.41
Londres,LON,GB,51.5074,-0.1278,2025-09-22T10:00:00Z,2025-09-22,10:00,2,107.29,1.02,4.24,76.85,2.11,1.17,3.84,0.35
Londres,LON,GB,51.5074,-0.1278,2025-09-22T11:00:00Z,2025-09-22,11:00,2,106.58,1.02,3.96,78.76,2.15,1.2,3.81,0.37
Londres,LON,GB,51.5074,-0.1278,2025-09-22T12:00:00Z,2025-09-22,12:00,2,105.22,0.89,3.5,81.31,2.15,1.23,3.75,0.39
Londres,LON,GB,51.5074,-0.1278,2025-09-22T13:00:00Z,2025-09-22,13:00,2,104.28,0.64,2.78,85.63,1.95,1.19,3.42,0.37
Londres,LON,GB,51.5074,-0.1278,2025-09-22T14:00:00Z,2025-09-22,14:00,2,102.63,0.45,2.28,88.53,1.72,1.09,2.98,0.35
Londres,LON,GB,51.5074,-0.1278,2025-09-22T15:00:00Z,2025-09-22,15:00,2,101.36,0.35,2.25,89.51,1.65,0.99,2.65,0.37
Londres,LON,GB,51.5074,-0.1278,2025-09-22T16:00:00Z,2025-09-22,16:00,2,101.29,0.29,2.66,89.68,1.72,0.9,2.44,0.42
Londres,LON,GB,51.5074,-0.1278,2025-09-22T17:00:00Z,2025-09-22,17:00,2,101.29,0.18,3.54,88.65,1.91,0.86,2.43,0.5
Londres,LON,GB,51.5074,-0.1278,2025-09-22T18:00:00Z,2025-09-22,18:00,2,101.38,0.03,4.55,86.82,2.15,0.86,2.53,0.59
Londres,LON,GB,51.5074,-0.1278,2025-09-22T19:00:00Z,2025-09-22,19:00,2,101.93,0,5.25,84.98,2.38,0.89,2.68,0.69
Londres,LON,GB,51.5074,-0.1278,2025-09-22T20:00:00Z,2025-09-22,20:00,2,102.57,0,5.7,83.85,2.51,0.91,2.81,0.79
Londres,LON,GB,51.5074,-0.1278,2025-09-22T21:00:00Z,2025-09-22,21:00,2,103.31,0,5.68,83.52,2.48,0.91,2.84,0.85
Londres,LON,GB,51.5074,-0.1278,2025-09-22T22:00:00Z,2025-09-22,22:00,2,103.18,0,5.24,83.96,2.31,0.89,2.79,0.85
Londres,LON,GB,51.5074,-0.1278,2025-09-22T23:00:00Z,2025-09-22,23:00,2,103.58,0,4.89,84.78,2.18,0.89,2.74,0.83
Londres,LON,GB,51.5074,-0.1278,2025-09-23T00:00:00Z,2025-09-23,00:00,2,103.89,0,4.64,85.12,2.11,0.91,2.7,0.78
Londres,LON,GB,51.5074,-0.1278,2025-09-23T01:00:00Z,2025-09-23,01:00,2,103.82,0,4.5,84.65,2.12,0.94,2.68,0.73
Londres,LON,GB,51.5074,-0.1278,2025-09-23T02:00:00Z,2025-09-23,02:00,2,104.3,0,4.58,83.85,2.23,1,2.79,0.7
Londres,LON,GB,51.5074,-0.1278,2025-09-23T03:00:00Z,2025-09-23,03:00,2,104.78,0,4.7,83.05,2.37,1.09,2.96,0.67
Londres,LON,GB,51.5074,-0.1278,2025-09-23T04:00:00Z,2025-09-23,04:00,2,104.88,0,4.92,81.84,2.56,1.18,3.23,0.65
Londres,LON,GB,51.5074,-0.1278,2025-09-23T05:00:00Z,2025-09-23,05:00,2,105.62,0,5.31,80.13,2.85,1.33,3.72,0.65
Londres,LON,GB,51.5074,-0.1278,2025-09-23T06:00:00Z,2025-09-23,06:00,2,106.07,0,5.63,78.82,3.03,1.45,4.16,0.63
Londres,LON,GB,51.5074,-0.1278,2025-09-23T07:00:00Z,2025-09-23,07:00,2,106.01,0.06,6.08,77.63,3.07,1.53,4.47,0.58
Londres,LON,GB,51.5074,-0.1278,2025-09-23T08:00:00Z,2025-09-23,08:00,2,105.7,0.46,5.88,77.61,2.95,1.56,4.6,0.55
Londres,LON,GB,51.5074,-0.1278,2025-09-23T09:00:00Z,2025-09-23,09:00,2,105.4,0.9,5.36,78.08,2.79,1.56,4.56,0.53
Londres,LON,GB,51.5074,-0.1278,2025-09-23T10:00:00Z,2025-09-23,10:00,2,104.79,1.01,5.02,79.02,2.57,1.51,4.22,0.5
Londres,LON,GB,51.5074,-0.1278,2025-09-23T11:00:00Z,2025-09-23,11:00,2,104.81,0.93,5.32,78.99,2.56,1.5,3.82,0.5
Londres,LON,GB,51.5074,-0.1278,2025-09-23T12:00:00Z,2025-09-23,12:00,2,104.92,0.74,5.73,78.63,2.66,1.51,3.57,0.51
Londres,LON,GB,51.5074,-0.1278,2025-09-23T13:00:00Z,2025-09-23,13:00,2,105.15,0.5,5.54,79.81,2.56,1.45,3.39,0.51
Londres,LON,GB,51.5074,-0.1278,2025-09-23T14:00:00Z,2025-09-23,14:00,2,104.27,0.33,5.01,80.84,2.36,1.34,3.1,0.49
Londres,LON,GB,51.5074,-0.1278,2025-09-23T15:00:00Z,2025-09-23,15:00,2,103.95,0.2,4.97,80.9,2.29,1.25,2.87,0.5
Londres,LON,GB,51.5074,-0.1278,2025-09-23T16:00:00Z,2025-09-23,16:00,2,104.68,0.13,5.05,81.77,2.22,1.14,2.53,0.52
Londres,LON,GB,51.5074,-0.1278,2025-09-23T17:00:00Z,2025-09-23,17:00,2,104.69,0.08,5.19,82.26,2.08,0.98,2.15,0.53
Londres,LON,GB,51.5074,-0.1278,2025-09-23T18:00:00Z,2025-09-23,18:00,2,104.05,0.01,5.16,82.66,1.91,0.81,1.78,0.51
Londres,LON,GB,51.5074,-0.1278,2025-09-23T19:00:00Z,2025-09-23,19:00,2,103.46,0,4.99,83.11,1.84,0.7,1.59,0.5
Londres,LON,GB,51.5074,-0.1278,2025-09-23T20:00:00Z,2025-09-23,20:00,2,103.11,0,4.86,83.52,1.83,0.7,1.62,0.49
Londres,LON,GB,51.5074,-0.1278,2025-09-23T21:00:00Z,2025-09-23,21:00,2,102.85,0,4.64,83.69,1.85,0.79,1.87,0.47
Londres,LON,GB,51.5074,-0.1278,2025-09-23T22:00:00Z,2025-09-23,22:00,2,102.95,0,4.85,82.41,2.04,0.97,2.44,0.48
Londres,LON,GB,51.5074,-0.1278,2025-09-23T23:00:00Z,2025-09-23,23:00,2,103.4,0,5.35,80.15,2.26,1.21,3.07,0.49
Londres,LON,GB,51.5074,-0.1278,2025-09-24T00:00:00Z,2025-09-24,00:00,2,103.66,0,5.37,78.13,2.23,1.31,3.28,0.42
Londres,LON,GB,51.5074,-0.1278,2025-09-24T01:00:00Z,2025-09-24,01:00,2,102.95,0,5.16,76.4,2.13,1.3,3.19,0.33
Londres,LON,GB,51.5074,-0.1278,2025-09-24T02:00:00Z,2025-09-24,02:00,2,102.76,0,4.81,75.68,2.04,1.23,2.98,0.26
Londres,LON,GB,51.5074,-0.1278,2025-09-24T03:00:00Z,2025-09-24,03:00,2,102.48,0,4.36,75.92,1.93,1.14,2.76,0.22
Londres,LON,GB,51.5074,-0.1278,2025-09-24T04:00:00Z,2025-09-24,04:00,2,102.57,0,3.78,77.52,1.76,1.01,2.53,0.18
Londres,LON,GB,51.5074,-0.1278,2025-09-24T05:00:00Z,2025-09-24,05:00,2,103.13,0,3.51,79.04,1.71,0.94,2.48,0.17
Londres,LON,GB,51.5074,-0.1278,2025-09-24T06:00:00Z,2025-09-24,06:00,2,103.98,0,3.53,80.4,1.77,0.93,2.62,0.18
Londres,LON,GB,51.5074,-0.1278,2025-09-24T07:00:00Z,2025-09-24,07:00,2,104.65,0.02,3.46,82.82,1.62,0.85,2.46,0.19
Londres,LON,GB,51.5074,-0.1278,2025-09-24T08:00:00Z,2025-09-24,08:00,2,105.33,0.16,3.81,83.24,1.65,0.84,2.31,0.21
Londres,LON,GB,51.5074,-0.1278,2025-09-24T09:00:00Z,2025-09-24,09:00,2,106.01,0.32,4.33,82.3,1.76,0.85,2.24,0.25
Londres,LON,GB,51.5074,-0.1278,2025-09-24T10:00:00Z,2025-09-24,10:00,2,106.11,0.37,4.59,81.91,1.79,0.84,2.22,0.32
Londres,LON,GB,51.5074,-0.1278,2025-09-24T11:00:00Z,2025-09-24,11:00,2,106.37,0.41,4.51,82.87,1.82,0.85,2.24,0.45
Londres,LON,GB,51.5074,-0.1278,2025-09-24T12:00:00Z,2025-09-24,12:00,2,106.35,0.38,4,85.74,1.77,0.87,2.28,0.59
Londres,LON,GB,51.5074,-0.1278,2025-09-24T13:00:00Z,2025-09-24,13:00,2,106.47,0.33,3.17,91.02,1.64,0.9,2.47,0.69
Londres,LON,GB,51.5074,-0.1278,2025-09-24T14:00:00Z,2025-09-24,14:00,2,105.71,0.24,2.64,94.98,1.6,0.97,2.79,0.76
Londres,LON,GB,51.5074,-0.1278,2025-09-24T15:00:00Z,2025-09-24,15:00,2,104.96,0.18,2.51,97.43,1.64,1.04,3.01,0.79
Londres,LON,GB,51.5074,-0.1278,2025-09-24T16:00:00Z,2025-09-24,16:00,2,104.94,0.13,2.76,98.36,1.72,1.08,3.14,0.79
Londres,LON,GB,51.5074,-0.1278,2025-09-24T17:00:00Z,2025-09-24,17:00,2,105.01,0.05,3.27,97.55,1.79,1.12,3.29,0.78
Londres,LON,GB,51.5074,-0.1278,2025-09-24T18:00:00Z,2025-09-24,18:00,2,105.26,0,3.64,96.19,1.83,1.17,3.48,0.77
Londres,LON,GB,51.5074,-0.1278,2025-09-24T19:00:00Z,2025-09-24,19:00,2,105.52,0,3.84,93.87,1.83,1.25,3.77,0.77
Londres,LON,GB,51.5074,-0.1278,2025-09-24T20:00:00Z,2025-09-24,20:00,2,106.16,0,4.06,91.47,1.87,1.37,4.14,0.81
Londres,LON,GB,51.5074,-0.1278,2025-09-24T21:00:00Z,2025-09-24,21:00,2,106.7,0,4.26,89.7,1.97,1.49,4.5,0.88
Londres,LON,GB,51.5074,-0.1278,2025-09-24T22:00:00Z,2025-09-24,22:00,2,106.87,0,4.44,88.65,2.08,1.59,4.76,0.99
Londres,LON,GB,51.5074,-0.1278,2025-09-24T23:00:00Z,2025-09-24,23:00,2,107.5,0,4.76,87.6,2.24,1.69,4.96,1.15
Londres,LON,GB,51.5074,-0.1278,2025-09-25T00:00:00Z,2025-09-25,00:00,2,108.14,0,5.11,86.31,2.41,1.84,5.24,1.3
Londres,LON,GB,51.5074,-0.1278,2025-09-25T01:00:00Z,2025-09-25,01:00,2,108.1,0,5.31,85.15,2.53,1.99,5.54,1.41
Londres,LON,GB,51.5074,-0.1278,2025-09-25T02:00:00Z,2025-09-25,02:00,2,108.69,0,5.26,84.37,2.57,2.1,5.7,1.5
Londres,LON,GB,51.5074,-0.1278,2025-09-25T03:00:00Z,2025-09-25,03:00,2,108.62,0,5.03,83.83,2.54,2.16,5.72,1.55
Londres,LON,GB,51.5074,-0.1278,2025-09-25T04:00:00Z,2025-09-25,04:00,2,109.21,0,6.37,79.62,3.27,2.47,6.68,1.48
Londres,LON,GB,51.5074,-0.1278,2025-09-25T05:00:00Z,2025-09-25,05:00,2,110.1,0,8.18,73.49,4.27,2.91,8.18,1.32
Londres,LON,GB,51.5074,-0.1278,2025-09-25T06:00:00Z,2025-09-25,06:00,2,110.51,0,9.02,69.6,4.73,3.14,8.92,1.22
Londres,LON,GB,51.5074,-0.1278,2025-09-25T07:00:00Z,2025-09-25,07:00,2,110.88,0.03,9.78,67.44,4.93,3.19,9.09,1.18
Londres,LON,GB,51.5074,-0.1278,2025-09-25T08:00:00Z,2025-09-25,08:00,2,111.86,0.37,10.62,66.29,5,3.16,8.9,1.2
Londres,LON,GB,51.5074,-0.1278,2025-09-25T09:00:00Z,2025-09-25,09:00,2,112.83,0.96,10.74,66.18,4.89,3.05,8.38,1.28
Londres,LON,GB,51.5074,-0.1278,2025-09-25T10:00:00Z,2025-09-25,10:00,2,110.73,0.97,7.76,71.6,3.57,2.33,6.22,1.5
Londres,LON,GB,51.5074,-0.1278,2025-09-25T11:00:00Z,2025-09-25,11:00,2,109.84,0.99,6.18,73.28,3.04,1.98,5.13,1.67
Londres,LON,GB,51.5074,-0.1278,2025-09-25T12:00:00Z,2025-09-25,12:00,2,108.96,0.93,5.13,73.84,2.77,1.87,4.73,1.8
Londres,LON,GB,51.5074,-0.1278,2025-09-25T13:00:00Z,2025-09-25,13:00,2,108.13,0.68,4.13,76.18,2.39,1.78,4.49,1.8
Londres,LON,GB,51.5074,-0.1278,2025-09-25T14:00:00Z,2025-09-25,14:00,2,106.44,0.47,3.49,79.27,2.14,1.74,4.43,1.61
Londres,LON,GB,51.5074,-0.1278,2025-09-25T15:00:00Z,2025-09-25,15:00,2,105.49,0.36,3.24,82.42,2.04,1.75,4.55,1.39
Londres,LON,GB,51.5074,-0.1278,2025-09-25T16:00:00Z,2025-09-25,16:00,2,105.56,0.25,3.55,84.78,2.06,1.76,4.69,1.22
Londres,LON,GB,51.5074,-0.1278,2025-09-25T17:00:00Z,2025-09-25,17:00,2,105.81,0.12,4.33,85.39,2.12,1.78,4.88,1.12
Londres,LON,GB,51.5074,-0.1278,2025-09-25T18:00:00Z,2025-09-25,18:00,2,106.25,0.01,4.92,85.76,2.16,1.82,5.11,1.08
Londres,LON,GB,51.5074,-0.1278,2025-09-25T19:00:00Z,2025-09-25,19:00,2,106.32,0,5.07,85.66,2.16,1.86,5.33,1.09
Londres,LON,GB,51.5074,-0.1278,2025-09-25T20:00:00Z,2025-09-25,20:00,2,106.67,0,5.19,85.08,2.17,1.89,5.39,1.14
Londres,LON,GB,51.5074,-0.1278,2025-09-25T21:00:00Z,2025-09-25,21:00,2,107.39,0,5.33,83.87,2.23,1.9,5.48,1.29
Londres,LON,GB,51.5074,-0.1278,2025-09-25T22:00:00Z,2025-09-25,22:00,2,108.22,0,5.54,81.48,2.3,1.86,5.11,1.48
Londres,LON,GB,51.5074,-0.1278,2025-09-25T23:00:00Z,2025-09-25,23:00,2,109.72,0,5.8,78.93,2.37,1.83,4.71,1.77
Londres,LON,GB,51.5074,-0.1278,2025-09-26T00:00:00Z,2025-09-26,00:00,2,111.14,0,5.94,76.86,2.43,2.68,5.24,1.91
Londres,LON,GB,51.5074,-0.1278,2025-09-26T01:00:00Z,2025-09-26,01:00,2,111.77,0,5.94,75.08,2.48,3.66,6.07,2
Londres,LON,GB,51.5074,-0.1278,2025-09-26T02:00:00Z,2025-09-26,02:00,2,112.29,0,5.98,73.68,2.6,4.5,6.92,2.01
Londres,LON,GB,51.5074,-0.1278,2025-09-26T03:00:00Z,2025-09-26,03:00,2,112.15,0,6.08,72.28,2.75,5.09,7.6,1.97
Londres,LON,GB,51.5074,-0.1278,2025-09-26T04:00:00Z,2025-09-26,04:00,2,111.9,0,6.1,70.86,2.86,5.33,7.96,1.95
Londres,LON,GB,51.5074,-0.1278,2025-09-26T05:00:00Z,2025-09-26,05:00,2,112.28,0,5.91,70.15,2.83,5.26,7.8,1.91
Londres,LON,GB,51.5074,-0.1278,2025-09-26T06:00:00Z,2025-09-26,06:00,2,112.94,0,5.66,69.27,2.68,4.81,7.07,1.82
Londres,LON,GB,51.5074,-0.1278,2025-09-26T07:00:00Z,2025-09-26,07:00,2,114.26,0.01,5.56,68.4,2.46,4.39,6.2,1.65
Londres,LON,GB,51.5074,-0.1278,2025-09-26T08:00:00Z,2025-09-26,08:00,2,115.38,0.13,5.68,67.05,2.33,4.49,6.01,1.48
Londres,LON,GB,51.5074,-0.1278,2025-09-26T09:00:00Z,2025-09-26,09:00,2,116.78,0.26,5.68,65.77,2.3,4.81,6.15,1.36
Londres,LON,GB,51.5074,-0.1278,2025-09-26T10:00:00Z,2025-09-26,10:00,2,118.25,0.32,5.49,65.28,2.27,5.21,6.41,1.24
Londres,LON,GB,51.5074,-0.1278,2025-09-26T11:00:00Z,2025-09-26,11:00,2,119.77,0.43,5.15,65.89,2.3,5.58,6.72,1.13
Londres,LON,GB,51.5074,-0.1278,2025-09-26T12:00:00Z,2025-09-26,12:00,2,121.02,0.49,4.83,67.05,2.35,5.26,6.4,1.11
Londres,LON,GB,51.5074,-0.1278,2025-09-26T13:00:00Z,2025-09-26,13:00,2,122.09,0.55,4.6,68.7,2.48,5.45,6.66,1.02
Londres,LON,GB,51.5074,-0.1278,2025-09-26T14:00:00Z,2025-09-26,14:00,2,122.98,0.49,4.74,69.48,2.61,5.6,6.88,0.93
Londres,LON,GB,51.5074,-0.1278,2025-09-26T15:00:00Z,2025-09-26,15:00,2,123.59,0.38,5.05,69.37,2.68,5.41,6.73,0.87
Londres,LON,GB,51.5074,-0.1278,2025-09-26T16:00:00Z,2025-09-26,16:00,2,124.2,0.25,5.42,68.72,2.7,5.02,6.32,0.83
Londres,LON,GB,51.5074,-0.1278,2025-09-26T17:00:00Z,2025-09-26,17:00,2,124.54,0.11,5.83,67.59,2.66,4.45,5.71,0.82
Londres,LON,GB,51.5074,-0.1278,2025-09-26T18:00:00Z,2025-09-26,18:00,2,124.7,0.01,6.01,66.45,2.59,3.84,5.01,0.83
Londres,LON,GB,51.5074,-0.1278,2025-09-26T19:00:00Z,2025-09-26,19:00,2,125.1,0,5.87,65.15,2.47,3.27,4.35,0.83
Londres,LON,GB,51.5074,-0.1278,2025-09-26T20:00:00Z,2025-09-26,20:00,2,125.11,0,5.6,64.07,2.27,2.69,3.65,0.83
Londres,LON,GB,51.5074,-0.1278,2025-09-26T21:00:00Z,2025-09-26,21:00,2,124.75,0,5.29,63.16,2.06,2.27,3.09,0.81
Londres,LON,GB,51.5074,-0.1278,2025-09-26T22:00:00Z,2025-09-26,22:00,2,124.23,0,4.97,62.89,1.84,1.99,2.65,0.78
Londres,LON,GB,51.5074,-0.1278,2025-09-26T23:00:00Z,2025-09-26,23:00,2,123.17,0,4.7,63.11,1.74,1.77,2.29,0.78
Londres,LON,GB,51.5074,-0.1278,2025-09-27T00:00:00Z,2025-09-27,00:00,2,122.3,0,4.51,63.65,1.79,1.69,2.17,0.83
Londres,LON,GB,51.5074,-0.1278,2025-09-27T01:00:00Z,2025-09-27,01:00,2,121.72,0,4.4,64.82,1.96,1.86,2.33,0.89
Londres,LON,GB,51.5074,-0.1278,2025-09-27T02:00:00Z,2025-09-27,02:00,2,120.94,0,4.3,66.07,2.11,2.22,2.71,0.93
Londres,LON,GB,51.5074,-0.1278,2025-09-27T03:00:00Z,2025-09-27,03:00,2,120.36,0,4.13,66.85,2.16,2.64,3.15,0.98
Londres,LON,GB,51.5074,-0.1278,2025-09-27T04:00:00Z,2025-09-27,04:00,2,119.59,0,3.85,67.39,2.08,2.87,3.37,1.03
Londres,LON,GB,51.5074,-0.1278,2025-09-27T05:00:00Z,2025-09-27,05:00,2,119.02,0,3.52,67.86,1.89,2.81,3.28,1.09
Londres,LON,GB,51.5074,-0.1278,2025-09-27T06:00:00Z,2025-09-27,06:00,2,118.46,0,3.22,68.01,1.7,2.45,2.9,1.18
Londres,LON,GB,51.5074,-0.1278,2025-09-27T07:00:00Z,2025-09-27,07:00,2,118.17,0,2.99,68,1.58,2.37,2.83,1.26
Londres,LON,GB,51.5074,-0.1278,2025-09-27T08:00:00Z,2025-09-27,08:00,2,117.71,0.02,2.9,68.08,1.52,2.44,2.93,1.34
Londres,LON,GB,51.5074,-0.1278,2025-09-27T09:00:00Z,2025-09-27,09:00,2,117.43,0.06,2.85,68.48,1.48,2.7,3.22,1.38
Londres,LON,GB,51.5074,-0.1278,2025-09-27T10:00:00Z,2025-09-27,10:00,2,117.51,0.09,2.81,69.42,1.43,2.91,3.45,1.36
Londres,LON,GB,51.5074,-0.1278,2025-09-27T11:00:00Z,2025-09-27,11:00,2,117.58,0.11,2.73,70.99,1.41,3.1,3.66,1.32
Londres,LON,GB,51.5074,-0.1278,2025-09-27T12:00:00Z,2025-09-27,12:00,2,117.74,0.1,2.61,73.28,1.42,3.27,3.84,1.27
Londres,LON,GB,51.5074,-0.1278,2025-09-27T13:00:00Z,2025-09-27,13:00,2,118.06,0.08,2.51,75.3,1.47,3.48,4.1,1.27
Londres,LON,GB,51.5074,-0.1278,2025-09-27T14:00:00Z,2025-09-27,14:00,2,118.81,0.07,2.47,77.07,1.6,3.91,4.58,1.25
Londres,LON,GB,51.5074,-0.1278,2025-09-27T15:00:00Z,2025-09-27,15:00,2,120.02,0.06,2.47,78.44,1.71,4,4.69,1.24
Londres,LON,GB,51.5074,-0.1278,2025-09-27T16:00:00Z,2025-09-27,16:00,2,121.52,0.05,2.56,79.03,1.79,3.96,4.64,1.22
Londres,LON,GB,51.5074,-0.1278,2025-09-27T17:00:00Z,2025-09-27,17:00,2,121.93,0.02,2.71,78.6,1.83,3.86,4.53,1.2
Londres,LON,GB,51.5074,-0.1278,2025-09-27T18:00:00Z,2025-09-27,18:00,2,122.06,0,2.82,77.38,1.84,3.66,4.32,1.21
Londres,LON,GB,51.5074,-0.1278,2025-09-27T19:00:00Z,2025-09-27,19:00,2,122.29,0,2.92,76.56,1.86,3.41,4.07,1.23
Londres,LON,GB,51.5074,-0.1278,2025-09-27T20:00:00Z,2025-09-27,20:00,2,122.26,0,3,75.91,1.88,3.24,3.89,1.23
Londres,LON,GB,51.5074,-0.1278,2025-09-27T21:00:00Z,2025-09-27,21:00,2,121.86,0,3.02,75.9,1.87,3.11,3.76,1.24
Londres,LON,GB,51.5074,-0.1278,2025-09-27T22:00:00Z,2025-09-27,22:00,2,121.2,0,2.97,76.44,1.82,2.99,3.62,1.23
Londres,LON,GB,51.5074,-0.1278,2025-09-27T23:00:00Z,2025-09-27,23:00,2,120.45,0,2.92,77.06,1.76,2.89,3.49,1.22
Londres,LON,GB,51.5074,-0.1278,2025-09-28T00:00:00Z,2025-09-28,00:00,2,119.52,0,2.88,77.52,1.69,2.81,3.39,1.24
Londres,LON,GB,51.5074,-0.1278,2025-09-28T01:00:00Z,2025-09-28,01:00,2,118.6,0,2.88,77.76,1.66,2.76,3.34,1.27
Londres,LON,GB,51.5074,-0.1278,2025-09-28T02:00:00Z,2025-09-28,02:00,2,118.06,0,3.09,76.9,1.76,2.79,3.42,1.34
Londres,LON,GB,51.5074,-0.1278,2025-09-28T03:00:00Z,2025-09-28,03:00,2,117.79,0,3.44,75.01,1.92,2.89,3.6,1.41
Londres,LON,GB,51.5074,-0.1278,2025-09-28T04:00:00Z,2025-09-28,04:00,2,117.83,0,3.81,72.83,2.08,3.03,3.83,1.45
Londres,LON,GB,51.5074,-0.1278,2025-09-28T05:00:00Z,2025-09-28,05:00,2,117.98,0,4.15,70.66,2.21,3.19,4.09,1.47
Londres,LON,GB,51.5074,-0.1278,2025-09-28T06:00:00Z,2025-09-28,06:00,2,117.77,0,4.41,69.03,2.3,3.31,4.28,1.45
Londres,LON,GB,51.5074,-0.1278,2025-09-28T07:00:00Z,2025-09-28,07:00,2,117.16,0,4.66,67.95,2.35,3.38,4.37,1.4
Londres,LON,GB,51.5074,-0.1278,2025-09-28T08:00:00Z,2025-09-28,08:00,2,116.34,0.05,4.95,67.48,2.41,3.4,4.36,1.31
Londres,LON,GB,51.5074,-0.1278,2025-09-28T09:00:00Z,2025-09-28,09:00,2,115.34,0.15,5.14,68.2,2.49,3.42,4.35,1.18
Londres,LON,GB,51.5074,-0.1278,2025-09-28T10:00:00Z,2025-09-28,10:00,2,114.15,0.21,5.53,68.68,2.63,3.44,4.36,1.04
Londres,LON,GB,51.5074,-0.1278,2025-09-28T11:00:00Z,2025-09-28,11:00,2,112.86,0.3,6.05,68.91,2.9,3.46,4.38,0.92
Londres,LON,GB,51.5074,-0.1278,2025-09-28T12:00:00Z,2025-09-28,12:00,2,111.93,0.36,6.61,69.23,3.21,3.52,4.47,0.84
Londres,LON,GB,51.5074,-0.1278,2025-09-28T13:00:00Z,2025-09-28,13:00,2,110.88,0.46,6.87,70,3.43,3.53,4.53,0.77
Londres,LON,GB,51.5074,-0.1278,2025-09-28T14:00:00Z,2025-09-28,14:00,2,109.9,0.35,6.95,71.22,3.42,3.46,4.5,0.72
Londres,LON,GB,51.5074,-0.1278,2025-09-28T15:00:00Z,2025-09-28,15:00,2,108.91,0.21,6.83,72.91,3.31,3.29,4.35,0.7
Londres,LON,GB,51.5074,-0.1278,2025-09-28T16:00:00Z,2025-09-28,16:00,2,108.03,0.22,6.48,75.33,3.16,3.02,4.05,0.7
Londres,LON,GB,51.5074,-0.1278,2025-09-28T17:00:00Z,2025-09-28,17:00,2,107.17,0.15,6.48,76.88,3.13,2.71,3.67,0.74
Londres,LON,GB,51.5074,-0.1278,2025-09-28T18:00:00Z,2025-09-28,18:00,2,106.39,0.02,6.79,76.69,3.16,2.49,3.38,0.86
Londres,LON,GB,51.5074,-0.1278,2025-09-28T19:00:00Z,2025-09-28,19:00,2,106.09,0,6.86,75.55,3.11,2.4,3.22,0.99
Londres,LON,GB,51.5074,-0.1278,2025-09-28T20:00:00Z,2025-09-28,20:00,2,106.25,0,6.78,74.17,2.99,2.38,3.16,1.07
Londres,LON,GB,51.5074,-0.1278,2025-09-28T21:00:00Z,2025-09-28,21:00,2,107.06,0,6.73,72.38,2.89,2.37,3.13,1.12
Londres,LON,GB,51.5074,-0.1278,2025-09-28T22:00:00Z,2025-09-28,22:00,2,107.97,0,8.13,67.59,3.39,2.41,3.25,1.2
Londres,LON,GB,51.5074,-0.1278,2025-09-28T23:00:00Z,2025-09-28,23:00,2,109.36,0,10.31,62.03,4.13,2.52,3.5,1.25
Londres,LON,GB,51.5074,-0.1278,2025-09-29T00:00:00Z,2025-09-29,00:00,1,110.2,0,11.62,58.16,4.57,2.66,3.76,1.17
Londres,LON,GB,51.5074,-0.1278,2025-09-29T01:00:00Z,2025-09-29,01:00,1,110.53,0,12.23,55.61,4.88,2.83,4.06,1.05
Londres,LON,GB,51.5074,-0.1278,2025-09-29T02:00:00Z,2025-09-29,02:00,1,111.66,0,12.49,54.31,5.14,3.05,4.42,0.94
Londres,LON,GB,51.5074,-0.1278,2025-09-29T03:00:00Z,2025-09-29,03:00,1,113.07,0,12.31,53.96,5.23,3.38,4.91,0.84
Londres,LON,GB,51.5074,-0.1278,2025-09-29T04:00:00Z,2025-09-29,04:00,1,114.54,0,12.51,51.8,5.55,3.85,5.66,0.74
Londres,LON,GB,51.5074,-0.1278,2025-09-29T05:00:00Z,2025-09-29,05:00,1,116.83,0,13.97,47.47,6.38,4.36,6.64,0.7
Londres,LON,GB,51.5074,-0.1278,2025-09-29T06:00:00Z,2025-09-29,06:00,1,119.02,0,15.2,44.02,7.07,4.92,7.68,0.66
Londres,LON,GB,51.5074,-0.1278,2025-09-29T07:00:00Z,2025-09-29,07:00,1,121.01,0.16,16.27,41.55,7.59,5.5,8.73,0.64
Londres,LON,GB,51.5074,-0.1278,2025-09-29T08:00:00Z,2025-09-29,08:00,1,123.27,1.78,15.28,42.28,8.07,5.9,9.51,0.66
Londres,LON,GB,51.5074,-0.1278,2025-09-29T09:00:00Z,2025-09-29,09:00,1,125.53,3.55,13.35,45.13,8.37,6.26,10.11,0.68
Londres,LON,GB,51.5074,-0.1278,2025-09-29T10:00:00Z,2025-09-29,10:00,1,127.52,4.33,12.29,48.78,8.46,6.82,10.76,0.66
Londres,LON,GB,51.5074,-0.1278,2025-09-29T11:00:00Z,2025-09-29,11:00,1,128.97,4.47,11.99,52.68,8.41,7.18,11.08,0.67
Londres,LON,GB,51.5074,-0.1278,2025-09-29T12:00:00Z,2025-09-29,12:00,1,130.5,4.29,12.21,56.85,8.41,7.44,11.22,0.74
Londres,LON,GB,51.5074,-0.1278,2025-09-29T13:00:00Z,2025-09-29,13:00,2,131.48,4.12,12.52,61.88,8.64,8.06,11.65,0.73
Londres,LON,GB,51.5074,-0.1278,2025-09-29T14:00:00Z,2025-09-29,14:00,2,130.68,3.78,12.98,67.06,9.02,8.31,11.53,0.73
Londres,LON,GB,51.5074,-0.1278,2025-09-29T15:00:00Z,2025-09-29,15:00,2,129.33,3.24,14.03,70.64,9.6,8.06,10.91,0.83
Londres,LON,GB,51.5074,-0.1278,2025-09-29T16:00:00Z,2025-09-29,16:00,2,125.62,1.93,15.11,74.36,9.5,7.45,9.71,0.81
Londres,LON,GB,51.5074,-0.1278,2025-09-29T17:00:00Z,2025-09-29,17:00,2,122.43,0.66,16.7,74.38,9.15,6.54,8.41,0.8
Londres,LON,GB,51.5074,-0.1278,2025-09-29T18:00:00Z,2025-09-29,18:00,2,120.45,0.03,16.57,74.51,8.54,5.64,7.34,0.79
Londres,LON,GB,51.5074,-0.1278,2025-09-29T19:00:00Z,2025-09-29,19:00,2,116.71,0,9.12,83.54,5.5,4.49,5.9,0.72
Londres,LON,GB,51.5074,-0.1278,2025-09-29T20:00:00Z,2025-09-29,20:00,2,115.4,0,8.01,83.69,5.04,4.25,5.6,0.72
Londres,LON,GB,51.5074,-0.1278,2025-09-29T21:00:00Z,2025-09-29,21:00,2,114.74,0,8.05,82.09,5.16,4.24,5.6,0.76
Londres,LON,GB,51.5074,-0.1278,2025-09-29T22:00:00Z,2025-09-29,22:00,2,114.19,0,8.01,80.98,5.27,4.28,5.62,0.78
Londres,LON,GB,51.5074,-0.1278,2025-09-29T23:00:00Z,2025-09-29,23:00,2,113.94,0,8.33,79.26,5.53,4.48,5.81,0.84
Londres,LON,GB,51.5074,-0.1278,2025-09-30T00:00:00Z,2025-09-30,00:00,2,113.42,0,9.01,77.37,5.94,4.95,6.28,0.93
Londres,LON,GB,51.5074,-0.1278,2025-09-30T01:00:00Z,2025-09-30,01:00,2,113.36,0,11.03,73.02,5.97,5.73,6.98,0.99
Londres,LON,GB,51.5074,-0.1278,2025-09-30T02:00:00Z,2025-09-30,02:00,2,114.24,0,14.4,67.48,7.22,7.16,8.45,1.09
Londres,LON,GB,51.5074,-0.1278,2025-09-30T03:00:00Z,2025-09-30,03:00,2,115.22,0,17.11,62.82,8.18,8.37,9.7,1.16
Londres,LON,GB,51.5074,-0.1278,2025-09-30T04:00:00Z,2025-09-30,04:00,1,116.27,0,19.53,58.86,8.87,9.32,10.68,1.15
Londres,LON,GB,51.5074,-0.1278,2025-09-30T05:00:00Z,2025-09-30,05:00,2,116.85,0.01,21.41,55.77,9.36,10.02,11.4,1.04
Londres,LON,GB,51.5074,-0.1278,2025-09-30T06:00:00Z,2025-09-30,06:00,2,117.44,0.01,22.55,53.77,9.59,10.36,11.75,0.91
Londres,LON,GB,51.5074,-0.1278,2025-09-30T07:00:00Z,2025-09-30,07:00,2,117.36,0.19,20.96,54.37,9.32,10.21,11.6,0.72
Londres,LON,GB,51.5074,-0.1278,2025-09-30T08:00:00Z,2025-09-30,08:00,1,117.27,1.97,18.11,58.18,9.25,9.84,11.24,0.65
Londres,LON,GB,51.5074,-0.1278,2025-09-30T09:00:00Z,2025-09-30,09:00,2,117.46,3.83,15.97,61.44,9.48,9.93,11.33,0.6
Londres,LON,GB,51.5074,-0.1278,2025-09-30T10:00:00Z,2025-09-30,10:00,2,117.63,5.1,15.14,64.14,9.79,10.18,11.56,0.57
Londres,LON,GB,51.5074,-0.1278,2025-09-30T11:00:00Z,2025-09-30,11:00,2,118.07,6.23,15.35,65.88,10.7,10.87,12.23,0.53
Londres,LON,GB,51.5074,-0.1278,2025-09-30T12:00:00Z,2025-09-30,12:00,2,118.51,6.96,15.99,67.93,12.01,11.67,13,0.5
Londres,LON,GB,51.5074,-0.1278,2025-09-30T13:00:00Z,2025-09-30,13:00,2,118.39,7.08,17.32,69.66,13.31,12.16,13.46,0.53
Londres,LON,GB,51.5074,-0.1278,2025-09-30T14:00:00Z,2025-09-30,14:00,2,117.61,6.43,18.15,71.31,13.66,12.24,13.51,0.53
Londres,LON,GB,51.5074,-0.1278,2025-09-30T15:00:00Z,2025-09-30,15:00,2,116.1,4.9,18.17,73.8,12.88,11.65,12.88,0.51
Londres,LON,GB,51.5074,-0.1278,2025-09-30T16:00:00Z,2025-09-30,16:00,2,113.03,1.94,14.11,81.78,9.43,9.9,11.02,0.53
Londres,LON,GB,51.5074,-0.1278,2025-09-30T17:00:00Z,2025-09-30,17:00,2,110.72,0.53,11.99,86.08,7.58,8.68,9.69,0.58
Londres,LON,GB,51.5074,-0.1278,2025-09-30T18:00:00Z,2025-09-30,18:00,2,109.15,0.02,10.66,87.28,6.74,7.84,8.77,0.62
Londres,LON,GB,51.5074,-0.1278,2025-09-30T19:00:00Z,2025-09-30,19:00,2,108.14,0,9.02,87.77,6.19,7.24,8.1,0.63
Londres,LON,GB,51.5074,-0.1278,2025-09-30T20:00:00Z,2025-09-30,20:00,2,107.24,0,8.21,87.47,5.92,6.79,7.6,0.63
Londres,LON,GB,51.5074,-0.1278,2025-09-30T21:00:00Z,2025-09-30,21:00,2,106.62,0,7.74,87.09,5.79,6.47,7.24,0.63
Londres,LON,GB,51.5074,-0.1278,2025-09-30T22:00:00Z,2025-09-30,22:00,2,106.36,0,7.48,86.47,5.76,6.32,7.07,0.61
Londres,LON,GB,51.5074,-0.1278,2025-09-30T23:00:00Z,2025-09-30,23:00,2,106.29,0,7.36,85.85,5.8,6.29,7.03,0.58
Londres,LON,GB,51.5074,-0.1278,2025-10-01T00:00:00Z,2025-10-01,00:00,2,106.21,0,7.36,85.15,5.88,6.33,7.07,0.56
Londres,LON,GB,51.5074,-0.1278,2025-10-01T01:00:00Z,2025-10-01,01:00,2,104.91,0,6.81,89.92,5.89,5.8,6.47,0.49
Londres,LON,GB,51.5074,-0.1278,2025-10-01T02:00:00Z,2025-10-01,02:00,2,105.49,0,6.72,89.71,6.04,6.07,6.75,0.44
Londres,LON,GB,51.5074,-0.1278,2025-10-01T03:00:00Z,2025-10-01,03:00,2,105.99,0,6.58,89.81,6.14,6.38,7.08,0.39
Londres,LON,GB,51.5074,-0.1278,2025-10-01T04:00:00Z,2025-10-01,04:00,2,106.65,0,6.46,89.66,6.2,6.69,7.43,0.34
Londres,LON,GB,51.5074,-0.1278,2025-10-01T05:00:00Z,2025-10-01,05:00,2,107.57,0,6.43,89.17,6.25,7,7.8,0.3
Londres,LON,GB,51.5074,-0.1278,2025-10-01T06:00:00Z,2025-10-01,06:00,2,108.39,0,6.35,88.77,6.2,7.28,8.17,0.26
Londres,LON,GB,51.5074,-0.1278,2025-10-01T07:00:00Z,2025-10-01,07:00,2,109.04,0,6.23,88.21,6.02,7.47,8.48,0.24
Londres,LON,GB,51.5074,-0.1278,2025-10-01T08:00:00Z,2025-10-01,08:00,2,109.6,0.05,6.4,87.42,5.85,7.56,8.71,0.24
Londres,LON,GB,51.5074,-0.1278,2025-10-01T09:00:00Z,2025-10-01,09:00,2,109.99,0.21,6.43,86.39,5.71,7.57,8.88,0.27
Londres,LON,GB,51.5074,-0.1278,2025-10-01T10:00:00Z,2025-10-01,10:00,2,110.17,0.31,6.49,85.36,5.61,7.54,9.01,0.32
Londres,LON,GB,51.5074,-0.1278,2025-10-01T11:00:00Z,2025-10-01,11:00,2,110.35,0.41,6.49,84.55,5.54,7.52,9.11,0.37
Londres,LON,GB,51.5074,-0.1278,2025-10-01T12:00:00Z,2025-10-01,12:00,2,110.62,0.48,6.42,84.63,5.45,7.53,9.19,0.41
Londres,LON,GB,51.5074,-0.1278,2025-10-01T13:00:00Z,2025-10-01,13:00,2,110.88,0.59,6.67,84.53,5.53,7.62,9.32,0.46
Londres,LON,GB,51.5074,-0.1278,2025-10-01T14:00:00Z,2025-10-01,14:00,2,111.69,0.63,7.76,82.68,5.91,7.75,9.53,0.53
Londres,LON,GB,51.5074,-0.1278,2025-10-01T15:00:00Z,2025-10-01,15:00,2,112.41,0.57,8.96,80.83,6.26,7.87,9.68,0.6
Londres,LON,GB,51.5074,-0.1278,2025-10-01T16:00:00Z,2025-10-01,16:00,2,112.94,1.05,9.15,80.9,6.53,8.02,9.84,0.65
Londres,LON,GB,51.5074,-0.1278,2025-10-01T17:00:00Z,2025-10-01,17:00,2,113.48,0.43,11.03,78.82,6.82,8.18,10.02,0.7
Londres,LON,GB,51.5074,-0.1278,2025-10-01T18:00:00Z,2025-10-01,18:00,2,113.92,0.02,12.08,76.82,7.04,8.43,10.28,0.73
Londres,LON,GB,51.5074,-0.1278,2025-10-01T19:00:00Z,2025-10-01,19:00,2,114.18,0,11.89,75.92,7.16,8.6,10.45,0.76
Londres,LON,GB,51.5074,-0.1278,2025-10-01T20:00:00Z,2025-10-01,20:00,2,114.23,0,11.45,75.74,7.11,8.84,10.67,0.79
Londres,LON,GB,51.5074,-0.1278,2025-10-01T21:00:00Z,2025-10-01,21:00,2,114.01,0,10.77,76.04,6.93,9.19,11,0.82
Londres,LON,GB,51.5074,-0.1278,2025-10-01T22:00:00Z,2025-10-01,22:00,2,113.23,0,8.55,79.98,5.64,9.17,10.83,0.97
Londres,LON,GB,51.5074,-0.1278,2025-10-01T23:00:00Z,2025-10-01,23:00,2,112.53,0,7,83.67,4.64,9.15,10.68,1.17
Londres,LON,GB,51.5074,-0.1278,2025-10-02T00:00:00Z,2025-10-02,00:00,2,112.76,0,6.41,85.22,4.3,9.8,11.28,1.25
Londres,LON,GB,51.5074,-0.1278,2025-10-02T01:00:00Z,2025-10-02,01:00,2,113.18,0,6.09,86.38,4.13,10.55,12.04,1.27
Londres,LON,GB,51.5074,-0.1278,2025-10-02T02:00:00Z,2025-10-02,02:00,2,113.61,0,5.92,86.99,4.02,11.32,12.8,1.23
Londres,LON,GB,51.5074,-0.1278,2025-10-02T03:00:00Z,2025-10-02,03:00,2,113.76,0,5.86,86.96,3.91,11.75,13.22,1.21
Londres,LON,GB,51.5074,-0.1278,2025-10-02T04:00:00Z,2025-10-02,04:00,2,115.13,0,7.41,83.62,4.59,12.54,14.1,1.2
Londres,LON,GB,51.5074,-0.1278,2025-10-02T05:00:00Z,2025-10-02,05:00,2,117.82,0,10.3,76.65,5.85,14.02,15.78,1.18
Londres,LON,GB,51.5074,-0.1278,2025-10-02T06:00:00Z,2025-10-02,06:00,2,120.13,0,12.59,70.71,6.69,15.81,17.71,1.09
Londres,LON,GB,51.5074,-0.1278,2025-10-02T07:00:00Z,2025-10-02,07:00,2,121.6,0.01,14.2,65.87,7.13,16.73,18.75,1.11
Londres,LON,GB,51.5074,-0.1278,2025-10-02T08:00:00Z,2025-10-02,08:00,2,122.03,0.25,15.15,62.84,7.12,16.51,18.62,1.29
Londres,LON,GB,51.5074,-0.1278,2025-10-02T09:00:00Z,2025-10-02,09:00,2,121.53,0.94,14.23,62.1,6.79,15.46,17.66,1.53
Londres,LON,GB,51.5074,-0.1278,2025-10-02T10:00:00Z,2025-10-02,10:00,2,120.86,1.25,12.84,62.57,6.2,14.2,16.51,1.68
Londres,LON,GB,51.5074,-0.1278,2025-10-02T11:00:00Z,2025-10-02,11:00,2,120.86,1.33,11.35,64.55,5.57,13.04,15.5,1.72
Londres,LON,GB,51.5074,-0.1278,2025-10-02T12:00:00Z,2025-10-02,12:00,2,122.42,1.27,10.24,67.47,5.13,12.14,14.77,1.71
Londres,LON,GB,51.5074,-0.1278,2025-10-02T13:00:00Z,2025-10-02,13:00,2,125.48,0.92,9.59,71.78,4.81,11.83,14.61,1.73
Londres,LON,GB,51.5074,-0.1278,2025-10-02T14:00:00Z,2025-10-02,14:00,2,129.3,0.69,8.88,78.34,4.52,12.25,15.08,1.79
Londres,LON,GB,51.5074,-0.1278,2025-10-02T15:00:00Z,2025-10-02,15:00,2,133.02,0.45,8.34,85.51,4.21,13.29,16.06,1.8
Londres,LON,GB,51.5074,-0.1278,2025-10-02T16:00:00Z,2025-10-02,16:00,2,135.34,0.19,7.31,93.37,3.68,13.25,15.73,1.81
Londres,LON,GB,51.5074,-0.1278,2025-10-02T17:00:00Z,2025-10-02,17:00,2,136.9,0.04,6.23,98.68,3.22,13.18,15.4,1.81
Londres,LON,GB,51.5074,-0.1278,2025-10-02T18:00:00Z,2025-10-02,18:00,3,139.11,0,5.27,100.67,2.92,13.58,15.61,1.93
Londres,LON,GB,51.5074,-0.1278,2025-10-02T19:00:00Z,2025-10-02,19:00,3,140.36,0,4.51,100.97,2.61,13.39,15.23,2.19
Londres,LON,GB,51.5074,-0.1278,2025-10-02T20:00:00Z,2025-10-02,20:00,2,138.09,0,4.3,98.33,2.44,12,13.66,2.52
Londres,LON,GB,51.5074,-0.1278,2025-10-02T21:00:00Z,2025-10-02,21:00,2,133.8,0,4.31,94.91,2.3,10.2,11.74,2.81
Londres,LON,GB,51.5074,-0.1278,2025-10-02T22:00:00Z,2025-10-02,22:00,2,129.22,0,4.31,92.86,2.18,8.8,10.3,2.96
Londres,LON,GB,51.5074,-0.1278,2025-10-02T23:00:00Z,2025-10-02,23:00,2,126.17,0,4.5,91.26,2.23,8.1,9.63,3.07
Londres,LON,GB,51.5074,-0.1278,2025-10-03T00:00:00Z,2025-10-03,00:00,2,124.49,0,4.75,90.05,2.35,8.03,9.63,3.22
Londres,LON,GB,51.5074,-0.1278,2025-10-03T01:00:00Z,2025-10-03,01:00,2,123.18,0,4.87,88.85,2.4,7.94,9.51,3.34
Londres,LON,GB,51.5074,-0.1278,2025-10-03T02:00:00Z,2025-10-03,02:00,2,122.35,0,4.83,87.45,2.35,7.93,9.48,3.44
Londres,LON,GB,51.5074,-0.1278,2025-10-03T03:00:00Z,2025-10-03,03:00,2,122.07,0,4.71,86.52,2.31,8.06,9.67,3.45
Londres,LON,GB,51.5074,-0.1278,2025-10-03T04:00:00Z,2025-10-03,04:00,2,123.07,0,4.64,86.43,2.17,7.81,9.09,2.73
Londres,LON,GB,51.5074,-0.1278,2025-10-03T05:00:00Z,2025-10-03,05:00,2,124.61,0,4.59,86.4,1.88,7.46,8.41,1.73
Londres,LON,GB,51.5074,-0.1278,2025-10-03T06:00:00Z,2025-10-03,06:00,2,125.96,0,4.45,86.69,1.62,6.93,7.78,1.02
Londres,LON,GB,51.5074,-0.1278,2025-10-03T07:00:00Z,2025-10-03,07:00,2,126.57,0,4.36,86.12,1.53,6.63,7.63,0.7
Londres,LON,GB,51.5074,-0.1278,2025-10-03T08:00:00Z,2025-10-03,08:00,2,127.25,0.01,4.72,83.9,1.58,6.71,7.87,0.52
Londres,LON,GB,51.5074,-0.1278,2025-10-03T09:00:00Z,2025-10-03,09:00,2,127.48,0.05,5.33,80.29,1.67,6.81,8.02,0.38
Londres,LON,GB,51.5074,-0.1278,2025-10-03T10:00:00Z,2025-10-03,10:00,2,126.77,0.11,5.92,76.43,1.73,6.85,7.92,0.24
Londres,LON,GB,51.5074,-0.1278,2025-10-03T11:00:00Z,2025-10-03,11:00,2,123.94,0.21,6.34,72.33,1.76,6.43,7.37,0.15
Londres,LON,GB,51.5074,-0.1278,2025-10-03T12:00:00Z,2025-10-03,12:00,2,118.39,0.31,6.61,68.4,1.82,5.57,6.49,0.1
Londres,LON,GB,51.5074,-0.1278,2025-10-03T13:00:00Z,2025-10-03,13:00,2,110.15,0.36,6.64,64.65,1.84,4.29,5.25,0.07
Londres,LON,GB,51.5074,-0.1278,2025-10-03T14:00:00Z,2025-10-03,14:00,2,100.68,0.29,6.29,61.39,1.79,3.06,4.15,0.06
Londres,LON,GB,51.5074,-0.1278,2025-10-03T15:00:00Z,2025-10-03,15:00,2,95.49,0.17,5.76,60.47,1.71,2.38,3.56,0.04
Londres,LON,GB,51.5074,-0.1278,2025-10-03T16:00:00Z,2025-10-03,16:00,2,95.26,0.06,5.16,62.17,1.61,1.92,3.24,0.04
Londres,LON,GB,51.5074,-0.1278,2025-10-03T17:00:00Z,2025-10-03,17:00,2,96,0.01,4.57,63.69,1.53,1.56,3.08,0.05
Londres,LON,GB,51.5074,-0.1278,2025-10-03T18:00:00Z,2025-10-03,18:00,2,95.47,0,4.17,62.96,1.51,1.69,3.56,0.1
Londres,LON,GB,51.5074,-0.1278,2025-10-03T19:00:00Z,2025-10-03,19:00,2,93.83,0,3.88,62.58,1.5,2.33,4.77,0.15
Londres,LON,GB,51.5074,-0.1278,2025-10-03T20:00:00Z,2025-10-03,20:00,2,91.98,0,3.64,63.32,1.53,3.26,6.36,0.13
Londres,LON,GB,51.5074,-0.1278,2025-10-03T21:00:00Z,2025-10-03,21:00,2,91.3,0,3.41,64.37,1.51,3.92,7.29,0.07
Londres,LON,GB,51.5074,-0.1278,2025-10-03T22:00:00Z,2025-10-03,22:00,2,91.87,0,3.22,64.71,1.44,4.17,6.92,0.04
Londres,LON,GB,51.5074,-0.1278,2025-10-03T23:00:00Z,2025-10-03,23:00,2,92.06,0,3.17,63.81,1.37,4.53,6.75,0.02
Londres,LON,GB,51.5074,-0.1278,2025-10-04T00:00:00Z,2025-10-04,00:00,2,92.07,0,3.23,61.98,1.34,4.92,6.92,0.01
Londres,LON,GB,51.5074,-0.1278,2025-10-04T01:00:00Z,2025-10-04,01:00,1,93.12,0,3.33,59.44,1.28,5.06,6.88,0.01
Londres,LON,GB,51.5074,-0.1278,2025-10-04T02:00:00Z,2025-10-04,02:00,1,94.84,0,3.33,56.51,1.19,4.98,6.93,0
Londres,LON,GB,51.5074,-0.1278,2025-10-04T03:00:00Z,2025-10-04,03:00,1,97.2,0,3.04,58.17,1.1,4.65,6.8,0.01
Londres,LON,GB,51.5074,-0.1278,2025-10-04T04:00:00Z,2025-10-04,04:00,2,98.16,0,2.31,69.56,1.02,4.15,6.84,0.02
Londres,LON,GB,51.5074,-0.1278,2025-10-04T05:00:00Z,2025-10-04,05:00,2,96.72,0,1.67,79.79,0.92,2.92,5.87,0.04
Londres,LON,GB,51.5074,-0.1278,2025-10-04T06:00:00Z,2025-10-04,06:00,2,96.55,0,1.32,81.66,0.8,1.96,4.83,0.05
Londres,LON,GB,51.5074,-0.1278,2025-10-04T07:00:00Z,2025-10-04,07:00,2,97.17,0,1.08,87.28,0.68,1.49,4.24,0.07
Londres,LON,GB,51.5074,-0.1278,2025-10-04T08:00:00Z,2025-10-04,08:00,2,97.43,0.02,0.96,89.37,0.62,1.13,3.78,0.07
Londres,LON,GB,51.5074,-0.1278,2025-10-04T09:00:00Z,2025-10-04,09:00,2,97.04,0.06,0.85,89.83,0.58,0.96,3.58,0.07
Londres,LON,GB,51.5074,-0.1278,2025-10-04T10:00:00Z,2025-10-04,10:00,2,97.12,0.08,0.77,91,0.55,0.86,3.45,0.07
Londres,LON,GB,51.5074,-0.1278,2025-10-04T11:00:00Z,2025-10-04,11:00,2,97.96,0.11,0.73,88.12,0.55,0.82,3.38,0.07
Londres,LON,GB,51.5074,-0.1278,2025-10-04T12:00:00Z,2025-10-04,12:00,2,98.7,0.12,0.7,83.74,0.55,0.81,3.39,0.07
Londres,LON,GB,51.5074,-0.1278,2025-10-04T13:00:00Z,2025-10-04,13:00,2,98.42,0.13,0.69,82.48,0.56,0.8,3.42,0.08
Londres,LON,GB,51.5074,-0.1278,2025-10-04T14:00:00Z,2025-10-04,14:00,2,98.12,0.13,0.72,83.95,0.57,0.78,3.3,0.1
Londres,LON,GB,51.5074,-0.1278,2025-10-04T15:00:00Z,2025-10-04,15:00,2,98.01,0.12,0.79,85.03,0.6,0.75,3.19,0.13
Londres,LON,GB,51.5074,-0.1278,2025-10-04T16:00:00Z,2025-10-04,16:00,2,98.26,0.09,0.93,84.93,0.64,0.73,3.13,0.17
Londres,LON,GB,51.5074,-0.1278,2025-10-04T17:00:00Z,2025-10-04,17:00,2,98.61,0.04,1.15,83.9,0.68,0.73,3.12,0.21
Londres,LON,GB,51.5074,-0.1278,2025-10-04T18:00:00Z,2025-10-04,18:00,2,98.96,0,1.3,82.55,0.73,0.73,3.14,0.25
Londres,LON,GB,51.5074,-0.1278,2025-10-04T19:00:00Z,2025-10-04,19:00,2,98.86,0,1.39,81.13,0.77,0.72,3.08,0.28
Londres,LON,GB,51.5074,-0.1278,2025-10-04T20:00:00Z,2025-10-04,20:00,2,99.41,0,1.45,80.34,0.79,0.71,3.06,0.31
Londres,LON,GB,51.5074,-0.1278,2025-10-04T21:00:00Z,2025-10-04,21:00,2,100.06,0,1.48,79.08,0.81,0.73,3.09,0.34
Londres,LON,GB,51.5074,-0.1278,2025-10-04T22:00:00Z,2025-10-04,22:00,2,100.42,0,1.5,77.58,0.82,0.76,3.11,0.36
Londres,LON,GB,51.5074,-0.1278,2025-10-04T23:00:00Z,2025-10-04,23:00,2,101.42,0,1.51,76.46,0.82,0.79,3.12,0.37
Londres,LON,GB,51.5074,-0.1278,2025-10-05T00:00:00Z,2025-10-05,00:00,2,102.34,0,1.5,75.42,0.81,0.82,3.19,0.37
Londres,LON,GB,51.5074,-0.1278,2025-10-05T01:00:00Z,2025-10-05,01:00,2,102.69,0,1.49,75.24,0.81,0.88,3.45,0.38
Londres,LON,GB,51.5074,-0.1278,2025-10-05T02:00:00Z,2025-10-05,02:00,2,103.21,0,1.51,74.97,0.83,1,3.99,0.4
Londres,LON,GB,51.5074,-0.1278,2025-10-05T03:00:00Z,2025-10-05,03:00,2,103.92,0,1.52,75.02,0.86,1.12,4.51,0.41
Londres,LON,GB,51.5074,-0.1278,2025-10-05T04:00:00Z,2025-10-05,04:00,2,104.26,0,1.62,74.83,0.94,1.28,5.14,0.46
Londres,LON,GB,51.5074,-0.1278,2025-10-05T05:00:00Z,2025-10-05,05:00,2,104.62,0,1.8,73.94,1.04,1.48,5.86,0.52
Londres,LON,GB,51.5074,-0.1278,2025-10-05T06:00:00Z,2025-10-05,06:00,2,104.52,0,1.91,74.23,1.09,1.57,6.13,0.52
Londres,LON,GB,51.5074,-0.1278,2025-10-05T07:00:00Z,2025-10-05,07:00,2,104.25,0.01,2.1,74.38,1.16,1.65,6.3,0.53
Londres,LON,GB,51.5074,-0.1278,2025-10-05T08:00:00Z,2025-10-05,08:00,2,104.09,0.12,2.21,74.23,1.23,1.71,6.43,0.54
Londres,LON,GB,51.5074,-0.1278,2025-10-05T09:00:00Z,2025-10-05,09:00,2,104.21,0.3,2.11,74.31,1.26,1.73,6.34,0.56
Londres,LON,GB,51.5074,-0.1278,2025-10-05T10:00:00Z,2025-10-05,10:00,2,103.65,0.37,1.88,74.71,1.19,1.58,5.53,0.51
Londres,LON,GB,51.5074,-0.1278,2025-10-05T11:00:00Z,2025-10-05,11:00,2,103.27,0.35,1.74,75.91,1.15,1.34,4.38,0.46
Londres,LON,GB,51.5074,-0.1278,2025-10-05T12:00:00Z,2025-10-05,12:00,2,102.61,0.32,1.78,77.02,1.16,1.17,3.51,0.45
Londres,LON,GB,51.5074,-0.1278,2025-10-05T13:00:00Z,2025-10-05,13:00,2,102.27,0.28,1.86,77.92,1.15,1,2.74,0.44
Londres,LON,GB,51.5074,-0.1278,2025-10-05T14:00:00Z,2025-10-05,14:00,2,101.78,0.22,2,78.37,1.15,0.88,2.29,0.44
Londres,LON,GB,51.5074,-0.1278,2025-10-05T15:00:00Z,2025-10-05,15:00,2,101.28,0.13,2.28,78.27,1.16,0.85,2.16,0.46
Londres,LON,GB,51.5074,-0.1278,2025-10-05T16:00:00Z,2025-10-05,16:00,2,101.41,0.06,2.61,77.66,1.2,0.9,2.33,0.5
Londres,LON,GB,51.5074,-0.1278,2025-10-05T17:00:00Z,2025-10-05,17:00,2,101.68,0.02,3,76.38,1.32,1.02,2.85,0.58
Londres,LON,GB,51.5074,-0.1278,2025-10-05T18:00:00Z,2025-10-05,18:00,2,102.15,0,3.24,75.02,1.43,1.13,3.58,0.67
Londres,LON,GB,51.5074,-0.1278,2025-10-05T19:00:00Z,2025-10-05,19:00,2,102.46,0,3.44,74,1.55,1.26,4.42,0.75
Londres,LON,GB,51.5074,-0.1278,2025-10-05T20:00:00Z,2025-10-05,20:00,2,103.17,0,3.66,73,1.66,1.42,5.26,0.81
Londres,LON,GB,51.5074,-0.1278,2025-10-05T21:00:00Z,2025-10-05,21:00,2,103.79,0,3.76,72.63,1.73,1.58,5.98,0.82
Londres,LON,GB,51.5074,-0.1278,2025-10-05T22:00:00Z,2025-10-05,22:00,2,103.31,0,3.69,72.85,1.73,1.68,6.39,0.78
Londres,LON,GB,51.5074,-0.1278,2025-10-05T23:00:00Z,2025-10-05,23:00,2,103.04,0,3.56,74.29,1.71,1.72,6.44,0.73
Londres,LON,GB,51.5074,-0.1278,2025-10-06T00:00:00Z,2025-10-06,00:00,2,102.68,0,3.43,76.3,1.71,1.7,6.18,0.68
Londres,LON,GB,51.5074,-0.1278,2025-10-06T01:00:00Z,2025-10-06,01:00,2,102.02,0,3.3,78.04,1.71,1.64,5.75,0.63
Londres,LON,GB,51.5074,-0.1278,2025-10-06T02:00:00Z,2025-10-06,02:00,2,101.32,0,3.18,79.52,1.71,1.56,5.31,0.59
Londres,LON,GB,51.5074,-0.1278,2025-10-06T03:00:00Z,2025-10-06,03:00,2,100.72,0,3.07,80.6,1.72,1.52,5.14,0.55
Londres,LON,GB,51.5074,-0.1278,2025-10-06T04:00:00Z,2025-10-06,04:00,2,100.13,0,3.02,81.13,1.75,1.55,5.35,0.53
Londres,LON,GB,51.5074,-0.1278,2025-10-06T05:00:00Z,2025-10-06,05:00,2,99.55,0,2.98,81.35,1.77,1.63,5.77,0.5
Londres,LON,GB,51.5074,-0.1278,2025-10-06T06:00:00Z,2025-10-06,06:00,2,98.96,0,2.96,81.17,1.78,1.73,6.2,0.46
Londres,LON,GB,51.5074,-0.1278,2025-10-06T07:00:00Z,2025-10-06,07:00,2,98.5,0,3.04,81.17,1.82,1.81,6.54,0.42
Londres,LON,GB,51.5074,-0.1278,2025-10-06T08:00:00Z,2025-10-06,08:00,2,98.16,0.06,3.27,81.27,1.93,1.88,6.93,0.39
Londres,LON,GB,51.5074,-0.1278,2025-10-06T09:00:00Z,2025-10-06,09:00,2,98,0.22,3.24,82.65,2.03,1.92,7.25,0.35
Londres,LON,GB,51.5074,-0.1278,2025-10-06T10:00:00Z,2025-10-06,10:00,2,97.72,0.4,3.02,85.59,2.11,1.93,7.46,0.31
Londres,LON,GB,51.5074,-0.1278,2025-10-06T11:00:00Z,2025-10-06,11:00,2,97.41,0.51,2.9,88.59,2.24,1.96,7.57,0.27
Londres,LON,GB,51.5074,-0.1278,2025-10-06T12:00:00Z,2025-10-06,12:00,2,97.28,0.55,2.84,91.58,2.36,2.01,7.61,0.24
Londres,LON,GB,51.5074,-0.1278,2025-10-06T13:00:00Z,2025-10-06,13:00,2,97.06,0.52,2.88,94.25,2.44,2.07,7.6,0.22
Londres,LON,GB,51.5074,-0.1278,2025-10-06T14:00:00Z,2025-10-06,14:00,2,96.84,0.44,3.05,95.97,2.47,2.12,7.6,0.2
Londres,LON,GB,51.5074,-0.1278,2025-10-06T15:00:00Z,2025-10-06,15:00,2,97,0.31,3.39,96.97,2.5,2.17,7.7,0.17
Londres,LON,GB,51.5074,-0.1278,2025-10-06T16:00:00Z,2025-10-06,16:00,2,97.45,0.18,3.82,97.2,2.55,2.21,7.91,0.15
Londres,LON,GB,51.5074,-0.1278,2025-10-06T17:00:00Z,2025-10-06,17:00,2,97.64,0.06,4.15,96.65,2.6,2.26,8.19,0.13
Londres,LON,GB,51.5074,-0.1278,2025-10-06T18:00:00Z,2025-10-06,18:00,2,97.75,0,4.25,95.71,2.67,2.32,8.54,0.11
Londres,LON,GB,51.5074,-0.1278,2025-10-06T19:00:00Z,2025-10-06,19:00,2,97.75,0,4.36,94.44,2.8,2.37,8.9,0.1
Londres,LON,GB,51.5074,-0.1278,2025-10-06T20:00:00Z,2025-10-06,20:00,2,97.75,0,4.56,93.25,2.97,2.4,9.16,0.08
Londres,LON,GB,51.5074,-0.1278,2025-10-06T21:00:00Z,2025-10-06,21:00,2,98.04,0,4.72,92.3,3.11,2.39,9.26,0.07
Londres,LON,GB,51.5074,-0.1278,2025-10-06T22:00:00Z,2025-10-06,22:00,2,98.21,0,4.83,91.58,3.23,2.34,9.22,0.05
Londres,LON,GB,51.5074,-0.1278,2025-10-06T23:00:00Z,2025-10-06,23:00,2,98.29,0,4.93,90.77,3.34,2.29,9.13,0.04
Londres,LON,GB,51.5074,-0.1278,2025-10-07T00:00:00Z,2025-10-07,00:00,2,98.37,0,5.01,89.88,3.45,2.26,9.05,0.03
Londres,LON,GB,51.5074,-0.1278,2025-10-07T01:00:00Z,2025-10-07,01:00,2,98.64,0,5.09,89.24,3.55,2.25,8.99,0.02
Londres,LON,GB,51.5074,-0.1278,2025-10-07T02:00:00Z,2025-10-07,02:00,2,98.74,0,5.19,88.37,3.65,2.28,8.96,0.01
Londres,LON,GB,51.5074,-0.1278,2025-10-07T03:00:00Z,2025-10-07,03:00,2,99.12,0,5.32,87.42,3.75,2.33,9.01,0.01
Londres,LON,GB,51.5074,-0.1278,2025-10-07T04:00:00Z,2025-10-07,04:00,2,99.4,0,5.44,86.15,3.86,2.42,9.17,0.01
Londres,LON,GB,51.5074,-0.1278,2025-10-07T05:00:00Z,2025-10-07,05:00,2,99.68,0,5.45,84.8,3.92,2.52,9.48,0.02
Londres,LON,GB,51.5074,-0.1278,2025-10-07T06:00:00Z,2025-10-07,06:00,2,100.14,0,5.39,83.53,3.95,2.66,9.93,0.02
Londres,LON,GB,51.5074,-0.1278,2025-10-07T07:00:00Z,2025-10-07,07:00,2,100.52,0,5.39,82.18,3.99,2.81,10.42,0.02
Londres,LON,GB,51.5074,-0.1278,2025-10-07T08:00:00Z,2025-10-07,08:00,2,100.79,0.04,5.84,80.99,4.15,2.96,10.83,0.02
Londres,LON,GB,51.5074,-0.1278,2025-10-07T09:00:00Z,2025-10-07,09:00,2,101.35,0.19,6.18,80.03,4.34,3.13,11.25,0.01
Londres,LON,GB,51.5074,-0.1278,2025-10-07T10:00:00Z,2025-10-07,10:00,2,101.8,0.39,6.29,79.62,4.52,3.32,11.66,0.02
Londres,LON,GB,51.5074,-0.1278,2025-10-07T11:00:00Z,2025-10-07,11:00,2,102.04,0.54,6.25,79.68,4.61,3.51,11.99,0.05
Londres,LON,GB,51.5074,-0.1278,2025-10-07T12:00:00Z,2025-10-07,12:00,2,102.29,0.61,6.23,79.74,4.7,3.74,12.44,0.1
Londres,LON,GB,51.5074,-0.1278,2025-10-07T13:00:00Z,2025-10-07,13:00,2,102.25,0.59,6.27,79.7,4.74,4,12.98,0.18
Londres,LON,GB,51.5074,-0.1278,2025-10-07T14:00:00Z,2025-10-07,14:00,2,102.29,0.5,6.35,79.66,4.7,4.23,13.38,0.29
Londres,LON,GB,51.5074,-0.1278,2025-10-07T15:00:00Z,2025-10-07,15:00,2,102.33,0.37,6.51,79.54,4.62,4.45,13.71,0.41
Londres,LON,GB,51.5074,-0.1278,2025-10-07T16:00:00Z,2025-10-07,16:00,2,102.66,0.19,6.81,79.44,4.53,4.62,13.9,0.54
Londres,LON,GB,51.5074,-0.1278,2025-10-07T17:00:00Z,2025-10-07,17:00,2,103.02,0.04,7.12,78.56,4.49,4.76,13.99,0.66
Londres,LON,GB,51.5074,-0.1278,2025-10-07T18:00:00Z,2025-10-07,18:00,2,103.38,0,7.13,77.83,4.48,4.91,14.13,0.76
Londres,LON,GB,51.5074,-0.1278,2025-10-07T19:00:00Z,2025-10-07,19:00,2,103.85,0,7.18,77.04,4.54,5.08,14.38,0.82
Londres,LON,GB,51.5074,-0.1278,2025-10-07T20:00:00Z,2025-10-07,20:00,2,104.13,0,7.46,75.78,4.75,5.28,14.79,0.86
Londres,LON,GB,51.5074,-0.1278,2025-10-07T21:00:00Z,2025-10-07,21:00,2,104.61,0,7.81,74.52,5,5.51,15.27,0.87
Londres,LON,GB,51.5074,-0.1278,2025-10-07T22:00:00Z,2025-10-07,22:00,2,105.09,0,8.07,73.26,5.21,5.74,15.55,0.87
Londres,LON,GB,51.5074,-0.1278,2025-10-07T23:00:00Z,2025-10-07,23:00,2,105.39,0,8.22,72.01,5.31,5.97,15.72,0.85
Londres,LON,GB,51.5074,-0.1278,2025-10-08T00:00:00Z,2025-10-08,00:00,2,105.79,0,8.27,70.76,5.33,6.16,15.76,0.81
Londres,LON,GB,51.5074,-0.1278,2025-10-08T01:00:00Z,2025-10-08,01:00,2,106.01,0,8.14,70,5.26,6.26,15.63,0.75
Londres,LON,GB,51.5074,-0.1278,2025-10-08T02:00:00Z,2025-10-08,02:00,2,105.97,0,7.83,70.03,5.09,6.25,15.31,0.69
Londres,LON,GB,51.5074,-0.1278,2025-10-08T03:00:00Z,2025-10-08,03:00,2,105.75,0,7.44,70.39,4.86,6.12,14.76,0.61
Londres,LON,GB,51.5074,-0.1278,2025-10-08T04:00:00Z,2025-10-08,04:00,2,105.15,0,6.96,71.45,4.55,5.84,13.92,0.52
Londres,LON,GB,51.5074,-0.1278,2025-10-08T05:00:00Z,2025-10-08,05:00,2,104.64,0,6.51,72.83,4.23,5.46,12.97,0.42
Londres,LON,GB,51.5074,-0.1278,2025-10-08T06:00:00Z,2025-10-08,06:00,2,104.03,0,6.16,74.69,3.98,5.09,12.23,0.33
Londres,LON,GB,51.5074,-0.1278,2025-10-08T07:00:00Z,2025-10-08,07:00,2,103.31,0,6.26,75.82,3.94,4.8,11.81,0.26
Londres,LON,GB,51.5074,-0.1278,2025-10-08T08:00:00Z,2025-10-08,08:00,2,103.03,0.09,7.2,76.3,4.27,4.73,11.92,0.21
Londres,LON,GB,51.5074,-0.1278,2025-10-08T09:00:00Z,2025-10-08,09:00,2,103.02,0.28,7.93,77.17,4.61,4.66,11.98,0.17
Londres,LON,GB,51.5074,-0.1278,2025-10-08T10:00:00Z,2025-10-08,10:00,2,102.91,0.46,8.68,77.95,5.07,4.6,12.03,0.13
Londres,LON,GB,51.5074,-0.1278,2025-10-08T11:00:00Z,2025-10-08,11:00,2,103.25,0.75,9.92,77.13,5.82,4.72,12.38,0.12
Londres,LON,GB,51.5074,-0.1278,2025-10-08T12:00:00Z,2025-10-08,12:00,2,103.67,1.02,11.13,75.59,6.52,4.88,12.85,0.12
Londres,LON,GB,51.5074,-0.1278,2025-10-08T13:00:00Z,2025-10-08,13:00,2,103.91,1.25,11.84,74.69,6.95,5.01,13.25,0.13
Londres,LON,GB,51.5074,-0.1278,2025-10-08T14:00:00Z,2025-10-08,14:00,2,103.6,1.29,11.97,74.34,6.89,5.03,13.31,0.13
Londres,LON,GB,51.5074,-0.1278,2025-10-08T15:00:00Z,2025-10-08,15:00,2,102.72,1.1,12.17,73.52,6.62,5.03,13.04,0.13
Londres,LON,GB,51.5074,-0.1278,2025-10-08T16:00:00Z,2025-10-08,16:00,2,102.05,0.73,12.71,71.99,6.35,5.03,12.51,0.14
Londres,LON,GB,51.5074,-0.1278,2025-10-08T17:00:00Z,2025-10-08,17:00,2,101.2,0.24,13.75,69.28,6.34,5.08,12.11,0.16
Londres,LON,GB,51.5074,-0.1278,2025-10-08T18:00:00Z,2025-10-08,18:00,2,100.91,0,13.85,66.65,6.34,5.15,11.86,0.18
Londres,LON,GB,51.5074,-0.1278,2025-10-08T19:00:00Z,2025-10-08,19:00,2,101.18,0,14.24,63.4,6.49,5.19,11.64,0.24
Londres,LON,GB,51.5074,-0.1278,2025-10-08T20:00:00Z,2025-10-08,20:00,1,103.05,0,16.35,56.34,7.03,5.18,11.11,0.35
Londres,LON,GB,51.5074,-0.1278,2025-10-08T21:00:00Z,2025-10-08,21:00,1,106.58,0,19.87,45.91,7.69,5.13,10.17,0.49
Londres,LON,GB,51.5074,-0.1278,2025-10-08T22:00:00Z,2025-10-08,22:00,1,111.19,0,24.13,34.75,8.27,5.16,9.27,0.62
Londres,LON,GB,51.5074,-0.1278,2025-10-08T23:00:00Z,2025-10-08,23:00,1,116.32,0.01,28.52,25.17,8.69,5.38,8.85,0.68
Londres,LON,GB,51.5074,-0.1278,2025-10-09T00:00:00Z,2025-10-09,00:00,1,121.19,0.04,32.27,18.11,8.9,5.75,8.89,0.67
Londres,LON,GB,51.5074,-0.1278,2025-10-09T01:00:00Z,2025-10-09,01:00,1,125.01,0.08,33.59,14.68,8.89,6.06,9.2,0.64
Londres,LON,GB,51.5074,-0.1278,2025-10-09T02:00:00Z,2025-10-09,02:00,1,127.49,0.12,33.19,14.45,8.91,6.24,9.8,0.64
Londres,LON,GB,51.5074,-0.1278,2025-10-09T03:00:00Z,2025-10-09,03:00,1,128.2,0.12,30.91,16.71,8.96,6.29,10.53,0.66
Londres,LON,GB,51.5074,-0.1278,2025-10-09T04:00:00Z,2025-10-09,04:00,1,126.07,0.04,25.93,25.16,8.65,6.16,11.52,0.72
Londres,LON,GB,51.5074,-0.1278,2025-10-09T05:00:00Z,2025-10-09,05:00,1,124.82,0.01,23.16,31.88,8.35,6.17,12.6,0.7
Londres,LON,GB,51.5074,-0.1278,2025-10-09T06:00:00Z,2025-10-09,06:00,1,124.03,0.01,21.24,36.28,8.09,6.26,13.58,0.66
Londres,LON,GB,51.5074,-0.1278,2025-10-09T07:00:00Z,2025-10-09,07:00,1,122.67,0.03,19.8,40,7.87,6.12,14.14,0.65
Londres,LON,GB,51.5074,-0.1278,2025-10-09T08:00:00Z,2025-10-09,08:00,1,121.77,1.03,18.34,44.89,8,5.82,14.41,0.66
Londres,LON,GB,51.5074,-0.1278,2025-10-09T09:00:00Z,2025-10-09,09:00,1,120.87,2.6,16,50.6,8.31,5.53,14.44,0.67
Londres,LON,GB,51.5074,-0.1278,2025-10-09T10:00:00Z,2025-10-09,10:00,1,119.32,3.93,14.08,56.08,8.74,5.35,14.34,0.64
Londres,LON,GB,51.5074,-0.1278,2025-10-09T11:00:00Z,2025-10-09,11:00,1,119.01,4.61,13.86,59.27,9.3,5.33,14.22,0.63
Londres,LON,GB,51.5074,-0.1278,2025-10-09T12:00:00Z,2025-10-09,12:00,2,118.51,4.91,14.09,61.54,9.94,5.35,14.02,0.66
Londres,LON,GB,51.5074,-0.1278,2025-10-09T13:00:00Z,2025-10-09,13:00,2,117.41,4.7,14.41,64.87,10.45,5.32,13.69,0.67
Londres,LON,GB,51.5074,-0.1278,2025-10-09T14:00:00Z,2025-10-09,14:00,2,115.15,3.84,14.36,69.62,10.25,5.13,13.07,0.64
Londres,LON,GB,51.5074,-0.1278,2025-10-09T15:00:00Z,2025-10-09,15:00,2,112.99,2.79,14.33,73.4,9.73,4.86,12.33,0.63
Londres,LON,GB,51.5074,-0.1278,2025-10-09T16:00:00Z,2025-10-09,16:00,2,110.76,1.44,13.33,78.06,8.23,4.34,11.13,0.67
Londres,LON,GB,51.5074,-0.1278,2025-10-09T17:00:00Z,2025-10-09,17:00,2,109.49,0.39,13.15,79.06,7.11,3.9,10.06,0.75
Londres,LON,GB,51.5074,-0.1278,2025-10-09T18:00:00Z,2025-10-09,18:00,2,109.24,0,12.03,77.73,6.26,3.59,9.3,0.87
Londres,LON,GB,51.5074,-0.1278,2025-10-09T19:00:00Z,2025-10-09,19:00,2,110.42,0,12.27,73.48,6.08,3.43,8.79,1.02
Londres,LON,GB,51.5074,-0.1278,2025-10-09T20:00:00Z,2025-10-09,20:00,2,112.77,0,15.2,64.67,6.8,3.51,8.59,1.14
Londres,LON,GB,51.5074,-0.1278,2025-10-09T21:00:00Z,2025-10-09,21:00,1,114.84,0,18.01,56.01,7.32,3.64,8.43,1.23
Londres,LON,GB,51.5074,-0.1278,2025-10-09T22:00:00Z,2025-10-09,22:00,1,115.72,0,17.23,54.51,6.53,3.47,7.68,1.26
Londres,LON,GB,51.5074,-0.1278,2025-10-09T23:00:00Z,2025-10-09,23:00,1,116.24,0,16.34,55.26,5.94,3.36,7.06,1.18
Londres,LON,GB,51.5074,-0.1278,2025-10-10T00:00:00Z,2025-10-10,00:00,1,116.86,0,14.89,57.48,5.42,3.27,6.58,1.06
Londres,LON,GB,51.5074,-0.1278,2025-10-10T01:00:00Z,2025-10-10,01:00,2,115.43,0,9.95,65.32,3.8,2.83,5.67,0.94
Londres,LON,GB,51.5074,-0.1278,2025-10-10T02:00:00Z,2025-10-10,02:00,2,115.6,0,8.91,66.88,3.49,2.75,5.45,0.83
Londres,LON,GB,51.5074,-0.1278,2025-10-10T03:00:00Z,2025-10-10,03:00,2,115.77,0,8.93,66.12,3.63,2.84,5.57,0.76
Londres,LON,GB,51.5074,-0.1278,2025-10-10T04:00:00Z,2025-10-10,04:00,2,115.44,0,9.11,64.63,3.86,2.98,5.81,0.72
Londres,LON,GB,51.5074,-0.1278,2025-10-10T05:00:00Z,2025-10-10,05:00,2,115.01,0,9.29,63.36,4.1,3.19,6.24,0.68
Londres,LON,GB,51.5074,-0.1278,2025-10-10T06:00:00Z,2025-10-10,06:00,2,114.66,0,9.44,62.26,4.32,3.41,6.8,0.65
Londres,LON,GB,51.5074,-0.1278,2025-10-10T07:00:00Z,2025-10-10,07:00,2,114.34,0,9.58,61.41,4.48,3.63,7.42,0.63
Londres,LON,GB,51.5074,-0.1278,2025-10-10T08:00:00Z,2025-10-10,08:00,2,114.14,0.05,9.9,60.85,4.51,3.79,7.94,0.61
Londres,LON,GB,51.5074,-0.1278,2025-10-10T09:00:00Z,2025-10-10,09:00,2,114.03,0.24,9.96,60.77,4.47,3.87,8.28,0.6
Londres,LON,GB,51.5074,-0.1278,2025-10-10T10:00:00Z,2025-10-10,10:00,2,113.5,0.49,9.34,61.83,4.31,3.82,8.25,0.57
Londres,LON,GB,51.5074,-0.1278,2025-10-10T11:00:00Z,2025-10-10,11:00,2,113.4,0.76,8.84,63.23,4.19,3.7,7.9,0.53
Londres,LON,GB,51.5074,-0.1278,2025-10-10T12:00:00Z,2025-10-10,12:00,2,113.58,0.98,8.74,63.95,4.23,3.59,7.46,0.5
Londres,LON,GB,51.5074,-0.1278,2025-10-10T13:00:00Z,2025-10-10,13:00,2,113.66,1.04,9.1,63.98,4.38,3.49,7.03,0.47
Londres,LON,GB,51.5074,-0.1278,2025-10-10T14:00:00Z,2025-10-10,14:00,2,114.01,0.89,9.82,63.53,4.54,3.4,6.64,0.45
Londres,LON,GB,51.5074,-0.1278,2025-10-10T15:00:00Z,2025-10-10,15:00,2,114.26,0.61,10.66,62.87,4.67,3.31,6.27,0.43
Londres,LON,GB,51.5074,-0.1278,2025-10-10T16:00:00Z,2025-10-10,16:00,2,114.89,0.29,11.62,62.17,4.77,3.19,5.89,0.42
Londres,LON,GB,51.5074,-0.1278,2025-10-10T17:00:00Z,2025-10-10,17:00,2,115.24,0.06,12.08,61.67,4.74,3.08,5.53,0.41
Londres,LON,GB,51.5074,-0.1278,2025-10-10T18:00:00Z,2025-10-10,18:00,2,115.3,0,11.64,61.9,4.64,2.98,5.22,0.39
Londres,LON,GB,51.5074,-0.1278,2025-10-10T19:00:00Z,2025-10-10,19:00,2,115.65,0,11.27,61.6,4.58,2.94,5.01,0.37
Londres,LON,GB,51.5074,-0.1278,2025-10-10T20:00:00Z,2025-10-10,20:00,1,116.17,0,11.53,59.98,4.75,3.06,5.03,0.36
Londres,LON,GB,51.5074,-0.1278,2025-10-10T21:00:00Z,2025-10-10,21:00,1,116.98,0,12.15,57.79,5.03,3.33,5.26,0.34
Londres,LON,GB,51.5074,-0.1278,2025-10-10T22:00:00Z,2025-10-10,22:00,1,117.71,0,12.39,55.94,5.17,3.66,5.6,0.31
Londres,LON,GB,51.5074,-0.1278,2025-10-10T23:00:00Z,2025-10-10,23:00,1,118.38,0,12.13,54.38,4.93,3.99,5.95,0.27
Londres,LON,GB,51.5074,-0.1278,2025-10-11T00:00:00Z,2025-10-11,00:00,1,119.32,0,11.6,52.9,4.55,4.3,6.32,0.23
Londres,LON,GB,51.5074,-0.1278,2025-10-11T01:00:00Z,2025-10-11,01:00,1,120.29,0,11.03,52,4.13,4.57,6.5,0.18
Londres,LON,GB,51.5074,-0.1278,2025-10-11T02:00:00Z,2025-10-11,02:00,1,120.93,0,10.8,51.71,3.9,4.82,6.66,0.12
Londres,LON,GB,51.5074,-0.1278,2025-10-11T03:00:00Z,2025-10-11,03:00,1,121.56,0,10.52,51.86,3.8,5.04,6.83,0.08
Londres,LON,GB,51.5074,-0.1278,2025-10-11T04:00:00Z,2025-10-11,04:00,1,121.71,0,10.14,52.2,3.7,5.17,6.9,0.05
Londres,LON,GB,51.5074,-0.1278,2025-10-11T05:00:00Z,2025-10-11,05:00,1,121.91,0,9.67,53.05,3.54,5.27,6.9,0.03
Londres,LON,GB,51.5074,-0.1278,2025-10-11T06:00:00Z,2025-10-11,06:00,1,122.41,0,9.26,54.19,3.36,5.31,6.86,0.02
Londres,LON,GB,51.5074,-0.1278,2025-10-11T07:00:00Z,2025-10-11,07:00,1,122.69,0,8.92,55.4,3.21,5.31,6.81,0.02
Londres,LON,GB,51.5074,-0.1278,2025-10-11T08:00:00Z,2025-10-11,08:00,1,123.06,0.04,8.89,56.8,3.12,5.32,6.79,0.01
Londres,LON,GB,51.5074,-0.1278,2025-10-11T09:00:00Z,2025-10-11,09:00,1,123.43,0.18,8.82,58.53,3.07,5.3,6.77,0.01
Londres,LON,GB,51.5074,-0.1278,2025-10-11T10:00:00Z,2025-10-11,10:00,2,123.14,0.34,7.99,61.9,2.95,5.18,6.64,0.01
Londres,LON,GB,51.5074,-0.1278,2025-10-11T11:00:00Z,2025-10-11,11:00,2,123.04,0.45,7.33,65.03,2.84,5.12,6.61,0.01
Londres,LON,GB,51.5074,-0.1278,2025-10-11T12:00:00Z,2025-10-11,12:00,2,123.31,0.49,6.97,67.11,2.78,5.15,6.71,0.04
Londres,LON,GB,51.5074,-0.1278,2025-10-11T13:00:00Z,2025-10-11,13:00,2,124.21,0.48,6.86,68.22,2.85,5.24,7.04,0.07
Londres,LON,GB,51.5074,-0.1278,2025-10-11T14:00:00Z,2025-10-11,14:00,2,125.09,0.41,6.77,68.51,2.89,5.41,7.48,0.11
Londres,LON,GB,51.5074,-0.1278,2025-10-11T15:00:00Z,2025-10-11,15:00,2,126.24,0.29,6.65,68.07,2.83,5.59,7.88,0.16
Londres,LON,GB,51.5074,-0.1278,2025-10-11T16:00:00Z,2025-10-11,16:00,2,127.22,0.14,6.71,67.4,2.76,5.76,8.2,0.22
Londres,LON,GB,51.5074,-0.1278,2025-10-11T17:00:00Z,2025-10-11,17:00,2,127.65,0.03,6.79,66.82,2.72,5.93,8.48,0.27
Londres,LON,GB,51.5074,-0.1278,2025-10-11T18:00:00Z,2025-10-11,18:00,2,127.15,0,6.47,67.12,2.66,5.96,8.52,0.31
Londres,LON,GB,51.5074,-0.1278,2025-10-11T19:00:00Z,2025-10-11,19:00,2,126.65,0,6.16,67.59,2.57,5.9,8.4,0.35
Londres,LON,GB,51.5074,-0.1278,2025-10-11T20:00:00Z,2025-10-11,20:00,2,125.96,0,5.97,67.49,2.49,5.84,8.3,0.39
Londres,LON,GB,51.5074,-0.1278,2025-10-11T21:00:00Z,2025-10-11,21:00,2,125.64,0,5.9,66.51,2.45,5.82,8.29,0.41
Londres,LON,GB,51.5074,-0.1278,2025-10-11T22:00:00Z,2025-10-11,22:00,2,125.52,0,5.82,65.69,2.44,5.82,8.38,0.46
Londres,LON,GB,51.5074,-0.1278,2025-10-11T23:00:00Z,2025-10-11,23:00,2,125.59,0,5.72,64.96,2.48,5.86,8.59,0.54
Londres,LON,GB,51.5074,-0.1278,2025-10-12T00:00:00Z,2025-10-12,00:00,2,125.86,0,5.59,64.71,2.57,6.29,9.32,0.58
Londres,LON,GB,51.5074,-0.1278,2025-10-12T01:00:00Z,2025-10-12,01:00,2,126.61,0,5.43,65.43,2.7,6.98,10.35,0.59
Londres,LON,GB,51.5074,-0.1278,2025-10-12T02:00:00Z,2025-10-12,02:00,2,127.56,0,5.24,66.48,2.79,7.67,11.3,0.61
Londres,LON,GB,51.5074,-0.1278,2025-10-12T03:00:00Z,2025-10-12,03:00,2,128.51,0,5,67.37,2.8,8.31,12.05,0.62
Londres,LON,GB,51.5074,-0.1278,2025-10-12T04:00:00Z,2025-10-12,04:00,2,128.54,0,4.81,67.87,2.73,8.64,12.37,0.65
Londres,LON,GB,51.5074,-0.1278,2025-10-12T05:00:00Z,2025-10-12,05:00,2,128.3,0,4.66,68.05,2.62,8.63,12.18,0.66
Londres,LON,GB,51.5074,-0.1278,2025-10-12T06:00:00Z,2025-10-12,06:00,2,127.88,0,4.68,67.51,2.56,8.48,11.91,0.67
Londres,LON,GB,51.5074,-0.1278,2025-10-12T07:00:00Z,2025-10-12,07:00,2,127.72,0,4.9,66.09,2.51,8.28,11.53,0.65
Londres,LON,GB,51.5074,-0.1278,2025-10-12T08:00:00Z,2025-10-12,08:00,2,127.38,0.02,5.29,64.5,2.49,7.88,11.02,0.64
Londres,LON,GB,51.5074,-0.1278,2025-10-12T09:00:00Z,2025-10-12,09:00,2,126.75,0.09,5.55,64.19,2.47,7.36,10.42,0.65
Londres,LON,GB,51.5074,-0.1278,2025-10-12T10:00:00Z,2025-10-12,10:00,2,125.23,0.25,5.19,65.94,2.43,6.67,9.71,0.67
Londres,LON,GB,51.5074,-0.1278,2025-10-12T11:00:00Z,2025-10-12,11:00,2,123.48,0.42,4.53,69.44,2.36,5.98,9.01,0.73
Londres,LON,GB,51.5074,-0.1278,2025-10-12T12:00:00Z,2025-10-12,12:00,2,121.91,0.48,3.87,73.97,2.3,5.59,8.58,0.77
Londres,LON,GB,51.5074,-0.1278,2025-10-12T13:00:00Z,2025-10-12,13:00,2,120.8,0.46,3.34,78.56,2.28,5.7,8.67,0.76
Londres,LON,GB,51.5074,-0.1278,2025-10-12T14:00:00Z,2025-10-12,14:00,2,119.67,0.35,3.11,82.25,2.27,6.01,8.98,0.77
Londres,LON,GB,51.5074,-0.1278,2025-10-12T15:00:00Z,2025-10-12,15:00,2,119,0.25,3.1,84.18,2.28,6.34,9.36,0.79
Londres,LON,GB,51.5074,-0.1278,2025-10-12T16:00:00Z,2025-10-12,16:00,2,119,0.13,3.36,84.51,2.34,6.45,9.5,0.88
Londres,LON,GB,51.5074,-0.1278,2025-10-12T17:00:00Z,2025-10-12,17:00,2,118.54,0.03,3.7,82.77,2.4,6.25,9.29,0.95
Londres,LON,GB,51.5074,-0.1278,2025-10-12T18:00:00Z,2025-10-12,18:00,2,117.42,0,3.9,80.39,2.43,6.02,9.08,0.9
Londres,LON,GB,51.5074,-0.1278,2025-10-12T19:00:00Z,2025-10-12,19:00,2,115.34,0,4.05,78.53,2.41,5.48,8.61,0.82
Londres,LON,GB,51.5074,-0.1278,2025-10-12T20:00:00Z,2025-10-12,20:00,2,112.37,0,4.03,77.18,2.33,4.73,7.93,0.75
Londres,LON,GB,51.5074,-0.1278,2025-10-12T21:00:00Z,2025-10-12,21:00,2,109.78,0,3.95,75.6,2.27,4.06,7.37,0.77
Londres,LON,GB,51.5074,-0.1278,2025-10-12T22:00:00Z,2025-10-12,22:00,2,107.45,0,3.86,73.92,2.18,3.5,6.83,0.83
Londres,LON,GB,51.5074,-0.1278,2025-10-12T23:00:00Z,2025-10-12,23:00,2,105.56,0,3.77,71.82,2.1,3.07,6.44,0.84
Londres,LON,GB,51.5074,-0.1278,2025-10-13T00:00:00Z,2025-10-13,00:00,2,103.76,0,3.67,70.05,2,2.76,6.23,0.78
Londres,LON,GB,51.5074,-0.1278,2025-10-13T01:00:00Z,2025-10-13,01:00,2,102.44,0,3.55,68.76,1.91,2.48,6.09,0.68
Londres,LON,GB,51.5074,-0.1278,2025-10-13T02:00:00Z,2025-10-13,02:00,2,101.12,0,3.41,67.64,1.8,2.21,5.8,0.58
Londres,LON,GB,51.5074,-0.1278,2025-10-13T03:00:00Z,2025-10-13,03:00,2,99.71,0,3.3,66.59,1.72,1.99,5.47,0.52
Londres,LON,GB,51.5074,-0.1278,2025-10-13T04:00:00Z,2025-10-13,04:00,2,98.21,0,3.22,65.86,1.66,1.8,5.09,0.47
Londres,LON,GB,51.5074,-0.1278,2025-10-13T05:00:00Z,2025-10-13,05:00,2,97.17,0,3.2,65.06,1.64,1.69,4.77,0.43
Londres,LON,GB,51.5074,-0.1278,2025-10-13T06:00:00Z,2025-10-13,06:00,2,96.42,0,3.17,64.41,1.61,1.61,4.35,0.38
Londres,LON,GB,51.5074,-0.1278,2025-10-13T07:00:00Z,2025-10-13,07:00,2,96.72,0,3.43,62.83,1.65,1.73,3.97,0.33
Londres,LON,GB,51.5074,-0.1278,2025-10-13T08:00:00Z,2025-10-13,08:00,1,97.8,0.01,4.19,59.8,1.82,2.12,4.11,0.3
Londres,LON,GB,51.5074,-0.1278,2025-10-13T09:00:00Z,2025-10-13,09:00,1,99.35,0.06,5.21,56.53,2.04,2.62,4.56,0.28
Londres,LON,GB,51.5074,-0.1278,2025-10-13T10:00:00Z,2025-10-13,10:00,1,100.76,0.16,6.37,53.35,2.25,3.09,5.04,0.27
Londres,LON,GB,51.5074,-0.1278,2025-10-13T11:00:00Z,2025-10-13,11:00,1,101.74,0.29,7.02,51.89,2.3,3.32,5.28,0.26
Londres,LON,GB,51.5074,-0.1278,2025-10-13T12:00:00Z,2025-10-13,12:00,1,101.43,0.41,6.8,53.31,2.23,3.11,5.03,0.25
Londres,LON,GB,51.5074,-0.1278,2025-10-13T13:00:00Z,2025-10-13,13:00,1,100.06,0.52,5.63,57.93,2.09,2.56,4.58,0.24
Londres,LON,GB,51.5074,-0.1278,2025-10-13T14:00:00Z,2025-10-13,14:00,2,98.11,0.5,4.45,62.62,1.9,1.97,3.84,0.23
Londres,LON,GB,51.5074,-0.1278,2025-10-13T15:00:00Z,2025-10-13,15:00,2,96.91,0.44,3.86,64.7,1.72,1.57,3.11,0.22
Londres,LON,GB,51.5074,-0.1278,2025-10-13T16:00:00Z,2025-10-13,16:00,2,96.7,0.27,3.82,64.45,1.57,1.29,2.54,0.22
Londres,LON,GB,51.5074,-0.1278,2025-10-13T17:00:00Z,2025-10-13,17:00,2,96.91,0.07,4.17,62.96,1.53,1.16,2.29,0.23
Londres,LON,GB,51.5074,-0.1278,2025-10-13T18:00:00Z,2025-10-13,18:00,2,97.31,0,4.34,61.94,1.55,1.15,2.3,0.24
Londres,LON,GB,51.5074,-0.1278,2025-10-13T19:00:00Z,2025-10-13,19:00,2,97.72,0,4.46,61.81,1.64,1.21,2.58,0.25
Londres,LON,GB,51.5074,-0.1278,2025-10-13T20:00:00Z,2025-10-13,20:00,2,98.14,0,4.72,61.96,1.76,1.32,3.04,0.27
Londres,LON,GB,51.5074,-0.1278,2025-10-13T21:00:00Z,2025-10-13,21:00,2,98.74,0,4.91,62.74,1.82,1.42,3.53,0.29
Londres,LON,GB,51.5074,-0.1278,2025-10-13T22:00:00Z,2025-10-13,22:00,2,99.24,0,4.96,63.64,1.79,1.49,3.9,0.32
Londres,LON,GB,51.5074,-0.1278,2025-10-13T23:00:00Z,2025-10-13,23:00,2,99.54,0,4.86,64.29,1.73,1.52,4.13,0.33
Londres,LON,GB,51.5074,-0.1278,2025-10-14T00:00:00Z,2025-10-14,00:00,2,99.75,0,4.67,64.7,1.7,1.51,4.3,0.35
Londres,LON,GB,51.5074,-0.1278,2025-10-14T01:00:00Z,2025-10-14,01:00,2,99.68,0,4.42,65.19,1.7,1.47,4.42,0.38
Londres,LON,GB,51.5074,-0.1278,2025-10-14T02:00:00Z,2025-10-14,02:00,2,99.49,0,4.25,65.28,1.77,1.43,4.53,0.4
Londres,LON,GB,51.5074,-0.1278,2025-10-14T03:00:00Z,2025-10-14,03:00,2,99.41,0,4.15,65.04,1.83,1.41,4.52,0.43
Londres,LON,GB,51.5074,-0.1278,2025-10-14T04:00:00Z,2025-10-14,04:00,2,99.27,0,4.09,64.83,1.84,1.36,3.97,0.41
Londres,LON,GB,51.5074,-0.1278,2025-10-14T05:00:00Z,2025-10-14,05:00,2,99.18,0,4.11,64.25,1.81,1.3,3.37,0.36
Londres,LON,GB,51.5074,-0.1278,2025-10-14T06:00:00Z,2025-10-14,06:00,2,99.08,0,4.26,63.59,1.88,1.26,3.13,0.32
Londres,LON,GB,51.5074,-0.1278,2025-10-14T07:00:00Z,2025-10-14,07:00,2,98.88,0,4.78,61.92,2.08,1.32,3.19,0.3
Londres,LON,GB,51.5074,-0.1278,2025-10-14T08:00:00Z,2025-10-14,08:00,1,99.4,0.06,5.81,59.56,2.36,1.44,3.28,0.28
Londres,LON,GB,51.5074,-0.1278,2025-10-14T09:00:00Z,2025-10-14,09:00,1,100.02,0.34,6.54,58,2.52,1.54,3.29,0.25
Londres,LON,GB,51.5074,-0.1278,2025-10-14T10:00:00Z,2025-10-14,10:00,1,99.66,0.71,6.33,58.44,2.53,1.54,3.23,0.23
Londres,LON,GB,51.5074,-0.1278,2025-10-14T11:00:00Z,2025-10-14,11:00,1,99.24,0.94,5.83,59.81,2.45,1.48,3.09,0.23
Londres,LON,GB,51.5074,-0.1278,2025-10-14T12:00:00Z,2025-10-14,12:00,1,99.28,1.1,5.65,59.95,2.44,1.46,2.94,0.24
Londres,LON,GB,51.5074,-0.1278,2025-10-14T13:00:00Z,2025-10-14,13:00,1,99.79,1.14,5.6,59.95,2.42,1.43,2.77,0.25
Londres,LON,GB,51.5074,-0.1278,2025-10-14T14:00:00Z,2025-10-14,14:00,1,100.2,1.03,5.86,59.4,2.5,1.4,2.68,0.27
Londres,LON,GB,51.5074,-0.1278,2025-10-14T15:00:00Z,2025-10-14,15:00,1,101.07,0.87,6.34,58.68,2.62,1.39,2.67,0.29
Londres,LON,GB,51.5074,-0.1278,2025-10-14T16:00:00Z,2025-10-14,16:00,1,102.17,0.55,7.33,57.64,2.77,1.37,2.67,0.32
Londres,LON,GB,51.5074,-0.1278,2025-10-14T17:00:00Z,2025-10-14,17:00,1,103.13,0.14,8.58,56.37,2.9,1.34,2.65,0.35
Londres,LON,GB,51.5074,-0.1278,2025-10-14T18:00:00Z,2025-10-14,18:00,1,103.71,0,9.09,55.71,3.01,1.32,2.62,0.38
Londres,LON,GB,51.5074,-0.1278,2025-10-14T19:00:00Z,2025-10-14,19:00,1,103.93,0,9.13,55.73,3.06,1.27,2.57,0.42
Londres,LON,GB,51.5074,-0.1278,2025-10-14T20:00:00Z,2025-10-14,20:00,1,103.68,0,8.81,56.54,3.02,1.18,2.48,0.48
Londres,LON,GB,51.5074,-0.1278,2025-10-14T21:00:00Z,2025-10-14,21:00,1,102.86,0,8.21,57.71,2.9,1.08,2.38,0.55
Londres,LON,GB,51.5074,-0.1278,2025-10-14T22:00:00Z,2025-10-14,22:00,1,102.07,0,7.45,59.3,2.71,1.03,2.35,0.6
Londres,LON,GB,51.5074,-0.1278,2025-10-14T23:00:00Z,2025-10-14,23:00,2,102.43,0,7.08,60.02,2.62,1.18,2.62,0.63
Londres,LON,GB,51.5074,-0.1278,2025-10-15T00:00:00Z,2025-10-15,00:00,2,103.9,0,6.88,60.31,2.61,1.5,3.14,0.61
Londres,LON,GB,51.5074,-0.1278,2025-10-15T01:00:00Z,2025-10-15,01:00,2,104.97,0,6.56,61.62,2.51,1.82,3.52,0.54
Londres,LON,GB,51.5074,-0.1278,2025-10-15T02:00:00Z,2025-10-15,02:00,2,105.71,0,6.05,64.66,2.34,1.95,3.59,0.45
Londres,LON,GB,51.5074,-0.1278,2025-10-15T03:00:00Z,2025-10-15,03:00,2,105.41,0,5.46,68.31,2.18,1.9,3.5,0.38
Londres,LON,GB,51.5074,-0.1278,2025-10-15T04:00:00Z,2025-10-15,04:00,2,103.61,0,4.96,70.53,2.08,1.75,3.37,0.34
Londres,LON,GB,51.5074,-0.1278,2025-10-15T05:00:00Z,2025-10-15,05:00,2,102.36,0,4.79,70.92,2.11,1.64,3.4,0.33
Londres,LON,GB,51.5074,-0.1278,2025-10-15T06:00:00Z,2025-10-15,06:00,2,101.02,0,4.83,70.09,2.2,1.55,3.42,0.33
Londres,LON,GB,51.5074,-0.1278,2025-10-15T07:00:00Z,2025-10-15,07:00,2,100.24,0,5.47,68.14,2.51,1.57,3.73,0.35
Londres,LON,GB,51.5074,-0.1278,2025-10-15T08:00:00Z,2025-10-15,08:00,2,100.68,0.04,6.94,65.31,3.06,1.69,4.26,0.39
Londres,LON,GB,51.5074,-0.1278,2025-10-15T09:00:00Z,2025-10-15,09:00,2,101.5,0.16,8.35,63.84,3.4,1.77,4.49,0.4
Londres,LON,GB,51.5074,-0.1278,2025-10-15T10:00:00Z,2025-10-15,10:00,2,102.36,0.4,9.49,63.31,3.62,1.82,4.5,0.4
Londres,LON,GB,51.5074,-0.1278,2025-10-15T11:00:00Z,2025-10-15,11:00,2,103.25,0.74,10.08,63.47,3.74,1.85,4.43,0.39
Londres,LON,GB,51.5074,-0.1278,2025-10-15T12:00:00Z,2025-10-15,12:00,2,104.05,1.03,10.17,63.87,3.83,1.92,4.47,0.39
Londres,LON,GB,51.5074,-0.1278,2025-10-15T13:00:00Z,2025-10-15,13:00,2,104.68,0.95,10.14,64.83,3.84,1.96,4.48,0.4
Londres,LON,GB,51.5074,-0.1278,2025-10-15T14:00:00Z,2025-10-15,14:00,2,104.2,0.62,9.83,65.24,3.66,1.91,4.33,0.4
Londres,LON,GB,51.5074,-0.1278,2025-10-15T15:00:00Z,2025-10-15,15:00,2,103.34,0.32,9.46,65.89,3.46,1.8,4.12,0.42
Londres,LON,GB,51.5074,-0.1278,2025-10-15T16:00:00Z,2025-10-15,16:00,2,102.37,0.11,9.04,67.38,3.23,1.64,3.81,0.43
Londres,LON,GB,51.5074,-0.1278,2025-10-15T17:00:00Z,2025-10-15,17:00,2,101.83,0.02,8.78,68.59,3.11,1.51,3.55,0.45
Londres,LON,GB,51.5074,-0.1278,2025-10-15T18:00:00Z,2025-10-15,18:00,2,101.75,0,8.4,69.73,3.06,1.45,3.48,0.49
Londres,LON,GB,51.5074,-0.1278,2025-10-15T19:00:00Z,2025-10-15,19:00,2,101.72,0,7.83,71.52,2.93,1.39,3.43,0.54
Londres,LON,GB,51.5074,-0.1278,2025-10-15T20:00:00Z,2025-10-15,20:00,2,102,0,7.47,74.07,2.85,1.35,3.42,0.6
Londres,LON,GB,51.5074,-0.1278,2025-10-15T21:00:00Z,2025-10-15,21:00,2,101.44,0,6.76,77.5,2.63,1.28,3.26,0.61
Londres,LON,GB,51.5074,-0.1278,2025-10-15T22:00:00Z,2025-10-15,22:00,2,100.48,0,6.24,80.36,2.47,1.23,3.15,0.58
Londres,LON,GB,51.5074,-0.1278,2025-10-15T23:00:00Z,2025-10-15,23:00,2,100.43,0,6.37,81.28,2.53,1.25,3.22,0.55
Londres,LON,GB,51.5074,-0.1278,2025-10-16T00:00:00Z,2025-10-16,00:00,2,100.2,0,6.33,81.64,2.53,1.26,3.27,0.49
Londres,LON,GB,51.5074,-0.1278,2025-10-16T01:00:00Z,2025-10-16,01:00,2,99.92,0,6.17,81.8,2.5,1.26,3.28,0.42
Londres,LON,GB,51.5074,-0.1278,2025-10-16T02:00:00Z,2025-10-16,02:00,2,99.42,0,5.76,82.41,2.38,1.23,3.21,0.36
Londres,LON,GB,51.5074,-0.1278,2025-10-16T03:00:00Z,2025-10-16,03:00,2,98.91,0,5.32,82.94,2.27,1.21,3.17,0.32
Londres,LON,GB,51.5074,-0.1278,2025-10-16T04:00:00Z,2025-10-16,04:00,2,98.33,0,4.82,84.21,2.14,1.19,3.15,0.29
Londres,LON,GB,51.5074,-0.1278,2025-10-16T05:00:00Z,2025-10-16,05:00,2,97.59,0,4.37,85.25,2.02,1.17,3.16,0.26
Londres,LON,GB,51.5074,-0.1278,2025-10-16T06:00:00Z,2025-10-16,06:00,2,97.41,0,4.08,86.3,1.95,1.17,3.22,0.24
Londres,LON,GB,51.5074,-0.1278,2025-10-16T07:00:00Z,2025-10-16,07:00,2,97.23,0,3.87,87.27,1.87,1.15,3.17,0.22
Londres,LON,GB,51.5074,-0.1278,2025-10-16T08:00:00Z,2025-10-16,08:00,2,97.51,0.05,3.94,87.83,1.83,1.12,3.05,0.21
Londres,LON,GB,51.5074,-0.1278,2025-10-16T09:00:00Z,2025-10-16,09:00,2,97.88,0.18,3.96,87.59,1.84,1.14,2.99,0.21
Londres,LON,GB,51.5074,-0.1278,2025-10-16T10:00:00Z,2025-10-16,10:00,2,98.41,0.33,3.9,87.56,1.83,1.16,2.92,0.22
Londres,LON,GB,51.5074,-0.1278,2025-10-16T11:00:00Z,2025-10-16,11:00,2,99.1,0.42,3.78,87.34,1.85,1.22,2.98,0.23
Londres,LON,GB,51.5074,-0.1278,2025-10-16T12:00:00Z,2025-10-16,12:00,2,99.69,0.45,3.47,87.61,1.84,1.3,3.11,0.24
Londres,LON,GB,51.5074,-0.1278,2025-10-16T13:00:00Z,2025-10-16,13:00,2,100.33,0.36,3.07,89.04,1.77,1.37,3.18,0.23
Londres,LON,GB,51.5074,-0.1278,2025-10-16T14:00:00Z,2025-10-16,14:00,2,101.12,0.25,2.82,89.47,1.66,1.43,3.21,0.22
Londres,LON,GB,51.5074,-0.1278,2025-10-16T15:00:00Z,2025-10-16,15:00,2,102.18,0.15,2.78,88.38,1.58,1.42,3.19,0.22
Londres,LON,GB,51.5074,-0.1278,2025-10-16T16:00:00Z,2025-10-16,16:00,2,103.71,0.07,2.96,86.42,1.5,1.34,2.91,0.23
Londres,LON,GB,51.5074,-0.1278,2025-10-16T17:00:00Z,2025-10-16,17:00,2,104.49,0.01,3.13,83.98,1.42,1.26,2.54,0.23
Londres,LON,GB,51.5074,-0.1278,2025-10-16T18:00:00Z,2025-10-16,18:00,2,104.89,0,3.14,82.18,1.36,1.21,2.28,0.23
Londres,LON,GB,51.5074,-0.1278,2025-10-16T19:00:00Z,2025-10-16,19:00,2,104.46,0,3.13,81.09,1.34,1.2,2.23,0.22
Londres,LON,GB,51.5074,-0.1278,2025-10-16T20:00:00Z,2025-10-16,20:00,2,104.13,0,3.09,81.04,1.31,1.19,2.21,0.22
Londres,LON,GB,51.5074,-0.1278,2025-10-16T21:00:00Z,2025-10-16,21:00,2,103.89,0,2.99,81.62,1.26,1.18,2.2,0.2
Londres,LON,GB,51.5074,-0.1278,2025-10-16T22:00:00Z,2025-10-16,22:00,2,103.91,0,2.8,82.68,1.18,1.16,2.1,0.19
Londres,LON,GB,51.5074,-0.1278,2025-10-16T23:00:00Z,2025-10-16,23:00,2,103.92,0,2.68,83.56,1.16,1.15,2.07,0.19
Londres,LON,GB,51.5074,-0.1278,2025-10-17T00:00:00Z,2025-10-17,00:00,2,104.11,0,2.59,84.13,1.17,1.15,2.14,0.21
Londres,LON,GB,51.5074,-0.1278,2025-10-17T01:00:00Z,2025-10-17,01:00,2,103.97,0,2.53,84.49,1.22,1.15,2.33,0.23
Londres,LON,GB,51.5074,-0.1278,2025-10-17T02:00:00Z,2025-10-17,02:00,2,103.78,0,2.46,84.73,1.3,1.16,2.69,0.25
Londres,LON,GB,51.5074,-0.1278,2025-10-17T03:00:00Z,2025-10-17,03:00,2,103.5,0,2.4,84.89,1.38,1.19,3.08,0.26
Londres,LON,GB,51.5074,-0.1278,2025-10-17T04:00:00Z,2025-10-17,04:00,2,103.64,0,2.39,84.86,1.46,1.23,3.46,0.27
Londres,LON,GB,51.5074,-0.1278,2025-10-17T05:00:00Z,2025-10-17,05:00,2,103.47,0,2.44,84.47,1.52,1.24,3.61,0.27
Londres,LON,GB,51.5074,-0.1278,2025-10-17T06:00:00Z,2025-10-17,06:00,2,103.48,0,2.51,83.76,1.55,1.23,3.61,0.27
Londres,LON,GB,51.5074,-0.1278,2025-10-17T07:00:00Z,2025-10-17,07:00,2,103.5,0,2.58,83.14,1.54,1.21,3.44,0.29
Londres,LON,GB,51.5074,-0.1278,2025-10-17T08:00:00Z,2025-10-17,08:00,2,103.35,0.03,2.72,82.69,1.51,1.19,3.28,0.3
Londres,LON,GB,51.5074,-0.1278,2025-10-17T09:00:00Z,2025-10-17,09:00,2,103.39,0.12,2.74,82.64,1.51,1.19,3.23,0.31
Londres,LON,GB,51.5074,-0.1278,2025-10-17T10:00:00Z,2025-10-17,10:00,2,103.3,0.23,2.61,83.61,1.52,1.22,3.37,0.32
Londres,LON,GB,51.5074,-0.1278,2025-10-17T11:00:00Z,2025-10-17,11:00,2,103.2,0.31,2.42,85.11,1.57,1.31,3.63,0.33
Londres,LON,GB,51.5074,-0.1278,2025-10-17T12:00:00Z,2025-10-17,12:00,2,103.09,0.33,2.2,87.56,1.59,1.45,3.88,0.33
Londres,LON,GB,51.5074,-0.1278,2025-10-17T13:00:00Z,2025-10-17,13:00,2,102.89,0.31,2.06,90.42,1.6,1.62,4.05,0.32
Londres,LON,GB,51.5074,-0.1278,2025-10-17T14:00:00Z,2025-10-17,14:00,2,102.77,0.26,2.06,92.39,1.61,1.78,4.17,0.31
Londres,LON,GB,51.5074,-0.1278,2025-10-17T15:00:00Z,2025-10-17,15:00,2,102.66,0.2,2.2,93.01,1.61,1.87,4.16,0.31
Londres,LON,GB,51.5074,-0.1278,2025-10-17T16:00:00Z,2025-10-17,16:00,2,102.57,0.11,2.52,92.06,1.58,1.86,3.91,0.29
Londres,LON,GB,51.5074,-0.1278,2025-10-17T17:00:00Z,2025-10-17,17:00,2,102.77,0.02,2.92,89.92,1.54,1.8,3.6,0.27
Londres,LON,GB,51.5074,-0.1278,2025-10-17T18:00:00Z,2025-10-17,18:00,2,103.43,0,3.11,88.02,1.51,1.8,3.45,0.27
Londres,LON,GB,51.5074,-0.1278,2025-10-17T19:00:00Z,2025-10-17,19:00,2,104.1,0,3.23,86.52,1.48,1.86,3.45,0.29
Londres,LON,GB,51.5074,-0.1278,2025-10-17T20:00:00Z,2025-10-17,20:00,2,104.77,0,3.24,85.9,1.46,1.91,3.54,0.32
Londres,LON,GB,51.5074,-0.1278,2025-10-17T21:00:00Z,2025-10-17,21:00,2,105.25,0,3.19,85.83,1.47,1.95,3.7,0.38
Londres,LON,GB,51.5074,-0.1278,2025-10-17T22:00:00Z,2025-10-17,22:00,2,106.27,0,3.2,85.51,1.53,2.03,3.96,0.44
Londres,LON,GB,51.5074,-0.1278,2025-10-17T23:00:00Z,2025-10-17,23:00,2,108.67,0,3.42,84.38,1.67,2.27,4.46,0.53
Londres,LON,GB,51.5074,-0.1278,2025-10-18T00:00:00Z,2025-10-18,00:00,2,111.81,0,3.81,82.05,1.86,2.59,5.09,0.67
Londres,LON,GB,51.5074,-0.1278,2025-10-18T01:00:00Z,2025-10-18,01:00,2,115.05,0,4.25,79.33,2.07,2.96,5.94,0.83
Londres,LON,GB,51.5074,-0.1278,2025-10-18T02:00:00Z,2025-10-18,02:00,2,117.36,0,4.57,77.1,2.22,3.7,7.01,0.91
Londres,LON,GB,51.5074,-0.1278,2025-10-18T03:00:00Z,2025-10-18,03:00,2,118.37,0,4.67,75.98,2.25,4.3,7.61,0.91
Londres,LON,GB,51.5074,-0.1278,2025-10-18T04:00:00Z,2025-10-18,04:00,2,119.23,0,4.68,75.28,2.22,4.74,7.89,0.87
Londres,LON,GB,51.5074,-0.1278,2025-10-18T05:00:00Z,2025-10-18,05:00,2,119.75,0,4.69,74.35,2.17,5.26,8.25,0.78
Londres,LON,GB,51.5074,-0.1278,2025-10-18T06:00:00Z,2025-10-18,06:00,2,119.9,0,4.65,73.43,2.11,5.65,8.54,0.69
Londres,LON,GB,51.5074,-0.1278,2025-10-18T07:00:00Z,2025-10-18,07:00,2,119.18,0,4.49,72.97,2,5.67,8.47,0.65
Londres,LON,GB,51.5074,-0.1278,2025-10-18T08:00:00Z,2025-10-18,08:00,2,118.05,0.03,4.56,73.36,1.88,5.45,8.18,0.66
Londres,LON,GB,51.5074,-0.1278,2025-10-18T09:00:00Z,2025-10-18,09:00,2,117.3,0.19,4.45,74.39,1.79,5.16,7.8,0.7
Londres,LON,GB,51.5074,-0.1278,2025-10-18T10:00:00Z,2025-10-18,10:00,2,117.1,0.36,4.24,75.5,1.74,5.1,7.64,0.72
Londres,LON,GB,51.5074,-0.1278,2025-10-18T11:00:00Z,2025-10-18,11:00,2,117.53,0.48,4.01,76.91,1.77,5.12,7.55,0.7
Londres,LON,GB,51.5074,-0.1278,2025-10-18T12:00:00Z,2025-10-18,12:00,2,118.25,0.52,3.82,78.81,1.82,5.05,7.37,0.69
Londres,LON,GB,51.5074,-0.1278,2025-10-18T13:00:00Z,2025-10-18,13:00,2,118.44,0.33,4.08,80.02,1.9,5.03,7.25,0.68
Londres,LON,GB,51.5074,-0.1278,2025-10-18T14:00:00Z,2025-10-18,14:00,2,119.05,0.26,4.41,80.57,1.98,5.15,7.34,0.72
Londres,LON,GB,51.5074,-0.1278,2025-10-18T15:00:00Z,2025-10-18,15:00,2,119.83,0.17,4.8,81.1,2.04,4.96,7.13,0.88
Londres,LON,GB,51.5074,-0.1278,2025-10-18T16:00:00Z,2025-10-18,16:00,2,120.87,0.05,5.08,81.95,2.1,4.87,7.03,1.02
Londres,LON,GB,51.5074,-0.1278,2025-10-18T17:00:00Z,2025-10-18,17:00,2,121.71,0.01,5.18,81.83,2.21,4.93,7.14,1.14
Londres,LON,GB,51.5074,-0.1278,2025-10-18T18:00:00Z,2025-10-18,18:00,2,124.03,0,5.27,80.68,2.44,5.66,8.04,1.21
Londres,LON,GB,51.5074,-0.1278,2025-10-18T19:00:00Z,2025-10-18,19:00,2,127.31,0,5.44,79.18,2.72,6.65,9.24,1.26
Londres,LON,GB,51.5074,-0.1278,2025-10-18T20:00:00Z,2025-10-18,20:00,2,130.09,0,5.66,77.16,2.96,7.45,10.28,1.28
Londres,LON,GB,51.5074,-0.1278,2025-10-18T21:00:00Z,2025-10-18,21:00,2,132.41,0,5.83,75.38,3.09,8.17,11.16,1.28
Londres,LON,GB,51.5074,-0.1278,2025-10-18T22:00:00Z,2025-10-18,22:00,2,134.84,0,6.04,73.13,3.14,8.98,12.07,1.32
Londres,LON,GB,51.5074,-0.1278,2025-10-18T23:00:00Z,2025-10-18,23:00,2,137.46,0,6.48,69.95,3.19,9.9,13.04,1.46
Londres,LON,GB,51.5074,-0.1278,2025-10-19T00:00:00Z,2025-10-19,00:00,2,138.88,0,6.74,67.09,3.14,10.65,13.65,1.61
Londres,LON,GB,51.5074,-0.1278,2025-10-19T01:00:00Z,2025-10-19,01:00,2,139.35,0,7.14,64.21,3.16,11,13.84,1.74
Londres,LON,GB,51.5074,-0.1278,2025-10-19T02:00:00Z,2025-10-19,02:00,2,139.5,0,7.73,60.61,3.25,11.03,13.82,1.85
Londres,LON,GB,51.5074,-0.1278,2025-10-19T03:00:00Z,2025-10-19,03:00,2,138,0,7.9,58.12,3.26,11.01,13.73,1.87
Londres,LON,GB,51.5074,-0.1278,2025-10-19T04:00:00Z,2025-10-19,04:00,2,135.73,0,7.77,56.99,3.21,11.12,13.8,1.84
Londres,LON,GB,51.5074,-0.1278,2025-10-19T05:00:00Z,2025-10-19,05:00,2,132.43,0,7.35,56.99,3.13,11.2,13.9,1.79
Londres,LON,GB,51.5074,-0.1278,2025-10-19T06:00:00Z,2025-10-19,06:00,2,129.51,0,6.88,58.05,3.02,11.35,14.11,1.75
Londres,LON,GB,51.5074,-0.1278,2025-10-19T07:00:00Z,2025-10-19,07:00,2,127.63,0,6.59,60.18,2.85,10.94,13.5,1.66
Londres,LON,GB,51.5074,-0.1278,2025-10-19T08:00:00Z,2025-10-19,08:00,2,125.8,0.01,6.64,62.4,2.69,9.84,11.96,1.45
Londres,LON,GB,51.5074,-0.1278,2025-10-19T09:00:00Z,2025-10-19,09:00,2,123.98,0.04,6.83,65.48,2.54,9.08,10.72,1.06
Londres,LON,GB,51.5074,-0.1278,2025-10-19T10:00:00Z,2025-10-19,10:00,2,121.32,0.09,6.43,70.65,2.06,7.75,8.65,0.53
Londres,LON,GB,51.5074,-0.1278,2025-10-19T11:00:00Z,2025-10-19,11:00,2,120.2,0.14,6.31,72.22,1.83,6.95,7.56,0.25
Londres,LON,GB,51.5074,-0.1278,2025-10-19T12:00:00Z,2025-10-19,12:00,2,120.26,0.19,6.35,72.62,1.8,6.81,7.4,0.16
Londres,LON,GB,51.5074,-0.1278,2025-10-19T13:00:00Z,2025-10-19,13:00,2,119.57,0.16,6.29,74.63,1.75,6.66,7.28,0.16
Londres,LON,GB,51.5074,-0.1278,2025-10-19T14:00:00Z,2025-10-19,14:00,2,119.48,0.12,6.2,75.21,1.67,6.52,7.19,0.22
Londres,LON,GB,51.5074,-0.1278,2025-10-19T15:00:00Z,2025-10-19,15:00,2,120.57,0.07,6.02,73.7,1.52,6.39,7.08,0.32
Londres,LON,GB,51.5074,-0.1278,2025-10-19T16:00:00Z,2025-10-19,16:00,2,121.53,0.01,5.49,71.48,1.26,5.71,6.32,0.33
Londres,LON,GB,51.5074,-0.1278,2025-10-19T17:00:00Z,2025-10-19,17:00,2,119.57,0,5.16,70.18,1.24,4.82,5.45,0.25
Londres,LON,GB,51.5074,-0.1278,2025-10-19T18:00:00Z,2025-10-19,18:00,2,114.56,0,5.02,72.43,1.32,3.78,4.51,0.18
Londres,LON,GB,51.5074,-0.1278,2025-10-19T19:00:00Z,2025-10-19,19:00,2,109.91,0,5.1,76.94,1.63,2.97,4.22,0.16
Londres,LON,GB,51.5074,-0.1278,2025-10-19T20:00:00Z,2025-10-19,20:00,2,106.87,0,5.51,78.18,2.07,3.09,5.38,0.13
Londres,LON,GB,51.5074,-0.1278,2025-10-19T21:00:00Z,2025-10-19,21:00,2,104.01,0,5.77,75.71,2.44,4.15,8.41,0.07
Londres,LON,GB,51.5074,-0.1278,2025-10-19T22:00:00Z,2025-10-19,22:00,2,99.55,0,5.27,73.35,2.49,5.02,10.99,0.02
Londres,LON,GB,51.5074,-0.1278,2025-10-19T23:00:00Z,2025-10-19,23:00,2,96.39,0,4.53,73.5,2.26,4.61,9.64,0.02
Londres,LON,GB,51.5074,-0.1278,2025-10-20T00:00:00Z,2025-10-20,00:00,2,95.48,0,3.92,73.11,1.93,3.59,6.88,0.07
Londres,LON,GB,51.5074,-0.1278,2025-10-20T01:00:00Z,2025-10-20,01:00,2,95.64,0,3.31,72.32,1.55,2.45,4.4,0.12
Londres,LON,GB,51.5074,-0.1278,2025-10-20T02:00:00Z,2025-10-20,02:00,2,96.14,0,3.07,71.28,1.36,1.8,3.19,0.15
Londres,LON,GB,51.5074,-0.1278,2025-10-20T03:00:00Z,2025-10-20,03:00,2,96.55,0,2.9,70.48,1.25,1.49,2.68,0.18
Londres,LON,GB,51.5074,-0.1278,2025-10-20T04:00:00Z,2025-10-20,04:00,2,96.87,0,2.9,70.22,1.24,1.33,2.41,0.19
Londres,LON,GB,51.5074,-0.1278,2025-10-20T05:00:00Z,2025-10-20,05:00,2,96.75,0,2.76,70.43,1.21,1.2,2.26,0.16
Londres,LON,GB,51.5074,-0.1278,2025-10-20T06:00:00Z,2025-10-20,06:00,2,96.26,0,2.59,71.56,1.19,1.2,2.32,0.14
Londres,LON,GB,51.5074,-0.1278,2025-10-20T07:00:00Z,2025-10-20,07:00,2,95.51,0,2.46,73.93,1.12,1.21,2.3,0.12
Londres,LON,GB,51.5074,-0.1278,2025-10-20T08:00:00Z,2025-10-20,08:00,2,94.95,0.01,2.34,76.84,1,1.15,2.17,0.11
Londres,LON,GB,51.5074,-0.1278,2025-10-20T09:00:00Z,2025-10-20,09:00,2,95.01,0.01,2.23,78.97,0.88,1.06,2.02,0.11
Londres,LON,GB,51.5074,-0.1278,2025-10-20T10:00:00Z,2025-10-20,10:00,2,96.22,0.02,2.15,79.7,0.78,1,1.91,0.1
Londres,LON,GB,51.5074,-0.1278,2025-10-20T11:00:00Z,2025-10-20,11:00,2,98.74,0.03,2.27,77.55,0.81,1.01,1.94,0.08
Londres,LON,GB,51.5074,-0.1278,2025-10-20T12:00:00Z,2025-10-20,12:00,2,101.7,0.04,2.33,74.56,0.86,1.05,2.02,0.05
Londres,LON,GB,51.5074,-0.1278,2025-10-20T13:00:00Z,2025-10-20,13:00,2,104.01,0.04,2.26,72.33,0.94,1.2,2.44,0.03
Londres,LON,GB,51.5074,-0.1278,2025-10-20T14:00:00Z,2025-10-20,14:00,2,105.04,0.04,2.06,70.94,0.96,1.24,2.76,0.01
Londres,LON,GB,51.5074,-0.1278,2025-10-20T15:00:00Z,2025-10-20,15:00,2,104.82,0.03,1.96,69.86,0.94,1.27,3.06,0.01
Londres,LON,GB,51.5074,-0.1278,2025-10-20T16:00:00Z,2025-10-20,16:00,2,104.61,0.02,1.88,69.84,0.84,1.07,2.64,0.02
Londres,LON,GB,51.5074,-0.1278,2025-10-20T17:00:00Z,2025-10-20,17:00,2,103.62,0,1.9,68.97,0.8,0.84,2.3,0.04
Londres,LON,GB,51.5074,-0.1278,2025-10-20T18:00:00Z,2025-10-20,18:00,2,104.05,0,2.19,68.02,0.85,0.74,2.18,0.07
Londres,LON,GB,51.5074,-0.1278,2025-10-20T19:00:00Z,2025-10-20,19:00,2,105.82,0,2.86,66.76,0.97,0.75,2.2,0.14
Londres,LON,GB,51.5074,-0.1278,2025-10-20T20:00:00Z,2025-10-20,20:00,2,107.06,0,3.32,67.11,1.02,0.76,2.28,0.19
Londres,LON,GB,51.5074,-0.1278,2025-10-20T21:00:00Z,2025-10-20,21:00,2,104.62,0,3.15,68.77,0.97,0.7,2.26,0.21
Londres,LON,GB,51.5074,-0.1278,2025-10-20T22:00:00Z,2025-10-20,22:00,2,101.21,0,2.96,70.14,1.02,0.68,2.43,0.21
Londres,LON,GB,51.5074,-0.1278,2025-10-20T23:00:00Z,2025-10-20,23:00,2,98.98,0,2.89,70.68,1.08,0.64,2.35,0.2
Londres,LON,GB,51.5074,-0.1278,2025-10-21T00:00:00Z,2025-10-21,00:00,2,98.01,0,2.98,69.91,1.14,0.61,2.18,0.2
Londres,LON,GB,51.5074,-0.1278,2025-10-21T01:00:00Z,2025-10-21,01:00,2,97.29,0,3.02,68.12,1.14,0.58,1.93,0.19
Londres,LON,GB,51.5074,-0.1278,2025-10-21T02:00:00Z,2025-10-21,02:00,2,97.27,0,2.92,66.39,1.11,0.55,1.69,0.17
Londres,LON,GB,51.5074,-0.1278,2025-10-21T03:00:00Z,2025-10-21,03:00,2,97.16,0,2.67,65.9,1.07,0.54,1.54,0.16
Londres,LON,GB,51.5074,-0.1278,2025-10-21T04:00:00Z,2025-10-21,04:00,2,97.1,0,2.27,67.62,0.98,0.55,1.5,0.13
Londres,LON,GB,51.5074,-0.1278,2025-10-21T05:00:00Z,2025-10-21,05:00,2,98.2,0,2.06,70.49,0.98,0.61,1.73,0.1
Londres,LON,GB,51.5074,-0.1278,2025-10-21T06:00:00Z,2025-10-21,06:00,2,100.1,0,1.96,72.74,1,0.69,1.98,0.07
Londres,LON,GB,51.5074,-0.1278,2025-10-21T07:00:00Z,2025-10-21,07:00,2,101.91,0,1.91,73.98,1.02,0.69,2.02,0.04
Londres,LON,GB,51.5074,-0.1278,2025-10-21T08:00:00Z,2025-10-21,08:00,2,102.83,0.02,1.95,74.99,1.02,0.62,1.78,0.03
Londres,LON,GB,51.5074,-0.1278,2025-10-21T09:00:00Z,2025-10-21,09:00,2,103.47,0.04,2,75.31,1.02,0.53,1.48,0.02
Londres,LON,GB,51.5074,-0.1278,2025-10-21T10:00:00Z,2025-10-21,10:00,2,103.82,0.04,2.06,74.84,1.01,0.51,1.29,0.02
Londres,LON,GB,51.5074,-0.1278,2025-10-21T11:00:00Z,2025-10-21,11:00,2,104.32,0.05,2.08,74.27,1.01,0.52,1.29,0.02
Londres,LON,GB,51.5074,-0.1278,2025-10-21T12:00:00Z,2025-10-21,12:00,2,104.55,0.06,2.07,74.24,1.03,0.58,1.4,0.02
Londres,LON,GB,51.5074,-0.1278,2025-10-21T13:00:00Z,2025-10-21,13:00,2,104.71,0.07,2.03,75.23,1.03,0.71,1.59,0.02
Londres,LON,GB,51.5074,-0.1278,2025-10-21T14:00:00Z,2025-10-21,14:00,2,104.26,0.07,1.99,76.23,1.02,0.87,1.77,0.02
Londres,LON,GB,51.5074,-0.1278,2025-10-21T15:00:00Z,2025-10-21,15:00,2,103.26,0.06,1.98,77.62,1,0.96,1.84,0.02
Londres,LON,GB,51.5074,-0.1278,2025-10-21T16:00:00Z,2025-10-21,16:00,2,101.57,0.03,2,79.41,0.96,0.91,1.76,0.03
Londres,LON,GB,51.5074,-0.1278,2025-10-21T17:00:00Z,2025-10-21,17:00,2,99.9,0,2,80.76,0.94,0.76,1.49,0.04
Londres,LON,GB,51.5074,-0.1278,2025-10-21T18:00:00Z,2025-10-21,18:00,2,99.31,0,1.98,81.33,0.92,0.64,1.23,0.05
Londres,LON,GB,51.5074,-0.1278,2025-10-21T19:00:00Z,2025-10-21,19:00,2,99.18,0,2,81.68,0.95,0.58,1.13,0.07
Londres,LON,GB,51.5074,-0.1278,2025-10-21T20:00:00Z,2025-10-21,20:00,2,99.59,0,2.07,82.27,1.03,0.56,1.13,0.1
Londres,LON,GB,51.5074,-0.1278,2025-10-21T21:00:00Z,2025-10-21,21:00,2,100.1,0,2.19,82.47,1.11,0.56,1.14,0.14
Londres,LON,GB,51.5074,-0.1278,2025-10-21T22:00:00Z,2025-10-21,22:00,2,100.64,0,2.28,82.54,1.18,0.57,1.18,0.17
Londres,LON,GB,51.5074,-0.1278,2025-10-21T23:00:00Z,2025-10-21,23:00,2,101.11,0,2.35,82.63,1.23,0.61,1.28,0.19
Londres,LON,GB,51.5074,-0.1278,2025-10-22T00:00:00Z,2025-10-22,00:00,2,101.04,0,2.39,83.03,1.27,0.67,1.4,0.21
Londres,LON,GB,51.5074,-0.1278,2025-10-22T01:00:00Z,2025-10-22,01:00,2,100.47,0,2.36,83.55,1.28,0.71,1.47,0.22
Londres,LON,GB,51.5074,-0.1278,2025-10-22T02:00:00Z,2025-10-22,02:00,2,99.57,0,2.35,84.49,1.28,0.69,1.42,0.21
Londres,LON,GB,51.5074,-0.1278,2025-10-22T03:00:00Z,2025-10-22,03:00,2,98.76,0,2.37,85.27,1.29,0.63,1.29,0.21
Londres,LON,GB,51.5074,-0.1278,2025-10-22T04:00:00Z,2025-10-22,04:00,2,98.05,0,2.41,85.68,1.3,0.57,1.12,0.2
Londres,LON,GB,51.5074,-0.1278,2025-10-22T05:00:00Z,2025-10-22,05:00,2,97.72,0,2.47,86.02,1.32,0.51,0.97,0.19
Londres,LON,GB,51.5074,-0.1278,2025-10-22T06:00:00Z,2025-10-22,06:00,2,97.12,0,2.52,86.28,1.34,0.5,0.85,0.18
Londres,LON,GB,51.5074,-0.1278,2025-10-22T07:00:00Z,2025-10-22,07:00,2,96.43,0,2.64,86.08,1.38,0.5,0.75,0.18
Londres,LON,GB,51.5074,-0.1278,2025-10-22T08:00:00Z,2025-10-22,08:00,2,96.18,0.01,2.91,85.71,1.48,0.5,0.7,0.17
Londres,LON,GB,51.5074,-0.1278,2025-10-22T09:00:00Z,2025-10-22,09:00,2,95.94,0.02,3.23,85.42,1.61,0.5,0.68,0.17
Londres,LON,GB,51.5074,-0.1278,2025-10-22T10:00:00Z,2025-10-22,10:00,2,95.57,0.06,3.34,85.58,1.67,0.5,0.65,0.16
Londres,LON,GB,51.5074,-0.1278,2025-10-22T11:00:00Z,2025-10-22,11:00,2,95.09,0.11,3.4,85.94,1.74,0.5,0.61,0.14
Londres,LON,GB,51.5074,-0.1278,2025-10-22T12:00:00Z,2025-10-22,12:00,2,95.07,0.17,3.47,86.47,1.81,0.5,0.61,0.13
Londres,LON,GB,51.5074,-0.1278,2025-10-22T13:00:00Z,2025-10-22,13:00,2,94.92,0.17,3.61,87.11,1.88,0.5,0.64,0.11
Londres,LON,GB,51.5074,-0.1278,2025-10-22T14:00:00Z,2025-10-22,14:00,2,94.92,0.13,3.77,87.5,1.91,0.5,0.7,0.1
Londres,LON,GB,51.5074,-0.1278,2025-10-22T15:00:00Z,2025-10-22,15:00,2,94.84,0.08,3.94,87.66,1.93,0.52,0.82,0.08
Londres,LON,GB,51.5074,-0.1278,2025-10-22T16:00:00Z,2025-10-22,16:00,2,95.13,0.02,4.09,87.82,1.93,0.54,0.88,0.06
Londres,LON,GB,51.5074,-0.1278,2025-10-22T17:00:00Z,2025-10-22,17:00,2,94.72,0,4.01,87.7,1.81,0.55,0.85,0.06
Londres,LON,GB,51.5074,-0.1278,2025-10-22T18:00:00Z,2025-10-22,18:00,2,94.66,0,3.82,86.64,1.64,0.57,0.79,0.08
Londres,LON,GB,51.5074,-0.1278,2025-10-22T19:00:00Z,2025-10-22,19:00,2,95.61,0,3.64,83.88,1.43,0.56,0.72,0.11
Londres,LON,GB,51.5074,-0.1278,2025-10-22T20:00:00Z,2025-10-22,20:00,2,97.72,0,3.53,78.67,1.28,0.56,0.7,0.11
Londres,LON,GB,51.5074,-0.1278,2025-10-22T21:00:00Z,2025-10-22,21:00,2,101.08,0,3.52,71.16,1.14,0.6,0.78,0.08
Londres,LON,GB,51.5074,-0.1278,2025-10-22T22:00:00Z,2025-10-22,22:00,2,105.91,0,4.08,62.13,1.19,0.81,1.14,0.07
Londres,LON,GB,51.5074,-0.1278,2025-10-22T23:00:00Z,2025-10-22,23:00,1,107.1,0,5,55.35,1.44,1.03,1.69,0.09
Londres,LON,GB,51.5074,-0.1278,2025-10-23T00:00:00Z,2025-10-23,00:00,1,104.18,0,5.5,53.12,1.62,1.12,2.19,0.12
Londres,LON,GB,51.5074,-0.1278,2025-10-23T01:00:00Z,2025-10-23,01:00,1,102.8,0,5.75,52.59,1.75,1.28,2.83,0.13
Londres,LON,GB,51.5074,-0.1278,2025-10-23T02:00:00Z,2025-10-23,02:00,1,103.1,0,6.03,51.81,1.79,1.38,3.12,0.1
Londres,LON,GB,51.5074,-0.1278,2025-10-23T03:00:00Z,2025-10-23,03:00,1,105.1,0,7.2,52.4,1.92,1.41,3.03,0.08
Londres,LON,GB,51.5074,-0.1278,2025-10-23T04:00:00Z,2025-10-23,04:00,1,108.49,0,8.63,55.63,1.86,1.37,2.57,0.08
Londres,LON,GB,51.5074,-0.1278,2025-10-23T05:00:00Z,2025-10-23,05:00,2,110.98,0,8.66,61.47,1.65,1.53,2.31,0.11
Londres,LON,GB,51.5074,-0.1278,2025-10-23T06:00:00Z,2025-10-23,06:00,2,110.25,0,7.24,63.82,1.41,1.92,2.56,0.2
Londres,LON,GB,51.5074,-0.1278,2025-10-23T07:00:00Z,2025-10-23,07:00,2,108.72,0,6.25,63.9,1.33,1.99,2.72,0.31
Londres,LON,GB,51.5074,-0.1278,2025-10-23T08:00:00Z,2025-10-23,08:00,2,108.2,0.01,6.43,64.4,1.41,1.7,2.56,0.34
Londres,LON,GB,51.5074,-0.1278,2025-10-23T09:00:00Z,2025-10-23,09:00,2,107.76,0.04,6.85,64.29,1.4,1.28,2.2,0.35
Londres,LON,GB,51.5074,-0.1278,2025-10-23T10:00:00Z,2025-10-23,10:00,2,106.36,0.27,6.43,65.53,1.38,1,2.1,0.42
Londres,LON,GB,51.5074,-0.1278,2025-10-23T11:00:00Z,2025-10-23,11:00,2,105.54,0.62,5.68,67.52,1.47,0.89,1.97,0.54
Londres,LON,GB,51.5074,-0.1278,2025-10-23T12:00:00Z,2025-10-23,12:00,2,103.9,0.8,4.74,71.06,1.53,0.84,1.86,0.64
Londres,LON,GB,51.5074,-0.1278,2025-10-23T13:00:00Z,2025-10-23,13:00,2,100.57,0.59,3.69,77.97,1.35,0.7,1.61,0.58
Londres,LON,GB,51.5074,-0.1278,2025-10-23T14:00:00Z,2025-10-23,14:00,2,97.54,0.29,3.01,83.68,1.07,0.54,1.41,0.37
Londres,LON,GB,51.5074,-0.1278,2025-10-23T15:00:00Z,2025-10-23,15:00,2,96.04,0.14,2.86,82.79,0.88,0.5,1.33,0.2
Londres,LON,GB,51.5074,-0.1278,2025-10-23T16:00:00Z,2025-10-23,16:00,2,96.37,0.06,2.83,80.02,0.75,0.5,1.31,0.13
Londres,LON,GB,51.5074,-0.1278,2025-10-23T17:00:00Z,2025-10-23,17:00,2,99.63,0.01,2.89,77.01,0.71,0.5,1.23,0.11
Londres,LON,GB,51.5074,-0.1278,2025-10-23T18:00:00Z,2025-10-23,18:00,2,103.36,0,2.79,74.29,0.7,0.5,1.14,0.1
Londres,LON,GB,51.5074,-0.1278,2025-10-23T19:00:00Z,2025-10-23,19:00,2,104.39,0,2.62,72.23,0.7,0.5,1.06,0.12
Londres,LON,GB,51.5074,-0.1278,2025-10-23T20:00:00Z,2025-10-23,20:00,2,104.53,0,2.42,72.5,0.73,0.5,1.02,0.16
Londres,LON,GB,51.5074,-0.1278,2025-10-23T21:00:00Z,2025-10-23,21:00,2,104.03,0,2.18,73.24,0.74,0.5,0.99,0.19
Londres,LON,GB,51.5074,-0.1278,2025-10-23T22:00:00Z,2025-10-23,22:00,2,103.04,0,1.92,73.73,0.74,0.5,1.02,0.22
Londres,LON,GB,51.5074,-0.1278,2025-10-23T23:00:00Z,2025-10-23,23:00,2,102.5,0,1.71,74.29,0.74,0.5,1.15,0.25
Londres,LON,GB,51.5074,-0.1278,2025-10-24T00:00:00Z,2025-10-24,00:00,2,102.14,0,1.55,75.72,0.74,0.5,1.32,0.26
Londres,LON,GB,51.5074,-0.1278,2025-10-24T01:00:00Z,2025-10-24,01:00,2,101.31,0,1.41,78.95,0.72,0.5,1.43,0.23
Londres,LON,GB,51.5074,-0.1278,2025-10-24T02:00:00Z,2025-10-24,02:00,2,100.29,0,1.33,81.71,0.72,0.5,1.49,0.18
Londres,LON,GB,51.5074,-0.1278,2025-10-24T03:00:00Z,2025-10-24,03:00,2,100.01,0,1.27,84.06,0.71,0.5,1.6,0.15
Londres,LON,GB,51.5074,-0.1278,2025-10-24T04:00:00Z,2025-10-24,04:00,2,99.44,0,1.22,88.86,0.71,0.51,1.76,0.12
Londres,LON,GB,51.5074,-0.1278,2025-10-24T05:00:00Z,2025-10-24,05:00,2,98.23,0,1.2,94.28,0.71,0.51,1.87,0.09
Londres,LON,GB,51.5074,-0.1278,2025-10-24T06:00:00Z,2025-10-24,06:00,2,97.47,0,1.21,96.08,0.71,0.51,1.86,0.07
Londres,LON,GB,51.5074,-0.1278,2025-10-24T07:00:00Z,2025-10-24,07:00,2,97.39,0,1.31,94.59,0.75,0.5,1.79,0.06
Londres,LON,GB,51.5074,-0.1278,2025-10-24T08:00:00Z,2025-10-24,08:00,2,97.88,0.01,1.51,92.33,0.83,0.5,1.75,0.05
Londres,LON,GB,51.5074,-0.1278,2025-10-24T09:00:00Z,2025-10-24,09:00,2,98.19,0.07,1.61,90.94,0.91,0.5,1.75,0.04
Londres,LON,GB,51.5074,-0.1278,2025-10-24T10:00:00Z,2025-10-24,10:00,2,98.53,0.12,1.56,90.77,0.92,0.5,1.78,0.04
Londres,LON,GB,51.5074,-0.1278,2025-10-24T11:00:00Z,2025-10-24,11:00,2,98.64,0.14,1.39,91.72,0.85,0.51,1.81,0.04
Londres,LON,GB,51.5074,-0.1278,2025-10-24T12:00:00Z,2025-10-24,12:00,2,98.48,0.14,1.22,92.83,0.78,0.53,1.89,0.04
Londres,LON,GB,51.5074,-0.1278,2025-10-24T13:00:00Z,2025-10-24,13:00,2,98.36,0.11,1.13,93.83,0.74,0.56,2.05,0.04
Londres,LON,GB,51.5074,-0.1278,2025-10-24T14:00:00Z,2025-10-24,14:00,2,97.85,0.07,1.2,94.63,0.76,0.58,2.23,0.04
Londres,LON,GB,51.5074,-0.1278,2025-10-24T15:00:00Z,2025-10-24,15:00,2,97.15,0.03,1.32,95.59,0.78,0.58,2.25,0.03
Londres,LON,GB,51.5074,-0.1278,2025-10-24T16:00:00Z,2025-10-24,16:00,2,96.94,0.01,1.4,96.32,0.77,0.57,2.22,0.03
Londres,LON,GB,51.5074,-0.1278,2025-10-24T17:00:00Z,2025-10-24,17:00,2,96.46,0,1.41,96.06,0.74,0.54,2.08,0.02
Londres,LON,GB,51.5074,-0.1278,2025-10-24T18:00:00Z,2025-10-24,18:00,2,96.35,0,1.38,95.09,0.73,0.55,2.09,0.02
Londres,LON,GB,51.5074,-0.1278,2025-10-24T19:00:00Z,2025-10-24,19:00,2,97.34,0,1.38,92.73,0.74,0.59,2.09,0.02
Londres,LON,GB,51.5074,-0.1278,2025-10-24T20:00:00Z,2025-10-24,20:00,2,98.5,0,1.38,87.47,0.75,0.69,2.25,0.02
Londres,LON,GB,51.5074,-0.1278,2025-10-24T21:00:00Z,2025-10-24,21:00,2,99.84,0,1.38,80.73,0.75,0.81,2.54,0.01
Londres,LON,GB,51.5074,-0.1278,2025-10-24T22:00:00Z,2025-10-24,22:00,2,100.98,0,1.41,73.72,0.74,0.83,2.53,0.02
Londres,LON,GB,51.5074,-0.1278,2025-10-24T23:00:00Z,2025-10-24,23:00,2,102.09,0,1.56,66.92,0.74,0.67,2.16,0.04
Londres,LON,GB,51.5074,-0.1278,2025-10-25T00:00:00Z,2025-10-25,00:00,2,102.29,0,1.79,63.41,0.79,0.5,1.66,0.11
Londres,LON,GB,51.5074,-0.1278,2025-10-25T01:00:00Z,2025-10-25,01:00,2,102.93,0,2.26,63.39,0.94,0.5,1.44,0.21
Londres,LON,GB,51.5074,-0.1278,2025-10-25T02:00:00Z,2025-10-25,02:00,2,104.58,0,2.79,64.13,1.07,0.5,1.37,0.28
Londres,LON,GB,51.5074,-0.1278,2025-10-25T03:00:00Z,2025-10-25,03:00,2,105.31,0,2.94,67.31,1.1,0.5,1.17,0.29
Londres,LON,GB,51.5074,-0.1278,2025-10-25T04:00:00Z,2025-10-25,04:00,2,105.25,0,3.33,68.17,1.28,0.5,1.12,0.29
Londres,LON,GB,51.5074,-0.1278,2025-10-25T05:00:00Z,2025-10-25,05:00,2,106.3,0,4.06,65.68,1.59,0.5,1.29,0.33
Londres,LON,GB,51.5074,-0.1278,2025-10-25T06:00:00Z,2025-10-25,06:00,2,107.09,0,4.54,62.72,1.79,0.53,1.38,0.39
Londres,LON,GB,51.5074,-0.1278,2025-10-25T07:00:00Z,2025-10-25,07:00,1,107.62,0,5,59.88,2,0.56,1.45,0.46
Londres,LON,GB,51.5074,-0.1278,2025-10-25T08:00:00Z,2025-10-25,08:00,1,108.64,0.05,5.45,57.81,2.17,0.58,1.44,0.51
Londres,LON,GB,51.5074,-0.1278,2025-10-25T09:00:00Z,2025-10-25,09:00,1,109.66,0.38,5.45,57.34,2.27,0.59,1.37,0.55
Londres,LON,GB,51.5074,-0.1278,2025-10-25T10:00:00Z,2025-10-25,10:00,1,110.15,0.74,4.91,58.94,2.26,0.58,1.28,0.55
Londres,LON,GB,51.5074,-0.1278,2025-10-25T11:00:00Z,2025-10-25,11:00,2,110.28,0.89,4.43,62.23,2.15,0.57,1.17,0.53
Londres,LON,GB,51.5074,-0.1278,2025-10-25T12:00:00Z,2025-10-25,12:00,2,109.59,0.89,3.96,66.47,1.98,0.55,1.09,0.54
Londres,LON,GB,51.5074,-0.1278,2025-10-25T13:00:00Z,2025-10-25,13:00,2,105.9,0.55,2.77,75.3,1.39,0.5,0.85,0.45
Londres,LON,GB,51.5074,-0.1278,2025-10-25T14:00:00Z,2025-10-25,14:00,2,102.15,0.3,2.11,84.48,1.09,0.5,0.69,0.39
Londres,LON,GB,51.5074,-0.1278,2025-10-25T15:00:00Z,2025-10-25,15:00,2,99.69,0.18,2.04,91.53,1.02,0.5,0.63,0.4
Londres,LON,GB,51.5074,-0.1278,2025-10-25T16:00:00Z,2025-10-25,16:00,2,98.67,0.08,2.22,95.01,1.01,0.5,0.6,0.42
Londres,LON,GB,51.5074,-0.1278,2025-10-25T17:00:00Z,2025-10-25,17:00,2,99.64,0.01,2.47,93.4,1.01,0.5,0.6,0.46
Londres,LON,GB,51.5074,-0.1278,2025-10-25T18:00:00Z,2025-10-25,18:00,2,100.53,0,2.45,90.61,0.97,0.5,0.61,0.47
Londres,LON,GB,51.5074,-0.1278,2025-10-25T19:00:00Z,2025-10-25,19:00,2,100.35,0,2.31,89.11,0.93,0.5,0.63,0.44
Londres,LON,GB,51.5074,-0.1278,2025-10-25T20:00:00Z,2025-10-25,20:00,2,100.7,0,2.19,89.09,0.89,0.5,0.7,0.39
Londres,LON,GB,51.5074,-0.1278,2025-10-25T21:00:00Z,2025-10-25,21:00,2,100.95,0,2.11,87.96,0.86,0.5,0.8,0.35
Londres,LON,GB,51.5074,-0.1278,2025-10-25T22:00:00Z,2025-10-25,22:00,2,100.43,0,2.04,86.32,0.81,0.5,0.78,0.3
Londres,LON,GB,51.5074,-0.1278,2025-10-25T23:00:00Z,2025-10-25,23:00,2,100.44,0,2.06,84.42,0.77,0.5,0.71,0.24
Londres,LON,GB,51.5074,-0.1278,2025-10-26T00:00:00Z,2025-10-26,00:00,2,100.91,0,2.08,80.61,0.77,0.5,0.75,0.22
Londres,LON,GB,51.5074,-0.1278,2025-10-26T01:00:00Z,2025-10-26,01:00,2,101.74,0,2.1,77.9,0.78,0.5,0.78,0.22
Londres,LON,GB,51.5074,-0.1278,2025-10-26T02:00:00Z,2025-10-26,02:00,2,102.19,0,2.11,78.11,0.82,0.5,0.69,0.24
Londres,LON,GB,51.5074,-0.1278,2025-10-26T03:00:00Z,2025-10-26,03:00,2,102.18,0,2.07,80.32,0.85,0.5,0.6,0.25
Londres,LON,GB,51.5074,-0.1278,2025-10-26T04:00:00Z,2025-10-26,04:00,2,101.66,0,2.03,81.78,0.91,0.5,0.58,0.26
Londres,LON,GB,51.5074,-0.1278,2025-10-26T05:00:00Z,2025-10-26,05:00,2,101.95,0,2.06,82.43,0.98,0.5,0.6,0.27
Londres,LON,GB,51.5074,-0.1278,2025-10-26T06:00:00Z,2025-10-26,06:00,2,102.24,0,2.1,82.83,1.03,0.5,0.66,0.26
Londres,LON,GB,51.5074,-0.1278,2025-10-26T07:00:00Z,2025-10-26,07:00,2,102.5,0,2.18,82.72,1.07,0.5,0.69,0.24
Londres,LON,GB,51.5074,-0.1278,2025-10-26T08:00:00Z,2025-10-26,08:00,2,102.81,0.03,2.35,83.15,1.11,0.5,0.72,0.23
Londres,LON,GB,51.5074,-0.1278,2025-10-26T09:00:00Z,2025-10-26,09:00,2,102.56,0.18,2.33,83.5,1.13,0.5,0.79,0.24
Londres,LON,GB,51.5074,-0.1278,2025-10-26T10:00:00Z,2025-10-26,10:00,2,102.12,0.27,2.25,82.96,1.14,0.5,0.93,0.27
Londres,LON,GB,51.5074,-0.1278,2025-10-26T11:00:00Z,2025-10-26,11:00,2,102.05,0.26,2.4,80.91,1.17,0.52,1.15,0.33
Londres,LON,GB,51.5074,-0.1278,2025-10-26T12:00:00Z,2025-10-26,12:00,2,102.08,0.19,2.72,77.83,1.21,0.55,1.34,0.42
Londres,LON,GB,51.5074,-0.1278,2025-10-26T13:00:00Z,2025-10-26,13:00,2,102.67,0.08,2.9,76.19,1.21,0.59,1.51,0.49
Londres,LON,GB,51.5074,-0.1278,2025-10-26T14:00:00Z,2025-10-26,14:00,2,102.43,0.05,2.78,76.09,1.19,0.61,1.67,0.52
Londres,LON,GB,51.5074,-0.1278,2025-10-26T15:00:00Z,2025-10-26,15:00,2,101.45,0.02,2.58,79.08,1.17,0.61,1.77,0.5
Londres,LON,GB,51.5074,-0.1278,2025-10-26T16:00:00Z,2025-10-26,16:00,2,100.55,0,2.29,84.92,1.12,0.56,1.7,0.42
Londres,LON,GB,51.5074,-0.1278,2025-10-26T17:00:00Z,2025-10-26,17:00,2,99.54,0,2,85.8,0.98,0.53,1.55,0.27
Londres,LON,GB,51.5074,-0.1278,2025-10-26T18:00:00Z,2025-10-26,18:00,2,99.28,0,1.92,80.5,0.88,0.62,1.67,0.15
Londres,LON,GB,51.5074,-0.1278,2025-10-26T19:00:00Z,2025-10-26,19:00,2,98.97,0,1.88,78.83,0.82,0.69,1.79,0.08
Londres,LON,GB,51.5074,-0.1278,2025-10-26T20:00:00Z,2025-10-26,20:00,2,98.09,0,1.74,83.52,0.76,0.75,1.96,0.07
Londres,LON,GB,51.5074,-0.1278,2025-10-26T21:00:00Z,2025-10-26,21:00,2,97.2,0,1.61,86.54,0.73,0.98,2.31,0.07
Londres,LON,GB,51.5074,-0.1278,2025-10-26T22:00:00Z,2025-10-26,22:00,2,96.68,0,1.59,86.01,0.75,1.28,2.71,0.08
Londres,LON,GB,51.5074,-0.1278,2025-10-26T23:00:00Z,2025-10-26,23:00,2,95.34,0,1.65,84.15,0.8,1.36,2.72,0.09
Londres,LON,GB,51.5074,-0.1278,2025-10-27T00:00:00Z,2025-10-27,00:00,2,94.09,0,1.76,82.76,0.86,1.36,2.62,0.1
Londres,LON,GB,51.5074,-0.1278,2025-10-27T01:00:00Z,2025-10-27,01:00,2,93.44,0,1.91,82.21,0.94,1.35,2.81,0.14
Londres,LON,GB,51.5074,-0.1278,2025-10-27T02:00:00Z,2025-10-27,02:00,2,93.31,0,2.04,81.86,1.03,1.38,3.08,0.19
Londres,LON,GB,51.5074,-0.1278,2025-10-27T03:00:00Z,2025-10-27,03:00,2,93.63,0,2.1,82.21,1.08,1.34,3.12,0.24
Londres,LON,GB,51.5074,-0.1278,2025-10-27T04:00:00Z,2025-10-27,04:00,2,94.31,0,2.09,83.03,1.11,1.31,3.2,0.29
Londres,LON,GB,51.5074,-0.1278,2025-10-27T05:00:00Z,2025-10-27,05:00,2,95.08,0,2.04,84.32,1.12,1.33,3.39,0.32
Londres,LON,GB,51.5074,-0.1278,2025-10-27T06:00:00Z,2025-10-27,06:00,2,96.21,0,2,85.53,1.13,1.42,3.85,0.35
Londres,LON,GB,51.5074,-0.1278,2025-10-27T07:00:00Z,2025-10-27,07:00,2,97.48,0,2.04,86.31,1.14,1.45,4.31,0.37
Londres,LON,GB,51.5074,-0.1278,2025-10-27T08:00:00Z,2025-10-27,08:00,2,99.17,0.01,2.3,85.64,1.23,1.53,5.07,0.42
Londres,LON,GB,51.5074,-0.1278,2025-10-27T09:00:00Z,2025-10-27,09:00,2,100.96,0.05,2.57,84.17,1.31,1.6,5.59,0.47
Londres,LON,GB,51.5074,-0.1278,2025-10-27T10:00:00Z,2025-10-27,10:00,2,101.85,0.13,2.69,82.26,1.38,1.64,5.86,0.51
Londres,LON,GB,51.5074,-0.1278,2025-10-27T11:00:00Z,2025-10-27,11:00,2,102.77,0.24,2.71,80.91,1.43,1.61,5.69,0.54
Londres,LON,GB,51.5074,-0.1278,2025-10-27T12:00:00Z,2025-10-27,12:00,2,103.6,0.33,2.65,79.97,1.47,1.49,5.23,0.59
Londres,LON,GB,51.5074,-0.1278,2025-10-27T13:00:00Z,2025-10-27,13:00,2,104.05,0.32,2.6,79.56,1.47,1.37,4.8,0.63
Londres,LON,GB,51.5074,-0.1278,2025-10-27T14:00:00Z,2025-10-27,14:00,2,104.31,0.24,2.69,79.55,1.47,1.22,4.27,0.64
Londres,LON,GB,51.5074,-0.1278,2025-10-27T15:00:00Z,2025-10-27,15:00,2,104.47,0.14,2.85,79.61,1.48,1.1,3.83,0.64
Londres,LON,GB,51.5074,-0.1278,2025-10-27T16:00:00Z,2025-10-27,16:00,2,104.85,0.05,3.19,79.46,1.59,1.06,3.67,0.66
Londres,LON,GB,51.5074,-0.1278,2025-10-27T17:00:00Z,2025-10-27,17:00,2,104.69,0,3.57,78.7,1.77,1.15,3.95,0.7
Londres,LON,GB,51.5074,-0.1278,2025-10-27T18:00:00Z,2025-10-27,18:00,2,103.98,0,3.69,78.56,1.84,1.26,4.14,0.67
Londres,LON,GB,51.5074,-0.1278,2025-10-27T19:00:00Z,2025-10-27,19:00,2,102.4,0,3.62,78.07,1.73,1.37,3.67,0.51
Londres,LON,GB,51.5074,-0.1278,2025-10-27T20:00:00Z,2025-10-27,20:00,2,99.66,0,3.27,77.31,1.51,1.52,3.27,0.3
Londres,LON,GB,51.5074,-0.1278,2025-10-27T21:00:00Z,2025-10-27,21:00,2,96.74,0,2.84,78.9,1.33,1.76,4.03,0.16
Londres,LON,GB,51.5074,-0.1278,2025-10-27T22:00:00Z,2025-10-27,22:00,2,96.15,0,2.45,85.09,1.24,1.98,5.93,0.11
Londres,LON,GB,51.5074,-0.1278,2025-10-27T23:00:00Z,2025-10-27,23:00,2,96.58,0,2.34,88.61,1.27,2,7.34,0.1
Londres,LON,GB,51.5074,-0.1278,2025-10-28T00:00:00Z,2025-10-28,00:00,2,96.29,0,2.3,88.12,1.29,1.95,7.44,0.1
Londres,LON,GB,51.5074,-0.1278,2025-10-28T01:00:00Z,2025-10-28,01:00,2,95.25,0,2.19,86.91,1.24,1.8,6.16,0.08
Londres,LON,GB,51.5074,-0.1278,2025-10-28T02:00:00Z,2025-10-28,02:00,2,94.56,0,2.08,86.56,1.17,1.66,5.15,0.07
Londres,LON,GB,51.5074,-0.1278,2025-10-28T03:00:00Z,2025-10-28,03:00,2,94.43,0,2,86.99,1.13,1.58,4.87,0.06
Londres,LON,GB,51.5074,-0.1278,2025-10-28T04:00:00Z,2025-10-28,04:00,2,94.95,0,1.98,88.22,1.13,1.61,5.18,0.05
Londres,LON,GB,51.5074,-0.1278,2025-10-28T05:00:00Z,2025-10-28,05:00,2,95.86,0,1.97,89.4,1.13,1.62,5.37,0.05
Londres,LON,GB,51.5074,-0.1278,2025-10-28T06:00:00Z,2025-10-28,06:00,2,97.05,0,1.93,91.04,1.1,1.55,5.35,0.04
Londres,LON,GB,51.5074,-0.1278,2025-10-28T07:00:00Z,2025-10-28,07:00,2,97.99,0,1.84,92.32,1.02,1.37,4.26,0.04
Londres,LON,GB,51.5074,-0.1278,2025-10-28T08:00:00Z,2025-10-28,08:00,2,98.15,0.01,1.81,91.91,0.95,1.17,3.14,0.03
Londres,LON,GB,51.5074,-0.1278,2025-10-28T09:00:00Z,2025-10-28,09:00,2,98.22,0.07,1.76,90.56,0.91,1.09,2.72,0.04
Londres,LON,GB,51.5074,-0.1278,2025-10-28T10:00:00Z,2025-10-28,10:00,2,98.16,0.16,1.71,89.25,0.97,1.14,2.83,0.06
Londres,LON,GB,51.5074,-0.1278,2025-10-28T11:00:00Z,2025-10-28,11:00,2,97.97,0.24,1.86,88.31,1.14,1.28,3.21,0.1
Londres,LON,GB,51.5074,-0.1278,2025-10-28T12:00:00Z,2025-10-28,12:00,2,97.7,0.29,1.98,88.07,1.29,1.36,3.47,0.14
Londres,LON,GB,51.5074,-0.1278,2025-10-28T13:00:00Z,2025-10-28,13:00,2,97.38,0.29,2.08,88.42,1.38,1.41,3.85,0.18
Londres,LON,GB,51.5074,-0.1278,2025-10-28T14:00:00Z,2025-10-28,14:00,2,97.1,0.21,2.16,88.57,1.36,1.41,4.13,0.19
Londres,LON,GB,51.5074,-0.1278,2025-10-28T15:00:00Z,2025-10-28,15:00,2,97.09,0.1,2.3,88.56,1.32,1.36,4.13,0.17
Londres,LON,GB,51.5074,-0.1278,2025-10-28T16:00:00Z,2025-10-28,16:00,2,97.6,0.02,2.43,88.84,1.22,1.24,3.6,0.14
Londres,LON,GB,51.5074,-0.1278,2025-10-28T17:00:00Z,2025-10-28,17:00,2,97.62,0,2.49,88.85,1.17,1.11,2.94,0.1
Londres,LON,GB,51.5074,-0.1278,2025-10-28T18:00:00Z,2025-10-28,18:00,2,97.35,0,2.54,88.55,1.18,1.03,2.6,0.07
Londres,LON,GB,51.5074,-0.1278,2025-10-28T19:00:00Z,2025-10-28,19:00,2,97.3,0,2.56,88.19,1.22,1,2.54,0.05
Londres,LON,GB,51.5074,-0.1278,2025-10-28T20:00:00Z,2025-10-28,20:00,2,97.18,0,2.54,88.17,1.29,1.03,2.75,0.04
Londres,LON,GB,51.5074,-0.1278,2025-10-28T21:00:00Z,2025-10-28,21:00,2,97.42,0,2.51,88.14,1.35,1.08,2.99,0.03
Londres,LON,GB,51.5074,-0.1278,2025-10-28T22:00:00Z,2025-10-28,22:00,2,97.15,0,2.47,88.15,1.39,1.11,2.99,0.02
Londres,LON,GB,51.5074,-0.1278,2025-10-28T23:00:00Z,2025-10-28,23:00,2,97.01,0,2.46,88.65,1.41,1.13,2.88,0.01
Londres,LON,GB,51.5074,-0.1278,2025-10-29T00:00:00Z,2025-10-29,00:00,2,96.96,0,2.49,89.39,1.46,1.14,2.82,0.02
Londres,LON,GB,51.5074,-0.1278,2025-10-29T01:00:00Z,2025-10-29,01:00,2,97.25,0,2.53,89.79,1.51,1.13,2.77,0.05
Londres,LON,GB,51.5074,-0.1278,2025-10-29T02:00:00Z,2025-10-29,02:00,2,97.43,0,2.61,88.53,1.53,1.14,2.67,0.11
Londres,LON,GB,51.5074,-0.1278,2025-10-29T03:00:00Z,2025-10-29,03:00,2,97.42,0,2.67,86.01,1.47,1.13,2.46,0.15
Londres,LON,GB,51.5074,-0.1278,2025-10-29T04:00:00Z,2025-10-29,04:00,2,97.54,0,2.71,83.52,1.37,1.12,2.23,0.18
Londres,LON,GB,51.5074,-0.1278,2025-10-29T05:00:00Z,2025-10-29,05:00,2,97.04,0,2.72,81.38,1.32,1.14,2.16,0.2
Londres,LON,GB,51.5074,-0.1278,2025-10-29T06:00:00Z,2025-10-29,06:00,2,96.73,0,2.73,80.02,1.31,1.19,2.13,0.2
Londres,LON,GB,51.5074,-0.1278,2025-10-29T07:00:00Z,2025-10-29,07:00,2,96.6,0,2.77,79.13,1.29,1.2,1.95,0.17
Londres,LON,GB,51.5074,-0.1278,2025-10-29T08:00:00Z,2025-10-29,08:00,2,96.48,0,2.85,78.71,1.24,1.15,1.7,0.12
Londres,LON,GB,51.5074,-0.1278,2025-10-29T09:00:00Z,2025-10-29,09:00,2,96.63,0.01,2.99,78.84,1.22,1.15,1.6,0.1
Londres,LON,GB,51.5074,-0.1278,2025-10-29T10:00:00Z,2025-10-29,10:00,2,97.13,0.03,3.12,79.35,1.2,1.15,1.54,0.09
Londres,LON,GB,51.5074,-0.1278,2025-10-29T11:00:00Z,2025-10-29,11:00,2,97.54,0.06,3.18,79.78,1.17,1.15,1.48,0.08
Londres,LON,GB,51.5074,-0.1278,2025-10-29T12:00:00Z,2025-10-29,12:00,2,97.76,0.08,3.24,80.21,1.15,1.12,1.42,0.07
Londres,LON,GB,51.5074,-0.1278,2025-10-29T13:00:00Z,2025-10-29,13:00,2,98.27,0.08,3.35,80.72,1.13,1.03,1.29,0.06
Londres,LON,GB,51.5074,-0.1278,2025-10-29T14:00:00Z,2025-10-29,14:00,2,98.33,0.05,3.58,81.25,1.17,0.91,1.15,0.05
Londres,LON,GB,51.5074,-0.1278,2025-10-29T15:00:00Z,2025-10-29,15:00,2,98.49,0.03,3.82,82.32,1.24,0.8,1.02,0.04
Londres,LON,GB,51.5074,-0.1278,2025-10-29T16:00:00Z,2025-10-29,16:00,2,99.19,0.01,3.92,82.6,1.33,0.67,0.91,0.08
Londres,LON,GB,51.5074,-0.1278,2025-10-29T17:00:00Z,2025-10-29,17:00,2,100.43,0,3.73,80.61,1.37,0.56,0.8,0.15
Londres,LON,GB,51.5074,-0.1278,2025-10-29T18:00:00Z,2025-10-29,18:00,2,102.04,0,3.62,77.53,1.34,0.5,0.72,0.22
Londres,LON,GB,51.5074,-0.1278,2025-10-29T19:00:00Z,2025-10-29,19:00,2,102.72,0,3.54,78.41,1.31,0.5,0.83,0.27
Londres,LON,GB,51.5074,-0.1278,2025-10-29T20:00:00Z,2025-10-29,20:00,2,102.85,0,3.16,84,1.29,0.5,1.1,0.29
Londres,LON,GB,51.5074,-0.1278,2025-10-29T21:00:00Z,2025-10-29,21:00,2,102.61,0,2.58,88.19,1.18,0.5,1.48,0.26
Londres,LON,GB,51.5074,-0.1278,2025-10-29T22:00:00Z,2025-10-29,22:00,2,102.19,0,2.11,87.75,1.06,0.52,1.83,0.21
Londres,LON,GB,51.5074,-0.1278,2025-10-29T23:00:00Z,2025-10-29,23:00,2,102.05,0,1.94,85.27,1.04,0.57,2.04,0.19
Londres,LON,GB,51.5074,-0.1278,2025-10-30T00:00:00Z,2025-10-30,00:00,2,101.54,0,1.86,82.56,1.04,0.59,2.1,0.19
Londres,LON,GB,51.5074,-0.1278,2025-10-30T01:00:00Z,2025-10-30,01:00,2,101.19,0,1.88,80.37,1.07,0.61,2.16,0.2
Londres,LON,GB,51.5074,-0.1278,2025-10-30T02:00:00Z,2025-10-30,02:00,2,100.99,0,1.97,79.1,1.13,0.61,2.13,0.22
Londres,LON,GB,51.5074,-0.1278,2025-10-30T03:00:00Z,2025-10-30,03:00,2,100.79,0,2.08,78.53,1.19,0.6,2.07,0.22
Londres,LON,GB,51.5074,-0.1278,2025-10-30T04:00:00Z,2025-10-30,04:00,2,100.65,0,2.18,78.01,1.23,0.6,2.01,0.21
Londres,LON,GB,51.5074,-0.1278,2025-10-30T05:00:00Z,2025-10-30,05:00,2,100.75,0,2.31,78.02,1.28,0.62,2.05,0.18
Londres,LON,GB,51.5074,-0.1278,2025-10-30T06:00:00Z,2025-10-30,06:00,2,100.84,0,2.47,78.26,1.36,0.66,2.23,0.14
Londres,LON,GB,51.5074,-0.1278,2025-10-30T07:00:00Z,2025-10-30,07:00,2,101.12,0,2.64,79.28,1.51,0.72,2.6,0.1
Londres,LON,GB,51.5074,-0.1278,2025-10-30T08:00:00Z,2025-10-30,08:00,2,101.49,0.01,2.88,80.93,1.72,0.82,3.14,0.06
Londres,LON,GB,51.5074,-0.1278,2025-10-30T09:00:00Z,2025-10-30,09:00,2,102.04,0.04,3.14,83.06,1.91,0.9,3.5,0.06
Londres,LON,GB,51.5074,-0.1278,2025-10-30T10:00:00Z,2025-10-30,10:00,2,102.56,0.08,3.28,84.92,1.97,0.94,3.6,0.12
Londres,LON,GB,51.5074,-0.1278,2025-10-30T11:00:00Z,2025-10-30,11:00,2,103.07,0.14,3.21,86.84,1.87,0.98,3.57,0.21
Londres,LON,GB,51.5074,-0.1278,2025-10-30T12:00:00Z,2025-10-30,12:00,2,103.48,0.19,2.9,89.01,1.62,0.99,3.37,0.29
Londres,LON,GB,51.5074,-0.1278,2025-10-30T13:00:00Z,2025-10-30,13:00,2,102.57,0.08,2.73,89.89,1.39,1.02,3.14,0.33
Londres,LON,GB,51.5074,-0.1278,2025-10-30T14:00:00Z,2025-10-30,14:00,2,101.9,0.06,2.62,88.92,1.37,1.14,3.14,0.38
Londres,LON,GB,51.5074,-0.1278,2025-10-30T15:00:00Z,2025-10-30,15:00,2,101.61,0.03,2.69,86.7,1.4,1.22,3.18,0.47
Londres,LON,GB,51.5074,-0.1278,2025-10-30T16:00:00Z,2025-10-30,16:00,2,102.13,0.01,2.86,84.78,1.43,1.24,3.27,0.56
Londres,LON,GB,51.5074,-0.1278,2025-10-30T17:00:00Z,2025-10-30,17:00,2,102.8,0,2.94,82.62,1.39,1.18,3.16,0.68
Londres,LON,GB,51.5074,-0.1278,2025-10-30T18:00:00Z,2025-10-30,18:00,2,103.57,0,2.93,80.54,1.27,1.05,2.83,0.8
Londres,LON,GB,51.5074,-0.1278,2025-10-30T19:00:00Z,2025-10-30,19:00,2,104.29,0,2.85,79.44,1.12,0.9,2.45,0.88
Londres,LON,GB,51.5074,-0.1278,2025-10-30T20:00:00Z,2025-10-30,20:00,2,103.86,0,2.73,78.53,1.03,0.78,2.13,0.91
Londres,LON,GB,51.5074,-0.1278,2025-10-30T21:00:00Z,2025-10-30,21:00,2,103.34,0,2.67,77.38,0.98,0.7,1.98,0.98
Londres,LON,GB,51.5074,-0.1278,2025-10-30T22:00:00Z,2025-10-30,22:00,2,103,0,2.64,77.18,0.99,0.73,2.07,1
Londres,LON,GB,51.5074,-0.1278,2025-10-30T23:00:00Z,2025-10-30,23:00,2,103.39,0,2.87,75.73,1.12,0.93,2.56,1.03
Londres,LON,GB,51.5074,-0.1278,2025-10-31T00:00:00Z,2025-10-31,00:00,2,103.6,0,3.07,74.74,1.23,1.17,3.04,1
Londres,LON,GB,51.5074,-0.1278,2025-10-31T01:00:00Z,2025-10-31,01:00,2,103.8,0,3.13,74.77,1.24,1.31,2.88,0.82
Londres,LON,GB,51.5074,-0.1278,2025-10-31T02:00:00Z,2025-10-31,02:00,2,103.16,0,3.1,75.09,1.18,1.37,2.58,0.62
Londres,LON,GB,51.5074,-0.1278,2025-10-31T03:00:00Z,2025-10-31,03:00,2,102.43,0,3.04,75.18,1.17,1.37,2.42,0.51
Londres,LON,GB,51.5074,-0.1278,2025-10-31T04:00:00Z,2025-10-31,04:00,2,102.02,0,3.04,75.06,1.27,1.41,2.6,0.51
Londres,LON,GB,51.5074,-0.1278,2025-10-31T05:00:00Z,2025-10-31,05:00,2,102.01,0,3.18,73.66,1.44,1.52,2.99,0.64
Londres,LON,GB,51.5074,-0.1278,2025-10-31T06:00:00Z,2025-10-31,06:00,2,102.18,0,3.28,71.86,1.54,1.61,3.23,0.74
Londres,LON,GB,51.5074,-0.1278,2025-10-31T07:00:00Z,2025-10-31,07:00,2,102.35,0,3.37,70.29,1.57,1.73,3.43,0.76
Londres,LON,GB,51.5074,-0.1278,2025-10-31T08:00:00Z,2025-10-31,08:00,2,102.61,0,3.45,69.27,1.56,1.84,3.71,0.73
Londres,LON,GB,51.5074,-0.1278,2025-10-31T09:00:00Z,2025-10-31,09:00,2,103.05,0.03,3.55,68.87,1.56,1.97,4.12,0.67
Londres,LON,GB,51.5074,-0.1278,2025-10-31T10:00:00Z,2025-10-31,10:00,2,103.94,0.1,3.52,69.1,1.44,2.09,3.79,0.52
Londres,LON,GB,51.5074,-0.1278,2025-10-31T11:00:00Z,2025-10-31,11:00,2,104.66,0.23,3.36,68.62,1.27,2.16,3.32,0.39
Londres,LON,GB,51.5074,-0.1278,2025-10-31T12:00:00Z,2025-10-31,12:00,2,105.29,0.34,3.25,66.98,1.17,2.18,3.13,0.32
Londres,LON,GB,51.5074,-0.1278,2025-10-31T13:00:00Z,2025-10-31,13:00,2,105.56,0.38,3.2,66.38,1.15,2.11,3.12,0.32
Londres,LON,GB,51.5074,-0.1278,2025-10-31T14:00:00Z,2025-10-31,14:00,2,104.57,0.34,3.19,68.45,1.2,2.01,3.18,0.37
Londres,LON,GB,51.5074,-0.1278,2025-10-31T15:00:00Z,2025-10-31,15:00,2,102.32,0.23,3.26,72.21,1.25,1.87,3.21,0.45
Londres,LON,GB,51.5074,-0.1278,2025-10-31T16:00:00Z,2025-10-31,16:00,2,100.48,0.09,3.48,76.98,1.35,1.72,3.28,0.5
Londres,LON,GB,51.5074,-0.1278,2025-10-31T17:00:00Z,2025-10-31,17:00,2,99.31,0,3.7,80.24,1.48,1.57,3.29,0.5
Londres,LON,GB,51.5074,-0.1278,2025-10-31T18:00:00Z,2025-10-31,18:00,2,99.23,0,3.8,82.18,1.56,1.41,3.17,0.5
Londres,LON,GB,51.5074,-0.1278,2025-10-31T19:00:00Z,2025-10-31,19:00,2,98.99,0,3.81,82.76,1.58,1.28,2.98,0.5
Londres,LON,GB,51.5074,-0.1278,2025-10-31T20:00:00Z,2025-10-31,20:00,2,98.41,0,3.63,82.8,1.51,1.28,3.06,0.54
Londres,LON,GB,51.5074,-0.1278,2025-10-31T21:00:00Z,2025-10-31,21:00,2,98.2,0,3.37,83.01,1.46,1.43,3.6,0.58
Londres,LON,GB,51.5074,-0.1278,2025-10-31T22:00:00Z,2025-10-31,22:00,2,97.99,0,3.01,83.75,1.4,1.61,4.26,0.59
Londres,LON,GB,51.5074,-0.1278,2025-10-31T23:00:00Z,2025-10-31,23:00,2,98.13,0,2.92,83.73,1.42,1.81,4.82,0.58
Londres,LON,GB,51.5074,-0.1278,2025-11-01T00:00:00Z,2025-11-01,00:00,2,98.56,0,2.9,83.24,1.4,1.88,4.72,0.53
Londres,LON,GB,51.5074,-0.1278,2025-11-01T01:00:00Z,2025-11-01,01:00,2,98.45,0,2.72,83.3,1.22,1.72,3.84,0.42
Londres,LON,GB,51.5074,-0.1278,2025-11-01T02:00:00Z,2025-11-01,02:00,2,98.19,0,2.51,83.08,1.01,1.39,2.75,0.27
Londres,LON,GB,51.5074,-0.1278,2025-11-01T03:00:00Z,2025-11-01,03:00,2,97.93,0,2.35,82.7,0.88,1.1,2.09,0.18
Londres,LON,GB,51.5074,-0.1278,2025-11-01T04:00:00Z,2025-11-01,04:00,2,97.93,0,2.12,82.93,0.8,0.9,1.68,0.12
Londres,LON,GB,51.5074,-0.1278,2025-11-01T05:00:00Z,2025-11-01,05:00,2,98.74,0,1.84,84.56,0.75,0.89,1.69,0.07
Londres,LON,GB,51.5074,-0.1278,2025-11-01T06:00:00Z,2025-11-01,06:00,2,99.19,0,1.69,86.5,0.75,1.02,1.95,0.05
Londres,LON,GB,51.5074,-0.1278,2025-11-01T07:00:00Z,2025-11-01,07:00,2,98.51,0,1.61,86.47,0.76,1.11,2.33,0.05
Londres,LON,GB,51.5074,-0.1278,2025-11-01T08:00:00Z,2025-11-01,08:00,2,98.06,0,1.63,84.75,0.8,1.11,2.69,0.05
Londres,LON,GB,51.5074,-0.1278,2025-11-01T09:00:00Z,2025-11-01,09:00,2,97.97,0.06,1.61,82.1,0.83,1.06,2.99,0.05
Londres,LON,GB,51.5074,-0.1278,2025-11-01T10:00:00Z,2025-11-01,10:00,2,97.49,0.14,1.51,80.13,0.86,1.01,3.23,0.05
Londres,LON,GB,51.5074,-0.1278,2025-11-01T11:00:00Z,2025-11-01,11:00,2,97.45,0.18,1.46,79.3,0.88,0.94,3.19,0.05
Londres,LON,GB,51.5074,-0.1278,2025-11-01T12:00:00Z,2025-11-01,12:00,2,97.22,0.19,1.47,79.34,0.89,0.87,2.93,0.05
Londres,LON,GB,51.5074,-0.1278,2025-11-01T13:00:00Z,2025-11-01,13:00,2,97.33,0.17,1.62,79.35,0.95,0.83,2.63,0.06
Londres,LON,GB,51.5074,-0.1278,2025-11-01T14:00:00Z,2025-11-01,14:00,2,97.59,0.11,1.85,79.65,0.98,0.78,2.3,0.06
Londres,LON,GB,51.5074,-0.1278,2025-11-01T15:00:00Z,2025-11-01,15:00,2,98.13,0.04,2.06,79.63,0.99,0.74,2.06,0.07
Londres,LON,GB,51.5074,-0.1278,2025-11-01T16:00:00Z,2025-11-01,16:00,2,98.14,0.01,2.15,79.48,0.99,0.7,1.86,0.07
Londres,LON,GB,51.5074,-0.1278,2025-11-01T17:00:00Z,2025-11-01,17:00,2,99.01,0,2.18,80.22,0.99,0.66,1.77,0.05
Londres,LON,GB,51.5074,-0.1278,2025-11-01T18:00:00Z,2025-11-01,18:00,2,100.24,0,2.15,81.43,0.96,0.6,1.66,0.03
Londres,LON,GB,51.5074,-0.1278,2025-11-01T19:00:00Z,2025-11-01,19:00,2,100.73,0,1.96,82.48,0.87,0.5,1.4,0.03
Londres,LON,GB,51.5074,-0.1278,2025-11-01T20:00:00Z,2025-11-01,20:00,2,100.39,0,1.85,82.66,0.83,0.5,1.26,0.03
Londres,LON,GB,51.5074,-0.1278,2025-11-01T21:00:00Z,2025-11-01,21:00,2,101.62,0,1.79,81.59,0.83,0.5,1.22,0.03
Londres,LON,GB,51.5074,-0.1278,2025-11-01T22:00:00Z,2025-11-01,22:00,2,103.86,0,1.75,79.16,0.84,0.5,1.28,0.03
Londres,LON,GB,51.5074,-0.1278,2025-11-01T23:00:00Z,2025-11-01,23:00,2,105.81,0,1.75,76.58,0.86,0.5,1.32,0.03
Londres,LON,GB,51.5074,-0.1278,2025-11-02T00:00:00Z,2025-11-02,00:00,2,106.3,0,1.74,75.02,0.87,0.5,1.29,0.03
Londres,LON,GB,51.5074,-0.1278,2025-11-02T01:00:00Z,2025-11-02,01:00,2,105.62,0,1.73,74.52,0.87,0.5,1.15,0.02
Londres,LON,GB,51.5074,-0.1278,2025-11-02T02:00:00Z,2025-11-02,02:00,2,104.25,0,1.71,75.8,0.85,0.5,1.09,0.02
Londres,LON,GB,51.5074,-0.1278,2025-11-02T03:00:00Z,2025-11-02,03:00,2,102.78,0,1.71,78.33,0.83,0.5,1.13,0.03
Londres,LON,GB,51.5074,-0.1278,2025-11-02T04:00:00Z,2025-11-02,04:00,2,102.17,0,1.8,81.27,0.86,0.51,1.15,0.04
Londres,LON,GB,51.5074,-0.1278,2025-11-02T05:00:00Z,2025-11-02,05:00,2,101.76,0,1.96,83.67,0.88,0.54,1.32,0.06
Londres,LON,GB,51.5074,-0.1278,2025-11-02T06:00:00Z,2025-11-02,06:00,2,100.88,0,2.04,85.21,0.87,0.58,1.51,0.05
Londres,LON,GB,51.5074,-0.1278,2025-11-02T07:00:00Z,2025-11-02,07:00,2,100.06,0,2.07,85.29,0.86,0.65,1.67,0.04
Londres,LON,GB,51.5074,-0.1278,2025-11-02T08:00:00Z,2025-11-02,08:00,2,100.66,0,2.11,84.62,0.89,0.66,1.68,0.03
Londres,LON,GB,51.5074,-0.1278,2025-11-02T09:00:00Z,2025-11-02,09:00,2,101.91,0.04,2.03,83.08,0.9,0.57,1.5,0.04
Londres,LON,GB,51.5074,-0.1278,2025-11-02T10:00:00Z,2025-11-02,10:00,2,101.57,0.1,1.69,83.66,0.84,0.5,1.25,0.08
Londres,LON,GB,51.5074,-0.1278,2025-11-02T11:00:00Z,2025-11-02,11:00,2,100.48,0.15,1.42,87.55,0.8,0.5,1.13,0.11
Londres,LON,GB,51.5074,-0.1278,2025-11-02T12:00:00Z,2025-11-02,12:00,2,99.57,0.18,1.34,91.36,0.81,0.5,1.15,0.13
Londres,LON,GB,51.5074,-0.1278,2025-11-02T13:00:00Z,2025-11-02,13:00,2,99.12,0.17,1.32,93.99,0.81,0.5,1.21,0.15
Londres,LON,GB,51.5074,-0.1278,2025-11-02T14:00:00Z,2025-11-02,14:00,2,98.85,0.14,1.37,95.9,0.81,0.5,1.24,0.15
Londres,LON,GB,51.5074,-0.1278,2025-11-02T15:00:00Z,2025-11-02,15:00,2,98.68,0.09,1.48,97.41,0.81,0.5,1.18,0.16
Londres,LON,GB,51.5074,-0.1278,2025-11-02T16:00:00Z,2025-11-02,16:00,2,98.7,0.03,1.58,98.7,0.82,0.5,1.08,0.16
Londres,LON,GB,51.5074,-0.1278,2025-11-02T17:00:00Z,2025-11-02,17:00,2,98.81,0,1.57,98.96,0.81,0.5,0.92,0.16
Londres,LON,GB,51.5074,-0.1278,2025-11-02T18:00:00Z,2025-11-02,18:00,2,99.39,0,1.54,98.27,0.81,0.5,0.8,0.14
Londres,LON,GB,51.5074,-0.1278,2025-11-02T19:00:00Z,2025-11-02,19:00,2,99.95,0,1.58,96.53,0.83,0.5,0.74,0.13
Londres,LON,GB,51.5074,-0.1278,2025-11-02T20:00:00Z,2025-11-02,20:00,2,100.13,0,1.71,94.7,0.88,0.5,0.76,0.12
Londres,LON,GB,51.5074,-0.1278,2025-11-02T21:00:00Z,2025-11-02,21:00,2,100.21,0,1.85,93.5,0.94,0.5,0.81,0.13
Londres,LON,GB,51.5074,-0.1278,2025-11-02T22:00:00Z,2025-11-02,22:00,2,99.89,0,2.04,92.91,1.05,0.5,0.94,0.12
Londres,LON,GB,51.5074,-0.1278,2025-11-02T23:00:00Z,2025-11-02,23:00,2,99.91,0,2.36,93.16,1.25,0.5,1.29,0.11
Londres,LON,GB,51.5074,-0.1278,2025-11-03T00:00:00Z,2025-11-03,00:00,2,100.02,0,2.63,94.27,1.44,0.59,1.89,0.09
Londres,LON,GB,51.5074,-0.1278,2025-11-03T01:00:00Z,2025-11-03,01:00,2,100.13,0,2.77,95.55,1.57,0.79,2.72,0.06
Londres,LON,GB,51.5074,-0.1278,2025-11-03T02:00:00Z,2025-11-03,02:00,2,99.96,0,2.65,95.24,1.56,1,3.59,0.03
Londres,LON,GB,51.5074,-0.1278,2025-11-03T03:00:00Z,2025-11-03,03:00,2,100.07,0,2.48,92.4,1.47,1.26,4.34,0.03
Londres,LON,GB,51.5074,-0.1278,2025-11-03T04:00:00Z,2025-11-03,04:00,2,100.57,0,2.32,89.83,1.3,1.46,4.4,0.03
Londres,LON,GB,51.5074,-0.1278,2025-11-03T05:00:00Z,2025-11-03,05:00,2,100.08,0,2.19,88.78,1.16,1.55,4.14,0.04
Londres,LON,GB,51.5074,-0.1278,2025-11-03T06:00:00Z,2025-11-03,06:00,2,99.41,0,2.1,89.23,1.08,1.56,3.99,0.05
Londres,LON,GB,51.5074,-0.1278,2025-11-03T07:00:00Z,2025-11-03,07:00,2,99.16,0,2.11,89.64,1.06,1.46,3.84,0.06
Londres,LON,GB,51.5074,-0.1278,2025-11-03T08:00:00Z,2025-11-03,08:00,2,99.5,0,2.22,89.15,1.09,1.48,3.95,0.09
Londres,LON,GB,51.5074,-0.1278,2025-11-03T09:00:00Z,2025-11-03,09:00,2,99.85,0,2.33,88.43,1.1,1.61,4.18,0.12
Londres,LON,GB,51.5074,-0.1278,2025-11-03T10:00:00Z,2025-11-03,10:00,2,99.49,0.01,2.41,88.59,1.12,1.73,4.29,0.13
Londres,LON,GB,51.5074,-0.1278,2025-11-03T11:00:00Z,2025-11-03,11:00,2,98.8,0.02,2.45,90.68,1.12,1.74,4.36,0.12
Londres,LON,GB,51.5074,-0.1278,2025-11-03T12:00:00Z,2025-11-03,12:00,2,97.92,0.03,2.46,94.11,1.12,1.72,4.41,0.12
Londres,LON,GB,51.5074,-0.1278,2025-11-03T13:00:00Z,2025-11-03,13:00,2,97.23,0.05,2.43,97.22,1.14,1.81,4.62,0.11
Londres,LON,GB,51.5074,-0.1278,2025-11-03T14:00:00Z,2025-11-03,14:00,2,97,0.06,2.36,98.82,1.14,1.88,4.55,0.12
Londres,LON,GB,51.5074,-0.1278,2025-11-03T15:00:00Z,2025-11-03,15:00,2,96.86,0.05,2.35,98.85,1.15,1.87,4.39,0.12
Londres,LON,GB,51.5074,-0.1278,2025-11-03T16:00:00Z,2025-11-03,16:00,2,97.1,0.03,2.41,97.8,1.17,1.85,4.48,0.12
Londres,LON,GB,51.5074,-0.1278,2025-11-03T17:00:00Z,2025-11-03,17:00,2,97.27,0,2.47,96.37,1.23,1.89,4.91,0.13
Londres,LON,GB,51.5074,-0.1278,2025-11-03T18:00:00Z,2025-11-03,18:00,2,97.62,0,2.52,95.25,1.28,1.91,5.36,0.18
Londres,LON,GB,51.5074,-0.1278,2025-11-03T19:00:00Z,2025-11-03,19:00,2,97.82,0,2.56,94.55,1.3,1.8,5.28,0.27
Londres,LON,GB,51.5074,-0.1278,2025-11-03T20:00:00Z,2025-11-03,20:00,2,98.05,0,2.52,93.89,1.26,1.53,4.57,0.35
Londres,LON,GB,51.5074,-0.1278,2025-11-03T21:00:00Z,2025-11-03,21:00,2,98.37,0,2.45,93.3,1.2,1.24,3.84,0.39
Londres,LON,GB,51.5074,-0.1278,2025-11-03T22:00:00Z,2025-11-03,22:00,2,98.59,0,2.42,92.55,1.18,1.1,3.52,0.4
Londres,LON,GB,51.5074,-0.1278,2025-11-03T23:00:00Z,2025-11-03,23:00,2,99.56,0,2.67,90.54,1.25,1.24,3.8,0.47
Londres,LON,GB,51.5074,-0.1278,2025-11-04T00:00:00Z,2025-11-04,00:00,2,100.8,0,2.87,88.53,1.29,1.38,4.07,0.52
Londres,LON,GB,51.5074,-0.1278,2025-11-04T01:00:00Z,2025-11-04,01:00,2,102.21,0,3.18,85.87,1.39,1.54,4.44,0.59
Londres,LON,GB,51.5074,-0.1278,2025-11-04T02:00:00Z,2025-11-04,02:00,2,103.51,0,3.43,83.2,1.5,1.69,4.86,0.65
Londres,LON,GB,51.5074,-0.1278,2025-11-04T03:00:00Z,2025-11-04,03:00,2,103.89,0,3.46,81.55,1.56,1.76,5.15,0.65
Londres,LON,GB,51.5074,-0.1278,2025-11-04T04:00:00Z,2025-11-04,04:00,2,103.97,0,3.48,80.67,1.62,1.81,5.32,0.66
Londres,LON,GB,51.5074,-0.1278,2025-11-04T05:00:00Z,2025-11-04,05:00,2,104.31,0,3.53,80.49,1.69,1.84,5.28,0.68
Londres,LON,GB,51.5074,-0.1278,2025-11-04T06:00:00Z,2025-11-04,06:00,2,105.1,0,3.65,79.75,1.74,1.84,5.06,0.75
Londres,LON,GB,51.5074,-0.1278,2025-11-04T07:00:00Z,2025-11-04,07:00,2,107.32,0,4,76.84,1.81,1.88,5.01,0.88
Londres,LON,GB,51.5074,-0.1278,2025-11-04T08:00:00Z,2025-11-04,08:00,2,111.42,0,4.71,71.59,1.93,1.99,5.2,1
Londres,LON,GB,51.5074,-0.1278,2025-11-04T09:00:00Z,2025-11-04,09:00,2,116.35,0.05,5.6,66.8,2.02,2.13,5.42,1.05
Londres,LON,GB,51.5074,-0.1278,2025-11-04T10:00:00Z,2025-11-04,10:00,2,120.68,0.14,6.38,63.49,2.11,2.26,5.55,1.06
Londres,LON,GB,51.5074,-0.1278,2025-11-04T11:00:00Z,2025-11-04,11:00,2,123.56,0.27,6.78,62.58,2.2,2.37,5.55,1.09
Londres,LON,GB,51.5074,-0.1278,2025-11-04T12:00:00Z,2025-11-04,12:00,2,123.68,0.33,6.84,63.5,2.24,2.41,5.41,1.16
Londres,LON,GB,51.5074,-0.1278,2025-11-04T13:00:00Z,2025-11-04,13:00,2,122.37,0.25,6.79,65.17,2.18,2.4,5.06,1.23
Londres,LON,GB,51.5074,-0.1278,2025-11-04T14:00:00Z,2025-11-04,14:00,2,121.56,0.17,6.75,65.63,2.04,2.44,4.52,1.16
Londres,LON,GB,51.5074,-0.1278,2025-11-04T15:00:00Z,2025-11-04,15:00,2,122.5,0.08,6.95,64.99,1.9,2.53,4.07,0.99
Londres,LON,GB,51.5074,-0.1278,2025-11-04T16:00:00Z,2025-11-04,16:00,2,123.8,0.04,7.15,64.91,1.81,2.6,3.8,0.84
Londres,LON,GB,51.5074,-0.1278,2025-11-04T17:00:00Z,2025-11-04,17:00,2,124.09,0,7.23,64.9,1.9,2.73,3.98,0.91
Londres,LON,GB,51.5074,-0.1278,2025-11-04T18:00:00Z,2025-11-04,18:00,2,123.56,0,7.2,65.2,2.04,2.91,4.4,1.17
Londres,LON,GB,51.5074,-0.1278,2025-11-04T19:00:00Z,2025-11-04,19:00,2,123.82,0,7.15,66.24,2.21,3.12,5.06,1.57
Londres,LON,GB,51.5074,-0.1278,2025-11-04T20:00:00Z,2025-11-04,20:00,2,124.14,0,6.91,67.71,2.28,3.31,5.79,2
Londres,LON,GB,51.5074,-0.1278,2025-11-04T21:00:00Z,2025-11-04,21:00,2,124.73,0,6.62,70.18,2.26,3.47,6.28,2.32
Londres,LON,GB,51.5074,-0.1278,2025-11-04T22:00:00Z,2025-11-04,22:00,2,125.04,0,6.3,73.04,2.2,3.58,6.52,2.54
Londres,LON,GB,51.5074,-0.1278,2025-11-04T23:00:00Z,2025-11-04,23:00,2,124.8,0,6.13,75.12,2.19,3.64,6.6,2.72
Londres,LON,GB,51.5074,-0.1278,2025-11-05T00:00:00Z,2025-11-05,00:00,2,124.02,0,6.06,76.57,2.22,3.63,6.58,2.89
Londres,LON,GB,51.5074,-0.1278,2025-11-05T01:00:00Z,2025-11-05,01:00,2,123.83,0,6.27,76.64,2.37,3.65,6.65,3.02
Londres,LON,GB,51.5074,-0.1278,2025-11-05T02:00:00Z,2025-11-05,02:00,2,124.41,0,6.81,74.16,2.59,3.74,6.81,3.07
Londres,LON,GB,51.5074,-0.1278,2025-11-05T03:00:00Z,2025-11-05,03:00,2,125.72,0,7.27,70.9,2.71,3.88,6.91,2.99
Londres,LON,GB,51.5074,-0.1278,2025-11-05T04:00:00Z,2025-11-05,04:00,2,127.19,0,7.56,67.55,2.75,4.09,7.08,2.82
Londres,LON,GB,51.5074,-0.1278,2025-11-05T05:00:00Z,2025-11-05,05:00,2,128.18,0,7.39,64.97,2.64,4.34,7.33,2.69
Londres,LON,GB,51.5074,-0.1278,2025-11-05T06:00:00Z,2025-11-05,06:00,2,128.25,0,7.01,63.63,2.5,4.52,7.55,2.57
Londres,LON,GB,51.5074,-0.1278,2025-11-05T07:00:00Z,2025-11-05,07:00,2,127.23,0,6.64,63.39,2.4,4.48,7.54,2.41
Londres,LON,GB,51.5074,-0.1278,2025-11-05T08:00:00Z,2025-11-05,08:00,2,125.94,0,6.65,63.46,2.41,4.23,7.33,2.24
Londres,LON,GB,51.5074,-0.1278,2025-11-05T09:00:00Z,2025-11-05,09:00,2,124.55,0.02,6.92,63.76,2.45,3.85,7.04,2.15
Londres,LON,GB,51.5074,-0.1278,2025-11-05T10:00:00Z,2025-11-05,10:00,2,122.96,0.1,7.22,64.28,2.48,3.48,6.8,2.17
Londres,LON,GB,51.5074,-0.1278,2025-11-05T11:00:00Z,2025-11-05,11:00,2,121.89,0.29,7.46,64.95,2.6,3.3,6.76,2.23
Londres,LON,GB,51.5074,-0.1278,2025-11-05T12:00:00Z,2025-11-05,12:00,2,121.19,0.46,7.69,65.38,2.75,3.28,6.83,2.28
Londres,LON,GB,51.5074,-0.1278,2025-11-05T13:00:00Z,2025-11-05,13:00,2,121.05,0.63,8.15,65.59,3.05,3.39,7,2.24
Londres,LON,GB,51.5074,-0.1278,2025-11-05T14:00:00Z,2025-11-05,14:00,2,121.27,0.56,9.22,64.7,3.46,3.53,7.15,2.09
Londres,LON,GB,51.5074,-0.1278,2025-11-05T15:00:00Z,2025-11-05,15:00,2,121.95,0.32,10.38,63.28,3.78,3.59,7.07,1.92
Londres,LON,GB,51.5074,-0.1278,2025-11-05T16:00:00Z,2025-11-05,16:00,2,123.16,0.1,11.31,61.84,3.99,3.55,6.78,1.8
Londres,LON,GB,51.5074,-0.1278,2025-11-05T17:00:00Z,2025-11-05,17:00,2,124.16,0,11.49,60.95,4.05,3.47,6.45,1.73
Londres,LON,GB,51.5074,-0.1278,2025-11-05T18:00:00Z,2025-11-05,18:00,2,125.25,0,11.33,60.75,3.98,3.39,6.14,1.7
Londres,LON,GB,51.5074,-0.1278,2025-11-05T19:00:00Z,2025-11-05,19:00,2,126.47,0,11.14,60.76,3.83,3.32,5.91,1.68
Londres,LON,GB,51.5074,-0.1278,2025-11-05T20:00:00Z,2025-11-05,20:00,1,127.89,0,11.1,59.47,3.74,3.34,5.88,1.69
Londres,LON,GB,51.5074,-0.1278,2025-11-05T21:00:00Z,2025-11-05,21:00,1,131.13,0,11.07,57.67,3.65,3.52,6.17,1.79
Londres,LON,GB,51.5074,-0.1278,2025-11-05T22:00:00Z,2025-11-05,22:00,1,134.91,0,10.71,56.31,3.48,3.84,6.72,1.96
Londres,LON,GB,51.5074,-0.1278,2025-11-05T23:00:00Z,2025-11-05,23:00,1,138.16,0,10.49,55.18,3.39,4.2,7.27,2.03
Londres,LON,GB,51.5074,-0.1278,2025-11-06T00:00:00Z,2025-11-06,00:00,1,140.5,0,10.31,54.32,3.35,4.51,7.62,1.97
Londres,LON,GB,51.5074,-0.1278,2025-11-06T01:00:00Z,2025-11-06,01:00,1,140.5,0,10.03,53.97,3.28,4.67,7.65,1.8
Londres,LON,GB,51.5074,-0.1278,2025-11-06T02:00:00Z,2025-11-06,02:00,1,139.78,0,9.9,53.97,3.29,4.66,7.42,1.54
Londres,LON,GB,51.5074,-0.1278,2025-11-06T03:00:00Z,2025-11-06,03:00,1,138.16,0,9.81,54.01,3.3,4.54,6.98,1.28
Londres,LON,GB,51.5074,-0.1278,2025-11-06T04:00:00Z,2025-11-06,04:00,1,137.17,0,9.71,54.17,3.06,4.25,5.9,0.96
Londres,LON,GB,51.5074,-0.1278,2025-11-06T05:00:00Z,2025-11-06,05:00,1,136.34,0,9.54,54.86,2.7,3.92,4.93,0.67
Londres,LON,GB,51.5074,-0.1278,2025-11-06T06:00:00Z,2025-11-06,06:00,1,135.43,0,8.99,56.56,2.41,3.56,4.28,0.45
Londres,LON,GB,51.5074,-0.1278,2025-11-06T07:00:00Z,2025-11-06,07:00,1,133.08,0,8.16,58.55,2.16,3.11,3.66,0.29
Londres,LON,GB,51.5074,-0.1278,2025-11-06T08:00:00Z,2025-11-06,08:00,1,130.76,0.01,7.88,58.81,2.18,2.74,3.27,0.22
Londres,LON,GB,51.5074,-0.1278,2025-11-06T09:00:00Z,2025-11-06,09:00,1,129.44,0.22,7.98,57.5,2.28,2.47,3.03,0.21
Londres,LON,GB,51.5074,-0.1278,2025-11-06T10:00:00Z,2025-11-06,10:00,1,129,0.71,7.69,56.42,2.48,2.33,2.98,0.24
Londres,LON,GB,51.5074,-0.1278,2025-11-06T11:00:00Z,2025-11-06,11:00,1,128.9,1.08,7.55,55.79,2.76,2.25,3,0.31
Londres,LON,GB,51.5074,-0.1278,2025-11-06T12:00:00Z,2025-11-06,12:00,1,127.98,1.22,7.43,56.22,2.97,2.13,2.93,0.41
Londres,LON,GB,51.5074,-0.1278,2025-11-06T13:00:00Z,2025-11-06,13:00,1,126.79,1.1,7.91,56.68,3.23,2.09,2.93,0.51
Londres,LON,GB,51.5074,-0.1278,2025-11-06T14:00:00Z,2025-11-06,14:00,1,127.33,0.98,9.68,54.96,3.83,2.24,3.19,0.55
Londres,LON,GB,51.5074,-0.1278,2025-11-06T15:00:00Z,2025-11-06,15:00,1,128.32,0.66,12.09,52.23,4.42,2.43,3.47,0.56
Londres,LON,GB,51.5074,-0.1278,2025-11-06T16:00:00Z,2025-11-06,16:00,1,129.89,0.29,15.56,47.56,5.24,2.69,3.77,0.52
Londres,LON,GB,51.5074,-0.1278,2025-11-06T17:00:00Z,2025-11-06,17:00,1,132.04,0.01,19.1,42.04,6.03,3.03,4.11,0.45
Londres,LON,GB,51.5074,-0.1278,2025-11-06T18:00:00Z,2025-11-06,18:00,1,133.74,0,21.59,37.73,6.59,3.38,4.46,0.41
Londres,LON,GB,51.5074,-0.1278,2025-11-06T19:00:00Z,2025-11-06,19:00,1,135.79,0.01,23.68,33.55,6.84,3.7,4.73,0.38
Londres,LON,GB,51.5074,-0.1278,2025-11-06T20:00:00Z,2025-11-06,20:00,1,138.28,0.01,25.85,29.18,6.95,3.97,4.94,0.35
Londres,LON,GB,51.5074,-0.1278,2025-11-06T21:00:00Z,2025-11-06,21:00,1,141.5,0.03,27.77,25.05,7.07,4.21,5.14,0.35
Londres,LON,GB,51.5074,-0.1278,2025-11-06T22:00:00Z,2025-11-06,22:00,1,144.24,0.03,28.25,22.79,7.58,4.44,5.4,0.38
Londres,LON,GB,51.5074,-0.1278,2025-11-06T23:00:00Z,2025-11-06,23:00,1,148.49,0.04,28.29,20.58,7.6,4.69,5.75,0.39
Londres,LON,GB,51.5074,-0.1278,2025-11-07T00:00:00Z,2025-11-07,00:00,1,152.66,0.06,28.02,18.6,7.41,4.98,6.13,0.39
Londres,LON,GB,51.5074,-0.1278,2025-11-07T01:00:00Z,2025-11-07,01:00,1,155.6,0.06,26.12,18.98,7.07,5.18,6.42,0.45
Londres,LON,GB,51.5074,-0.1278,2025-11-07T02:00:00Z,2025-11-07,02:00,1,158.24,0.05,24.45,19.63,6.78,5.31,6.65,0.5
Londres,LON,GB,51.5074,-0.1278,2025-11-07T03:00:00Z,2025-11-07,03:00,1,159.78,0.05,22.76,20.44,6.52,5.37,6.84,0.56
Londres,LON,GB,51.5074,-0.1278,2025-11-07T04:00:00Z,2025-11-07,04:00,1,158.55,0.03,20.01,22.21,5.83,5.23,6.72,0.65
Londres,LON,GB,51.5074,-0.1278,2025-11-07T05:00:00Z,2025-11-07,05:00,1,156.37,0.02,17.72,23.44,5.18,4.99,6.46,0.73
Londres,LON,GB,51.5074,-0.1278,2025-11-07T06:00:00Z,2025-11-07,06:00,1,154.56,0.02,16.06,23.64,4.7,4.75,6.18,0.78
Londres,LON,GB,51.5074,-0.1278,2025-11-07T07:00:00Z,2025-11-07,07:00,1,151.65,0.01,13.49,25.85,4,4.41,5.77,0.84
Londres,LON,GB,51.5074,-0.1278,2025-11-07T08:00:00Z,2025-11-07,08:00,1,149.67,0.03,12.26,27.81,3.7,4.06,5.52,0.91
Londres,LON,GB,51.5074,-0.1278,2025-11-07T09:00:00Z,2025-11-07,09:00,1,147.31,0.28,11.32,30.28,3.48,3.68,5.43,1
Londres,LON,GB,51.5074,-0.1278,2025-11-07T10:00:00Z,2025-11-07,10:00,1,136.94,0.35,8.8,39.87,2.7,2.67,4.62,0.93
Londres,LON,GB,51.5074,-0.1278,2025-11-07T11:00:00Z,2025-11-07,11:00,1,126.47,0.29,7.08,48.45,2.18,2.06,3.92,0.77
Londres,LON,GB,51.5074,-0.1278,2025-11-07T12:00:00Z,2025-11-07,12:00,1,121.39,0.24,6.53,51.28,1.95,1.78,3.39,0.68
Londres,LON,GB,51.5074,-0.1278,2025-11-07T13:00:00Z,2025-11-07,13:00,1,117.34,0.29,5.73,53.54,1.71,1.49,2.72,0.61
Londres,LON,GB,51.5074,-0.1278,2025-11-07T14:00:00Z,2025-11-07,14:00,1,113.77,0.35,4.96,56.78,1.56,1.24,2.23,0.56
Londres,LON,GB,51.5074,-0.1278,2025-11-07T15:00:00Z,2025-11-07,15:00,2,111.58,0.27,4.75,60.09,1.48,1.05,1.89,0.56
Londres,LON,GB,51.5074,-0.1278,2025-11-07T16:00:00Z,2025-11-07,16:00,2,109.91,0.08,4.73,65.62,1.31,0.83,1.4,0.46
Londres,LON,GB,51.5074,-0.1278,2025-11-07T17:00:00Z,2025-11-07,17:00,2,108.2,0,4.51,72.04,1.1,0.7,1.05,0.27
Londres,LON,GB,51.5074,-0.1278,2025-11-07T18:00:00Z,2025-11-07,18:00,2,107.41,0,4.2,76.36,0.95,0.7,1.01,0.16
Londres,LON,GB,51.5074,-0.1278,2025-11-07T19:00:00Z,2025-11-07,19:00,2,107.19,0,4.5,77.33,1.08,0.76,1.17,0.13
Londres,LON,GB,51.5074,-0.1278,2025-11-07T20:00:00Z,2025-11-07,20:00,2,107.82,0,5.54,75.04,1.47,0.91,1.44,0.14
Londres,LON,GB,51.5074,-0.1278,2025-11-07T21:00:00Z,2025-11-07,21:00,2,107.54,0,6.43,73.14,1.93,1.13,1.89,0.14
Londres,LON,GB,51.5074,-0.1278,2025-11-07T22:00:00Z,2025-11-07,22:00,2,106.7,0,7.32,71.55,2.7,1.71,3.39,0.14
Londres,LON,GB,51.5074,-0.1278,2025-11-07T23:00:00Z,2025-11-07,23:00,2,107.95,0,7.92,70.42,3.46,2.39,5.43,0.13
Londres,LON,GB,51.5074,-0.1278,2025-11-08T00:00:00Z,2025-11-08,00:00,2,111.68,0,8.22,69.68,3.95,2.77,6.88,0.11
Londres,LON,GB,51.5074,-0.1278,2025-11-08T01:00:00Z,2025-11-08,01:00,2,116.33,0,7.52,69.72,3.77,2.65,6.9,0.11
Londres,LON,GB,51.5074,-0.1278,2025-11-08T02:00:00Z,2025-11-08,02:00,2,120.51,0,6.76,69.28,3.51,2.33,6.17,0.12
Londres,LON,GB,51.5074,-0.1278,2025-11-08T03:00:00Z,2025-11-08,03:00,2,123.6,0,6.75,67.98,3.55,2.14,5.59,0.14
Londres,LON,GB,51.5074,-0.1278,2025-11-08T04:00:00Z,2025-11-08,04:00,2,125.33,0,6.9,66.14,3.6,2.03,5.17,0.17
Londres,LON,GB,51.5074,-0.1278,2025-11-08T05:00:00Z,2025-11-08,05:00,2,126.17,0,6.82,64.93,3.47,1.9,4.67,0.19
Londres,LON,GB,51.5074,-0.1278,2025-11-08T06:00:00Z,2025-11-08,06:00,2,125.9,0,6.42,64.67,3.19,1.69,3.99,0.21
Londres,LON,GB,51.5074,-0.1278,2025-11-08T07:00:00Z,2025-11-08,07:00,2,124.83,0,5.59,65.76,2.67,1.36,2.94,0.18
Londres,LON,GB,51.5074,-0.1278,2025-11-08T08:00:00Z,2025-11-08,08:00,2,123.88,0.01,5.05,67.5,2.36,1.04,2.06,0.14
Londres,LON,GB,51.5074,-0.1278,2025-11-08T09:00:00Z,2025-11-08,09:00,2,122.83,0.2,4.9,68.69,2.36,0.88,1.65,0.14
Londres,LON,GB,51.5074,-0.1278,2025-11-08T10:00:00Z,2025-11-08,10:00,2,121,0.53,4.98,69.22,2.64,0.86,1.6,0.16
Londres,LON,GB,51.5074,-0.1278,2025-11-08T11:00:00Z,2025-11-08,11:00,2,119.05,0.9,5.57,69.03,3.21,0.99,1.8,0.21
Londres,LON,GB,51.5074,-0.1278,2025-11-08T12:00:00Z,2025-11-08,12:00,2,117.09,1.19,6.38,68.05,3.77,1.17,2.11,0.28
Londres,LON,GB,51.5074,-0.1278,2025-11-08T13:00:00Z,2025-11-08,13:00,2,114.37,1.35,6.91,67.13,4.1,1.31,2.37,0.36
Londres,LON,GB,51.5074,-0.1278,2025-11-08T14:00:00Z,2025-11-08,14:00,2,111.62,1.14,7.1,66.43,4,1.36,2.52,0.44
Londres,LON,GB,51.5074,-0.1278,2025-11-08T15:00:00Z,2025-11-08,15:00,2,109.52,0.68,7.08,66.2,3.64,1.34,2.57,0.53
Londres,LON,GB,51.5074,-0.1278,2025-11-08T16:00:00Z,2025-11-08,16:00,2,108.79,0.2,6.69,67.24,3.14,1.27,2.53,0.57
Londres,LON,GB,51.5074,-0.1278,2025-11-08T17:00:00Z,2025-11-08,17:00,2,109.34,0,5.69,70.33,2.67,1.17,2.43,0.54
Londres,LON,GB,51.5074,-0.1278,2025-11-08T18:00:00Z,2025-11-08,18:00,2,109.9,0,4.65,73.82,2.28,1.06,2.31,0.48
Londres,LON,GB,51.5074,-0.1278,2025-11-08T19:00:00Z,2025-11-08,19:00,2,110.65,0,3.57,77.56,1.76,0.86,1.91,0.37
Londres,LON,GB,51.5074,-0.1278,2025-11-08T20:00:00Z,2025-11-08,20:00,2,111.15,0,3.05,79.32,1.5,0.68,1.48,0.28
Londres,LON,GB,51.5074,-0.1278,2025-11-08T21:00:00Z,2025-11-08,21:00,2,111.64,0,2.95,79.11,1.46,0.58,1.17,0.23
Londres,LON,GB,51.5074,-0.1278,2025-11-08T22:00:00Z,2025-11-08,22:00,2,111.84,0,2.93,78.49,1.47,0.5,0.93,0.19
Londres,LON,GB,51.5074,-0.1278,2025-11-08T23:00:00Z,2025-11-08,23:00,2,112.04,0,2.97,77.86,1.51,0.5,0.77,0.16
Londres,LON,GB,51.5074,-0.1278,2025-11-09T00:00:00Z,2025-11-09,00:00,2,111.21,0,3.01,77.7,1.54,0.5,0.69,0.12
Londres,LON,GB,51.5074,-0.1278,2025-11-09T01:00:00Z,2025-11-09,01:00,2,109.54,0,3.12,77.94,1.63,0.5,0.67,0.09
Londres,LON,GB,51.5074,-0.1278,2025-11-09T02:00:00Z,2025-11-09,02:00,2,107.32,0,3.4,78.26,1.84,0.5,0.74,0.06
Londres,LON,GB,51.5074,-0.1278,2025-11-09T03:00:00Z,2025-11-09,03:00,2,105,0,3.63,78.49,2.02,0.5,0.84,0.05
Londres,LON,GB,51.5074,-0.1278,2025-11-09T04:00:00Z,2025-11-09,04:00,2,103.12,0,3.74,78.39,2.11,0.5,0.96,0.05
Londres,LON,GB,51.5074,-0.1278,2025-11-09T05:00:00Z,2025-11-09,05:00,2,102.13,0,3.72,77.39,2.16,0.5,1.15,0.09
Londres,LON,GB,51.5074,-0.1278,2025-11-09T06:00:00Z,2025-11-09,06:00,2,102.25,0,3.75,75.6,2.18,0.57,1.45,0.15
Londres,LON,GB,51.5074,-0.1278,2025-11-09T07:00:00Z,2025-11-09,07:00,2,103.18,0,3.85,73.62,2.16,0.73,1.81,0.22
Londres,LON,GB,51.5074,-0.1278,2025-11-09T08:00:00Z,2025-11-09,08:00,2,105.12,0,4.21,71.15,2.17,0.92,2.23,0.31
Londres,LON,GB,51.5074,-0.1278,2025-11-09T09:00:00Z,2025-11-09,09:00,2,107.34,0.03,4.8,68.83,2.17,1.12,2.63,0.4
Londres,LON,GB,51.5074,-0.1278,2025-11-09T10:00:00Z,2025-11-09,10:00,2,110.74,0.11,5.98,65.45,2.36,1.39,3.17,0.55
Londres,LON,GB,51.5074,-0.1278,2025-11-09T11:00:00Z,2025-11-09,11:00,2,115.6,0.29,7.45,61.58,2.65,1.71,3.67,0.71
Londres,LON,GB,51.5074,-0.1278,2025-11-09T12:00:00Z,2025-11-09,12:00,1,119.25,0.45,7.99,59.85,2.65,1.85,3.72,0.77
Londres,LON,GB,51.5074,-0.1278,2025-11-09T13:00:00Z,2025-11-09,13:00,2,119.91,0.49,7.57,60.13,2.48,1.87,3.56,0.75
Londres,LON,GB,51.5074,-0.1278,2025-11-09T14:00:00Z,2025-11-09,14:00,2,117.87,0.3,6.67,62.33,2.24,1.87,3.48,0.72
Londres,LON,GB,51.5074,-0.1278,2025-11-09T15:00:00Z,2025-11-09,15:00,2,115.65,0.12,5.87,64.85,2.09,1.99,3.65,0.77
Londres,LON,GB,51.5074,-0.1278,2025-11-09T16:00:00Z,2025-11-09,16:00,2,113.7,0.02,5.05,67.71,1.95,2.04,3.77,0.75
Londres,LON,GB,51.5074,-0.1278,2025-11-09T17:00:00Z,2025-11-09,17:00,2,112.75,0,4.73,68.25,1.96,2.09,3.94,0.75
Londres,LON,GB,51.5074,-0.1278,2025-11-09T18:00:00Z,2025-11-09,18:00,2,113.1,0,4.64,67.76,1.93,2.02,3.95,0.8
Londres,LON,GB,51.5074,-0.1278,2025-11-09T19:00:00Z,2025-11-09,19:00,2,114.19,0,4.57,66.73,1.79,1.76,3.57,0.83
Londres,LON,GB,51.5074,-0.1278,2025-11-09T20:00:00Z,2025-11-09,20:00,2,115.84,0,4.77,64.75,1.69,1.57,3.31,0.83
Londres,LON,GB,51.5074,-0.1278,2025-11-09T21:00:00Z,2025-11-09,21:00,2,117.12,0,4.82,63.63,1.6,1.43,3.14,0.84
Londres,LON,GB,51.5074,-0.1278,2025-11-09T22:00:00Z,2025-11-09,22:00,2,117.18,0,4.68,63.46,1.49,1.36,2.96,0.79
Londres,LON,GB,51.5074,-0.1278,2025-11-09T23:00:00Z,2025-11-09,23:00,2,116.49,0,4.39,64.06,1.38,1.31,2.73,0.65
Londres,LON,GB,51.5074,-0.1278,2025-11-10T00:00:00Z,2025-11-10,00:00,2,115.6,0,4.1,64.82,1.26,1.26,2.52,0.48
Londres,LON,GB,51.5074,-0.1278,2025-11-10T01:00:00Z,2025-11-10,01:00,2,114.75,0,3.9,65.86,1.13,1.21,2.2,0.33
Londres,LON,GB,51.5074,-0.1278,2025-11-10T02:00:00Z,2025-11-10,02:00,2,114.93,0,3.95,65.2,1.08,1.26,2.16,0.26
Londres,LON,GB,51.5074,-0.1278,2025-11-10T03:00:00Z,2025-11-10,03:00,2,115.38,0,4.07,63.99,1.1,1.34,2.28,0.25
Londres,LON,GB,51.5074,-0.1278,2025-11-10T04:00:00Z,2025-11-10,04:00,2,116.31,0,4.13,63.87,1.13,1.42,2.39,0.27
Londres,LON,GB,51.5074,-0.1278,2025-11-10T05:00:00Z,2025-11-10,05:00,2,116.17,0,4.04,64.29,1.13,1.38,2.26,0.28
Londres,LON,GB,51.5074,-0.1278,2025-11-10T06:00:00Z,2025-11-10,06:00,2,116.12,0,3.92,64.94,1.12,1.31,2.09,0.28
Londres,LON,GB,51.5074,-0.1278,2025-11-10T07:00:00Z,2025-11-10,07:00,2,116.78,0,4.04,64.55,1.18,1.34,2.09,0.29
Londres,LON,GB,51.5074,-0.1278,2025-11-10T08:00:00Z,2025-11-10,08:00,2,118.42,0,4.41,63.06,1.28,1.49,2.37,0.33
Londres,LON,GB,51.5074,-0.1278,2025-11-10T09:00:00Z,2025-11-10,09:00,2,119.88,0.01,4.81,61.79,1.34,1.58,2.56,0.33
Londres,LON,GB,51.5074,-0.1278,2025-11-10T10:00:00Z,2025-11-10,10:00,2,119.83,0.04,5.08,61.37,1.3,1.46,2.39,0.28
Londres,LON,GB,51.5074,-0.1278,2025-11-10T11:00:00Z,2025-11-10,11:00,2,117.17,0.08,5.02,62.74,1.21,1.22,2.02,0.22
Londres,LON,GB,51.5074,-0.1278,2025-11-10T12:00:00Z,2025-11-10,12:00,2,112.59,0.1,4.72,65.04,1.12,1.01,1.72,0.17
Londres,LON,GB,51.5074,-0.1278,2025-11-10T13:00:00Z,2025-11-10,13:00,2,106.25,0.11,3.71,70.36,0.94,0.73,1.35,0.11
Londres,LON,GB,51.5074,-0.1278,2025-11-10T14:00:00Z,2025-11-10,14:00,2,101.52,0.11,2.93,77.44,0.93,0.64,1.33,0.07
Londres,LON,GB,51.5074,-0.1278,2025-11-10T15:00:00Z,2025-11-10,15:00,2,99.07,0.07,2.48,85.94,0.97,0.69,1.6,0.04
Londres,LON,GB,51.5074,-0.1278,2025-11-10T16:00:00Z,2025-11-10,16:00,2,97.59,0.02,2.22,92.68,0.96,0.73,1.82,0.03
Londres,LON,GB,51.5074,-0.1278,2025-11-10T17:00:00Z,2025-11-10,17:00,2,97.42,0,2,92.47,0.89,0.63,1.69,0.02
Londres,LON,GB,51.5074,-0.1278,2025-11-10T18:00:00Z,2025-11-10,18:00,2,98.64,0,1.93,85.1,0.83,0.53,1.48,0.02
Londres,LON,GB,51.5074,-0.1278,2025-11-10T19:00:00Z,2025-11-10,19:00,2,99.53,0,1.91,75.54,0.81,0.52,1.43,0.02
Londres,LON,GB,51.5074,-0.1278,2025-11-10T20:00:00Z,2025-11-10,20:00,2,100.37,0,1.91,70.28,0.82,0.52,1.48,0.02
Londres,LON,GB,51.5074,-0.1278,2025-11-10T21:00:00Z,2025-11-10,21:00,2,100.94,0,1.91,69.1,0.83,0.52,1.5,0.03
Londres,LON,GB,51.5074,-0.1278,2025-11-10T22:00:00Z,2025-11-10,22:00,2,101.08,0,1.9,69.7,0.85,0.52,1.43,0.03
Londres,LON,GB,51.5074,-0.1278,2025-11-10T23:00:00Z,2025-11-10,23:00,2,100.8,0,1.92,70.9,0.87,0.5,1.27,0.03
Londres,LON,GB,51.5074,-0.1278,2025-11-11T00:00:00Z,2025-11-11,00:00,2,100.42,0,1.94,72.16,0.91,0.5,1.14,0.03
Londres,LON,GB,51.5074,-0.1278,2025-11-11T01:00:00Z,2025-11-11,01:00,2,100.32,0,2.03,73.96,0.96,0.5,1.13,0.05
Londres,LON,GB,51.5074,-0.1278,2025-11-11T02:00:00Z,2025-11-11,02:00,2,100.76,0,2.29,75.11,1.07,0.52,1.42,0.17
Londres,LON,GB,51.5074,-0.1278,2025-11-11T03:00:00Z,2025-11-11,03:00,2,101.74,0,2.65,76.43,1.16,0.63,1.77,0.37
Londres,LON,GB,51.5074,-0.1278,2025-11-11T04:00:00Z,2025-11-11,04:00,2,103.32,0,3.3,76.75,1.35,0.78,2.29,0.62
Londres,LON,GB,51.5074,-0.1278,2025-11-11T05:00:00Z,2025-11-11,05:00,2,104.84,0,3.95,77.28,1.57,0.96,2.84,0.77
Londres,LON,GB,51.5074,-0.1278,2025-11-11T06:00:00Z,2025-11-11,06:00,2,105.45,0,4.21,78.9,1.66,1.08,3.2,0.79
Londres,LON,GB,51.5074,-0.1278,2025-11-11T07:00:00Z,2025-11-11,07:00,2,106.16,0,4.29,81.01,1.75,1.18,3.57,0.8
Londres,LON,GB,51.5074,-0.1278,2025-11-11T08:00:00Z,2025-11-11,08:00,2,106.53,0,4.28,82.82,1.8,1.26,3.82,0.8
Londres,LON,GB,51.5074,-0.1278,2025-11-11T09:00:00Z,2025-11-11,09:00,2,106.99,0.03,4.41,83.68,1.8,1.31,3.88,0.78
Londres,LON,GB,51.5074,-0.1278,2025-11-11T10:00:00Z,2025-11-11,10:00,2,107.67,0.07,4.52,83.25,1.76,1.33,3.74,0.78
Londres,LON,GB,51.5074,-0.1278,2025-11-11T11:00:00Z,2025-11-11,11:00,2,108.02,0.13,4.55,81.9,1.7,1.28,3.41,0.78
Londres,LON,GB,51.5074,-0.1278,2025-11-11T12:00:00Z,2025-11-11,12:00,2,108.54,0.17,4.51,79.54,1.66,1.18,2.98,0.76
Londres,LON,GB,51.5074,-0.1278,2025-11-11T13:00:00Z,2025-11-11,13:00,2,109.52,0.16,4.44,76.87,1.62,1.08,2.59,0.74
Londres,LON,GB,51.5074,-0.1278,2025-11-11T14:00:00Z,2025-11-11,14:00,2,110.86,0.1,4.61,73.11,1.65,1.12,2.57,0.76
Londres,LON,GB,51.5074,-0.1278,2025-11-11T15:00:00Z,2025-11-11,15:00,2,112.92,0.05,4.9,68.26,1.68,1.36,3,0.88
Londres,LON,GB,51.5074,-0.1278,2025-11-11T16:00:00Z,2025-11-11,16:00,2,115.79,0.01,5.2,63.95,1.7,1.75,3.68,1.07
Londres,LON,GB,51.5074,-0.1278,2025-11-11T17:00:00Z,2025-11-11,17:00,2,118.37,0,5.36,61.3,1.69,2.19,4.41,1.29
Londres,LON,GB,51.5074,-0.1278,2025-11-11T18:00:00Z,2025-11-11,18:00,2,120.57,0,5.38,60.98,1.64,2.63,5,1.48
Londres,LON,GB,51.5074,-0.1278,2025-11-11T19:00:00Z,2025-11-11,19:00,2,122.93,0,5.39,62.26,1.62,3.09,5.56,1.65
Londres,LON,GB,51.5074,-0.1278,2025-11-11T20:00:00Z,2025-11-11,20:00,2,124.8,0,5.48,63.1,1.67,3.47,6.09,1.76
Londres,LON,GB,51.5074,-0.1278,2025-11-11T21:00:00Z,2025-11-11,21:00,2,125.13,0,5.37,64.71,1.65,3.49,6.18,1.75
Londres,LON,GB,51.5074,-0.1278,2025-11-11T22:00:00Z,2025-11-11,22:00,2,124.95,0,5.28,66.27,1.6,3.33,5.89,1.74
Londres,LON,GB,51.5074,-0.1278,2025-11-11T23:00:00Z,2025-11-11,23:00,2,124.45,0,5.29,67.92,1.63,3.16,5.55,1.77
Londres,LON,GB,51.5074,-0.1278,2025-11-12T00:00:00Z,2025-11-12,00:00,2,123.67,0,5.3,69.42,1.72,2.97,5.17,1.82
Londres,LON,GB,51.5074,-0.1278,2025-11-12T01:00:00Z,2025-11-12,01:00,2,123.22,0,5.5,70.21,1.85,2.87,4.78,1.72
Londres,LON,GB,51.5074,-0.1278,2025-11-12T02:00:00Z,2025-11-12,02:00,2,123.48,0,5.92,69.26,2.03,2.91,4.69,1.68
Londres,LON,GB,51.5074,-0.1278,2025-11-12T03:00:00Z,2025-11-12,03:00,2,123.82,0,6.29,67.46,2.13,2.99,4.68,1.74
Londres,LON,GB,51.5074,-0.1278,2025-11-12T04:00:00Z,2025-11-12,04:00,2,124.69,0,6.59,65.15,2.28,3.09,5.02,2
Londres,LON,GB,51.5074,-0.1278,2025-11-12T05:00:00Z,2025-11-12,05:00,2,126.45,0,6.71,63.03,2.29,3.24,5.49,2.27
Londres,LON,GB,51.5074,-0.1278,2025-11-12T06:00:00Z,2025-11-12,06:00,2,129.11,0,6.63,61.15,2.15,3.49,5.98,2.37
Londres,LON,GB,51.5074,-0.1278,2025-11-12T07:00:00Z,2025-11-12,07:00,2,131.2,0,6.31,60.33,1.96,3.8,6.45,2.33
Londres,LON,GB,51.5074,-0.1278,2025-11-12T08:00:00Z,2025-11-12,08:00,1,133.53,0,6.36,59.33,1.96,4.11,6.81,2.11
Londres,LON,GB,51.5074,-0.1278,2025-11-12T09:00:00Z,2025-11-12,09:00,1,135.31,0.1,6.7,57.99,2.05,4.33,7.01,1.89
Londres,LON,GB,51.5074,-0.1278,2025-11-12T10:00:00Z,2025-11-12,10:00,1,136.04,0.29,6.86,57.13,2.15,4.55,7.29,1.76
Londres,LON,GB,51.5074,-0.1278,2025-11-12T11:00:00Z,2025-11-12,11:00,1,136.8,0.38,7,57.11,2.22,4.72,7.58,1.76
Londres,LON,GB,51.5074,-0.1278,2025-11-12T12:00:00Z,2025-11-12,12:00,1,137.03,0.35,7.14,57.87,2.25,4.84,7.76,1.81
Londres,LON,GB,51.5074,-0.1278,2025-11-12T13:00:00Z,2025-11-12,13:00,1,136.64,0.35,7.2,59.42,2.3,4.94,7.85,1.87
Londres,LON,GB,51.5074,-0.1278,2025-11-12T14:00:00Z,2025-11-12,14:00,2,135.37,0.28,7.54,60.35,2.42,5.05,7.91,1.92
Londres,LON,GB,51.5074,-0.1278,2025-11-12T15:00:00Z,2025-11-12,15:00,2,133.83,0.16,7.84,61.52,2.51,5.17,7.97,1.99
Londres,LON,GB,51.5074,-0.1278,2025-11-12T16:00:00Z,2025-11-12,16:00,2,132.62,0.09,7.89,63.63,2.6,5.29,8.02,2.07
Londres,LON,GB,51.5074,-0.1278,2025-11-12T17:00:00Z,2025-11-12,17:00,2,130.72,0,7.63,65.23,2.62,5.36,8.06,2.16
Londres,LON,GB,51.5074,-0.1278,2025-11-12T18:00:00Z,2025-11-12,18:00,2,128.56,0,7.35,66.58,2.61,5.41,8.45,2.27
Londres,LON,GB,51.5074,-0.1278,2025-11-12T19:00:00Z,2025-11-12,19:00,2,126.17,0,7.3,67.5,2.62,5.58,9.68,2.38
Londres,LON,GB,51.5074,-0.1278,2025-11-12T20:00:00Z,2025-11-12,20:00,2,123.83,0,7.42,68.04,2.71,5.98,11.95,2.46
Londres,LON,GB,51.5074,-0.1278,2025-11-12T21:00:00Z,2025-11-12,21:00,2,121.93,0,7.45,68.51,2.81,6.61,14.98,2.53
Londres,LON,GB,51.5074,-0.1278,2025-11-12T22:00:00Z,2025-11-12,22:00,2,120.99,0,7.6,68.31,2.93,7.36,17.99,2.55
Londres,LON,GB,51.5074,-0.1278,2025-11-12T23:00:00Z,2025-11-12,23:00,2,121.36,0,8.17,67.2,3.17,8.12,20.32,2.49
Londres,LON,GB,51.5074,-0.1278,2025-11-13T00:00:00Z,2025-11-13,00:00,2,121.92,0,8.86,65.62,3.41,8.9,22.4,2.32
Londres,LON,GB,51.5074,-0.1278,2025-11-13T01:00:00Z,2025-11-13,01:00,2,121.34,0,9.22,64.8,3.56,9.72,24.48,2.05
Londres,LON,GB,51.5074,-0.1278,2025-11-13T02:00:00Z,2025-11-13,02:00,2,120.19,0,9.15,64.58,3.54,10.49,25.99,1.81
Londres,LON,GB,51.5074,-0.1278,2025-11-13T03:00:00Z,2025-11-13,03:00,2,119.22,0,8.93,64.36,3.43,11.03,26.21,1.66
Londres,LON,GB,51.5074,-0.1278,2025-11-13T04:00:00Z,2025-11-13,04:00,2,116.84,0,7.86,65.81,2.99,10.6,23.55,1.47
Londres,LON,GB,51.5074,-0.1278,2025-11-13T05:00:00Z,2025-11-13,05:00,2,114.14,0,6.84,67.66,2.63,9.65,20.02,1.25
Londres,LON,GB,51.5074,-0.1278,2025-11-13T06:00:00Z,2025-11-13,06:00,2,112.25,0,6.36,68.59,2.51,8.81,17.39,1.06
Londres,LON,GB,51.5074,-0.1278,2025-11-13T07:00:00Z,2025-11-13,07:00,2,110.71,0,6.21,68.81,2.52,8.13,15.57,0.91
Londres,LON,GB,51.5074,-0.1278,2025-11-13T08:00:00Z,2025-11-13,08:00,2,110.82,0,6.67,68.09,2.74,7.95,15.02,0.82
Londres,LON,GB,51.5074,-0.1278,2025-11-13T09:00:00Z,2025-11-13,09:00,2,111.38,0.06,7.17,67.84,2.89,7.9,14.89,0.74
Londres,LON,GB,51.5074,-0.1278,2025-11-13T10:00:00Z,2025-11-13,10:00,2,112.73,0.16,8.75,65.07,3.39,8.58,15.97,0.72
Londres,LON,GB,51.5074,-0.1278,2025-11-13T11:00:00Z,2025-11-13,11:00,2,115.97,0.46,11.64,58.99,4.28,10.19,18.15,0.73
Londres,LON,GB,51.5074,-0.1278,2025-11-13T12:00:00Z,2025-11-13,12:00,2,119.13,0.84,13.92,53.56,4.9,11.48,19.39,0.74
Londres,LON,GB,51.5074,-0.1278,2025-11-13T13:00:00Z,2025-11-13,13:00,2,122.27,0.65,16.58,47.97,5.08,11.74,17.97,0.67
Londres,LON,GB,51.5074,-0.1278,2025-11-13T14:00:00Z,2025-11-13,14:00,2,126.14,0.5,19.22,43.04,5.27,11.5,15.93,0.56
Londres,LON,GB,51.5074,-0.1278,2025-11-13T15:00:00Z,2025-11-13,15:00,2,130.74,0.26,21.78,38.47,5.61,11.06,14.23,0.46
Londres,LON,GB,51.5074,-0.1278,2025-11-13T16:00:00Z,2025-11-13,16:00,2,135.75,0.07,23.56,34.46,5.82,10.42,12.62,0.35
Londres,LON,GB,51.5074,-0.1278,2025-11-13T17:00:00Z,2025-11-13,17:00,1,141.17,0.01,23.51,32,5.44,9.64,11.19,0.26
Londres,LON,GB,51.5074,-0.1278,2025-11-13T18:00:00Z,2025-11-13,18:00,1,145.49,0.01,21.3,31.63,4.7,8.79,10.25,0.26
Londres,LON,GB,51.5074,-0.1278,2025-11-13T19:00:00Z,2025-11-13,19:00,1,146.99,0,16.8,33.83,3.83,8.05,10.38,0.35
Londres,LON,GB,51.5074,-0.1278,2025-11-13T20:00:00Z,2025-11-13,20:00,1,146.76,0,14.34,35.75,3.52,7.72,11.93,0.48
Londres,LON,GB,51.5074,-0.1278,2025-11-13T21:00:00Z,2025-11-13,21:00,1,144.54,0,13.59,38.62,3.49,7.75,14.06,0.64
Londres,LON,GB,51.5074,-0.1278,2025-11-13T22:00:00Z,2025-11-13,22:00,1,141.94,0,13.66,42.61,3.69,8.11,16.43,0.74
Londres,LON,GB,51.5074,-0.1278,2025-11-13T23:00:00Z,2025-11-13,23:00,1,139.72,0,14.25,45.26,4.01,8.58,17.89,0.75
Londres,LON,GB,51.5074,-0.1278,2025-11-14T00:00:00Z,2025-11-14,00:00,1,138.85,0,14.92,46.5,4.31,9.12,18.79,0.73
Londres,LON,GB,51.5074,-0.1278,2025-11-14T01:00:00Z,2025-11-14,01:00,1,139.36,0,15.48,47.08,4.34,9.44,17.86,0.75
Londres,LON,GB,51.5074,-0.1278,2025-11-14T02:00:00Z,2025-11-14,02:00,1,137.89,0,14.9,48.28,4.03,9.34,15.7,0.74
Londres,LON,GB,51.5074,-0.1278,2025-11-14T03:00:00Z,2025-11-14,03:00,1,134.44,0,12.97,51.1,3.54,8.77,13.64,0.77
Londres,LON,GB,51.5074,-0.1278,2025-11-14T04:00:00Z,2025-11-14,04:00,1,130.18,0,10.5,55.17,2.99,7.71,11.25,0.76
Londres,LON,GB,51.5074,-0.1278,2025-11-14T05:00:00Z,2025-11-14,05:00,1,127.37,0,10.01,56.91,2.94,6.87,9.49,0.65
Londres,LON,GB,51.5074,-0.1278,2025-11-14T06:00:00Z,2025-11-14,06:00,1,124.84,0,9.86,57.96,3,6.36,8.68,0.6
Londres,LON,GB,51.5074,-0.1278,2025-11-14T07:00:00Z,2025-11-14,07:00,1,122.65,0,9.74,58.5,3.06,6.21,8.66,0.62
Londres,LON,GB,51.5074,-0.1278,2025-11-14T08:00:00Z,2025-11-14,08:00,1,120.8,0,9.38,58.51,3.06,6.45,9.64,0.72
Londres,LON,GB,51.5074,-0.1278,2025-11-14T09:00:00Z,2025-11-14,09:00,1,119.76,0.02,8.99,58.84,2.92,7.04,11.18,0.8
Londres,LON,GB,51.5074,-0.1278,2025-11-14T10:00:00Z,2025-11-14,10:00,2,119.23,0.07,8.27,60.16,2.59,7.62,12.05,0.78
Londres,LON,GB,51.5074,-0.1278,2025-11-14T11:00:00Z,2025-11-14,11:00,2,119.76,0.13,8.28,60.26,2.48,7.74,11.27,0.66
Londres,LON,GB,51.5074,-0.1278,2025-11-14T12:00:00Z,2025-11-14,12:00,1,120.65,0.16,8.55,59.44,2.47,7.87,10.77,0.61
Londres,LON,GB,51.5074,-0.1278,2025-11-14T13:00:00Z,2025-11-14,13:00,1,121.89,0.24,8.88,58.46,2.68,8.81,12.59,0.76
Londres,LON,GB,51.5074,-0.1278,2025-11-14T14:00:00Z,2025-11-14,14:00,2,122.14,0.3,9.27,57.86,2.99,10.31,16.05,1.04
Londres,LON,GB,51.5074,-0.1278,2025-11-14T15:00:00Z,2025-11-14,15:00,2,120.59,0.23,9.38,58.7,3.13,10.56,16.73,1.15
Londres,LON,GB,51.5074,-0.1278,2025-11-14T16:00:00Z,2025-11-14,16:00,1,119.06,0.07,9.25,59.93,3.21,9.29,14.17,1.08
Londres,LON,GB,51.5074,-0.1278,2025-11-14T17:00:00Z,2025-11-14,17:00,2,116.74,0,8.29,60.72,3.04,7.07,10.07,0.92
Londres,LON,GB,51.5074,-0.1278,2025-11-14T18:00:00Z,2025-11-14,18:00,2,114.59,0,7.02,60.73,2.65,4.77,6.54,0.8
Londres,LON,GB,51.5074,-0.1278,2025-11-14T19:00:00Z,2025-11-14,19:00,1,112.69,0,5.79,59.7,2.11,2.95,4.11,0.73
Londres,LON,GB,51.5074,-0.1278,2025-11-14T20:00:00Z,2025-11-14,20:00,1,112.29,0,5.38,58.39,1.93,2.11,3.1,0.68
Londres,LON,GB,51.5074,-0.1278,2025-11-14T21:00:00Z,2025-11-14,21:00,1,112.34,0,5.2,58.01,1.86,1.82,2.82,0.63
Londres,LON,GB,51.5074,-0.1278,2025-11-14T22:00:00Z,2025-11-14,22:00,2,110.71,0,4.65,60.28,1.75,1.59,2.65,0.54
Londres,LON,GB,51.5074,-0.1278,2025-11-14T23:00:00Z,2025-11-14,23:00,2,109.67,0,4.53,64.02,1.86,1.46,2.69,0.48
Londres,LON,GB,51.5074,-0.1278,2025-11-15T00:00:00Z,2025-11-15,00:00,2,108.62,0,4.66,67.06,2.06,1.42,2.89,0.45
Londres,LON,GB,51.5074,-0.1278,2025-11-15T01:00:00Z,2025-11-15,01:00,2,107.82,0,5.67,67.52,2.68,1.51,3.31,0.44
Londres,LON,GB,51.5074,-0.1278,2025-11-15T02:00:00Z,2025-11-15,02:00,2,108.56,0,7.23,65.47,3.4,1.74,3.96,0.5
Londres,LON,GB,51.5074,-0.1278,2025-11-15T03:00:00Z,2025-11-15,03:00,2,109.84,0,8.25,62.95,3.79,1.97,4.59,0.56
Londres,LON,GB,51.5074,-0.1278,2025-11-15T04:00:00Z,2025-11-15,04:00,1,112.2,0,10.61,57.13,4.71,2.39,5.52,0.63
Londres,LON,GB,51.5074,-0.1278,2025-11-15T05:00:00Z,2025-11-15,05:00,1,116.02,0,14.13,49.13,5.96,3.01,6.77,0.67
Londres,LON,GB,51.5074,-0.1278,2025-11-15T06:00:00Z,2025-11-15,06:00,1,119.74,0,16.87,42.78,6.78,3.61,7.97,0.65
Londres,LON,GB,51.5074,-0.1278,2025-11-15T07:00:00Z,2025-11-15,07:00,1,122.54,0,18.42,38.33,7.12,4.12,9.05,0.59
Londres,LON,GB,51.5074,-0.1278,2025-11-15T08:00:00Z,2025-11-15,08:00,1,124.7,0.04,19.18,35.64,7.22,4.53,9.97,0.51
Londres,LON,GB,51.5074,-0.1278,2025-11-15T09:00:00Z,2025-11-15,09:00,1,126.3,1.25,18.06,35.62,7.2,4.83,10.65,0.45
Londres,LON,GB,51.5074,-0.1278,2025-11-15T10:00:00Z,2025-11-15,10:00,1,126.71,2.64,15.45,37.31,6.89,4.94,10.93,0.4
Londres,LON,GB,51.5074,-0.1278,2025-11-15T11:00:00Z,2025-11-15,11:00,1,125.81,3.06,12.92,40.46,6.26,4.8,10.78,0.37
Londres,LON,GB,51.5074,-0.1278,2025-11-15T12:00:00Z,2025-11-15,12:00,1,123.91,2.88,10.74,43.92,5.49,4.53,10.31,0.34
Londres,LON,GB,51.5074,-0.1278,2025-11-15T13:00:00Z,2025-11-15,13:00,1,120.47,1.12,9.24,48.1,3.97,3.93,9.04,0.3
Londres,LON,GB,51.5074,-0.1278,2025-11-15T14:00:00Z,2025-11-15,14:00,1,118.69,0.7,9.46,48.39,3.79,3.71,8.3,0.25
Londres,LON,GB,51.5074,-0.1278,2025-11-15T15:00:00Z,2025-11-15,15:00,1,117.46,0.33,10.3,47.31,3.81,3.66,7.77,0.21
Londres,LON,GB,51.5074,-0.1278,2025-11-15T16:00:00Z,2025-11-15,16:00,1,116.66,0.05,11.21,45.16,3.88,3.77,7.41,0.2
Londres,LON,GB,51.5074,-0.1278,2025-11-15T17:00:00Z,2025-11-15,17:00,1,118.22,0,12.26,41.78,4.04,4.17,7.39,0.2
Londres,LON,GB,51.5074,-0.1278,2025-11-15T18:00:00Z,2025-11-15,18:00,1,123.45,0,14.07,36.95,4.09,4.77,7.72,0.19
Londres,LON,GB,51.5074,-0.1278,2025-11-15T19:00:00Z,2025-11-15,19:00,1,130.81,0,13.75,36.52,3.12,5.2,7.62,0.18
Londres,LON,GB,51.5074,-0.1278,2025-11-15T20:00:00Z,2025-11-15,20:00,1,138.48,0,14.47,35,2.64,4.98,6.86,0.17
Londres,LON,GB,51.5074,-0.1278,2025-11-15T21:00:00Z,2025-11-15,21:00,1,146.16,0,15.54,32.18,2.44,4.89,6.55,0.19
Londres,LON,GB,51.5074,-0.1278,2025-11-15T22:00:00Z,2025-11-15,22:00,1,153.2,0,16.67,29.48,2.43,4.82,6.5,0.22
Londres,LON,GB,51.5074,-0.1278,2025-11-15T23:00:00Z,2025-11-15,23:00,1,161.34,0.01,18.68,25.34,2.58,4.98,6.86,0.28
Londres,LON,GB,51.5074,-0.1278,2025-11-16T00:00:00Z,2025-11-16,00:00,1,168.39,0.02,20.22,21.59,2.68,5.02,7.19,0.38
Londres,LON,GB,51.5074,-0.1278,2025-11-16T01:00:00Z,2025-11-16,01:00,1,170.12,0.02,20.36,20.08,2.82,4.88,7.65,0.48
Londres,LON,GB,51.5074,-0.1278,2025-11-16T02:00:00Z,2025-11-16,02:00,1,166.32,0.02,18.85,21.66,2.92,4.4,7.97,0.54
Londres,LON,GB,51.5074,-0.1278,2025-11-16T03:00:00Z,2025-11-16,03:00,1,157.74,0.01,15.8,26.33,2.82,3.56,7.76,0.56
Londres,LON,GB,51.5074,-0.1278,2025-11-16T04:00:00Z,2025-11-16,04:00,1,148.42,0,12.1,32.57,2.39,2.88,6.79,0.45
Londres,LON,GB,51.5074,-0.1278,2025-11-16T05:00:00Z,2025-11-16,05:00,1,141.85,0,9.47,37.62,2.06,2.38,5.64,0.36
Londres,LON,GB,51.5074,-0.1278,2025-11-16T06:00:00Z,2025-11-16,06:00,1,138.13,0,7.81,41.15,1.88,2.01,4.74,0.3
Londres,LON,GB,51.5074,-0.1278,2025-11-16T07:00:00Z,2025-11-16,07:00,1,136.83,0,6.83,43.27,1.76,1.7,4.1,0.27
Londres,LON,GB,51.5074,-0.1278,2025-11-16T08:00:00Z,2025-11-16,08:00,1,136.94,0,6.66,43.78,1.78,1.59,3.95,0.26
Londres,LON,GB,51.5074,-0.1278,2025-11-16T09:00:00Z,2025-11-16,09:00,1,137.33,0.03,6.84,44.21,1.84,1.57,3.99,0.26
Londres,LON,GB,51.5074,-0.1278,2025-11-16T10:00:00Z,2025-11-16,10:00,1,137.49,0.09,6.88,45.74,1.83,1.52,3.85,0.25
Londres,LON,GB,51.5074,-0.1278,2025-11-16T11:00:00Z,2025-11-16,11:00,1,137.61,0.18,6.74,48.6,1.81,1.43,3.67,0.24
Londres,LON,GB,51.5074,-0.1278,2025-11-16T12:00:00Z,2025-11-16,12:00,1,136.62,0.23,6.57,52.02,1.84,1.37,3.6,0.25
Londres,LON,GB,51.5074,-0.1278,2025-11-16T13:00:00Z,2025-11-16,13:00,1,133.98,0.21,6.3,55.6,1.93,1.31,3.68,0.28
Londres,LON,GB,51.5074,-0.1278,2025-11-16T14:00:00Z,2025-11-16,14:00,1,129.95,0.14,6.21,58.79,2.07,1.3,3.8,0.32
Londres,LON,GB,51.5074,-0.1278,2025-11-16T15:00:00Z,2025-11-16,15:00,2,125.27,0.07,6.39,61.42,2.23,1.32,3.94,0.37
Londres,LON,GB,51.5074,-0.1278,2025-11-16T16:00:00Z,2025-11-16,16:00,2,121.52,0.01,6.63,64.39,2.38,1.35,4.03,0.44
Londres,LON,GB,51.5074,-0.1278,2025-11-16T17:00:00Z,2025-11-16,17:00,2,119.34,0,6.66,68.17,2.5,1.38,4.25,0.56
Londres,LON,GB,51.5074,-0.1278,2025-11-16T18:00:00Z,2025-11-16,18:00,2,118.08,0,6.64,71.24,2.6,1.42,4.59,0.7
Londres,LON,GB,51.5074,-0.1278,2025-11-16T19:00:00Z,2025-11-16,19:00,2,116.62,0,6.45,73.37,2.61,1.42,5.03,0.85
Londres,LON,GB,51.5074,-0.1278,2025-11-16T20:00:00Z,2025-11-16,20:00,2,115.71,0,6.25,74.62,2.56,1.4,5.32,0.96
Londres,LON,GB,51.5074,-0.1278,2025-11-16T21:00:00Z,2025-11-16,21:00,2,114.7,0,6.01,75.32,2.46,1.36,5.31,1
Londres,LON,GB,51.5074,-0.1278,2025-11-16T22:00:00Z,2025-11-16,22:00,2,113.29,0,5.52,76.16,2.29,1.27,4.95,0.94
Londres,LON,GB,51.5074,-0.1278,2025-11-16T23:00:00Z,2025-11-16,23:00,2,113.36,0,5.21,76.59,2.24,1.2,4.64,0.86
Londres,LON,GB,51.5074,-0.1278,2025-11-17T00:00:00Z,2025-11-17,00:00,2,113.7,0,4.99,77.02,2.24,1.13,4.39,0.79
Londres,LON,GB,51.5074,-0.1278,2025-11-17T01:00:00Z,2025-11-17,01:00,2,113.57,0,4.74,77.52,2.2,1.05,3.9,0.71
Londres,LON,GB,51.5074,-0.1278,2025-11-17T02:00:00Z,2025-11-17,02:00,2,114.19,0,4.64,77.79,2.2,0.97,3.42,0.66
Londres,LON,GB,51.5074,-0.1278,2025-11-17T03:00:00Z,2025-11-17,03:00,2,115.37,0,4.78,77.16,2.25,0.98,3.09,0.65
Londres,LON,GB,51.5074,-0.1278,2025-11-17T04:00:00Z,2025-11-17,04:00,2,116.07,0,5.34,74.74,2.42,1.23,3.17,0.66
Londres,LON,GB,51.5074,-0.1278,2025-11-17T05:00:00Z,2025-11-17,05:00,2,116.74,0,5.91,73.11,2.6,1.76,3.67,0.63
Londres,LON,GB,51.5074,-0.1278,2025-11-17T06:00:00Z,2025-11-17,06:00,2,116.47,0,5.93,73.5,2.57,1.66,3.57,0.61
Londres,LON,GB,51.5074,-0.1278,2025-11-17T07:00:00Z,2025-11-17,07:00,2,115.55,0,5.64,74.39,2.47,1.25,3.22,0.59
Londres,LON,GB,51.5074,-0.1278,2025-11-17T08:00:00Z,2025-11-17,08:00,2,115.21,0,5.43,74.31,2.38,1.05,3.08,0.51
Londres,LON,GB,51.5074,-0.1278,2025-11-17T09:00:00Z,2025-11-17,09:00,2,115.44,0.14,5.8,72.53,2.36,1.03,3.09,0.45
Londres,LON,GB,51.5074,-0.1278,2025-11-17T10:00:00Z,2025-11-17,10:00,2,114.19,0.41,5.01,72.41,2.05,0.9,2.68,0.37
Londres,LON,GB,51.5074,-0.1278,2025-11-17T11:00:00Z,2025-11-17,11:00,2,114.41,0.64,4.6,73.97,1.97,0.84,2.43,0.35
Londres,LON,GB,51.5074,-0.1278,2025-11-17T12:00:00Z,2025-11-17,12:00,2,115.48,0.79,4.48,75.86,2.04,0.85,2.41,0.38
Londres,LON,GB,51.5074,-0.1278,2025-11-17T13:00:00Z,2025-11-17,13:00,2,116.14,0.78,4.5,77.81,2.11,0.87,2.47,0.42
Londres,LON,GB,51.5074,-0.1278,2025-11-17T14:00:00Z,2025-11-17,14:00,2,116.3,0.64,4.94,79.75,2.24,0.91,2.64,0.46
Londres,LON,GB,51.5074,-0.1278,2025-11-17T15:00:00Z,2025-11-17,15:00,2,116.17,0.42,5.58,81.03,2.38,0.95,2.83,0.5
Londres,LON,GB,51.5074,-0.1278,2025-11-17T16:00:00Z,2025-11-17,16:00,2,116.27,0.11,6.56,80.54,2.59,0.99,3,0.56
Londres,LON,GB,51.5074,-0.1278,2025-11-17T17:00:00Z,2025-11-17,17:00,2,116.71,0,7.16,78.47,2.84,1.04,3.18,0.62
Londres,LON,GB,51.5074,-0.1278,2025-11-17T18:00:00Z,2025-11-17,18:00,2,116.86,0,7.41,76.79,2.95,1.09,3.35,0.64
Londres,LON,GB,51.5074,-0.1278,2025-11-17T19:00:00Z,2025-11-17,19:00,2,117.02,0,7.66,75.37,2.95,1.13,3.53,0.62
Londres,LON,GB,51.5074,-0.1278,2025-11-17T20:00:00Z,2025-11-17,20:00,2,117.59,0,7.96,74.04,2.97,1.18,3.73,0.6
Londres,LON,GB,51.5074,-0.1278,2025-11-17T21:00:00Z,2025-11-17,21:00,2,118.15,0,8.2,72.87,3.03,1.23,3.94,0.58
Londres,LON,GB,51.5074,-0.1278,2025-11-17T22:00:00Z,2025-11-17,22:00,2,118.41,0,8.25,72.1,3.04,1.27,4.03,0.55
Londres,LON,GB,51.5074,-0.1278,2025-11-17T23:00:00Z,2025-11-17,23:00,2,119.02,0,8.51,71.06,3.14,1.45,4.2,0.51
Londres,LON,GB,51.5074,-0.1278,2025-11-18T00:00:00Z,2025-11-18,00:00,2,119.83,0,8.94,69.86,3.37,1.68,4.43,0.47
Londres,LON,GB,51.5074,-0.1278,2025-11-18T01:00:00Z,2025-11-18,01:00,2,120.44,0,9.24,68.58,3.75,1.93,4.75,0.47
Londres,LON,GB,51.5074,-0.1278,2025-11-18T02:00:00Z,2025-11-18,02:00,2,120.57,0,9.47,67.86,4.19,2.38,5.25,0.43
Londres,LON,GB,51.5074,-0.1278,2025-11-18T03:00:00Z,2025-11-18,03:00,2,120.79,0,9.52,67.39,4.54,2.79,5.63,0.41
Londres,LON,GB,51.5074,-0.1278,2025-11-18T04:00:00Z,2025-11-18,04:00,2,120.25,0,8.89,67.92,4.31,2.88,5.35,0.42
Londres,LON,GB,51.5074,-0.1278,2025-11-18T05:00:00Z,2025-11-18,05:00,2,118.76,0,7.25,70.77,3.41,2.44,4.31,0.48
Londres,LON,GB,51.5074,-0.1278,2025-11-18T06:00:00Z,2025-11-18,06:00,2,116.7,0,5.38,74.76,2.47,1.58,2.95,0.57
Londres,LON,GB,51.5074,-0.1278,2025-11-18T07:00:00Z,2025-11-18,07:00,2,114.94,0,3.99,77.84,1.87,0.79,1.9,0.6
Londres,LON,GB,51.5074,-0.1278,2025-11-18T08:00:00Z,2025-11-18,08:00,2,113.39,0,3.37,78.65,1.66,0.57,1.52,0.51
Londres,LON,GB,51.5074,-0.1278,2025-11-18T09:00:00Z,2025-11-18,09:00,2,112.31,0.02,3.26,78.31,1.61,0.51,1.37,0.42
Londres,LON,GB,51.5074,-0.1278,2025-11-18T10:00:00Z,2025-11-18,10:00,2,111.41,0.06,3.09,77.73,1.59,0.5,1.17,0.31
Londres,LON,GB,51.5074,-0.1278,2025-11-18T11:00:00Z,2025-11-18,11:00,2,110.04,0.07,2.97,76,1.49,0.51,1.01,0.23
Londres,LON,GB,51.5074,-0.1278,2025-11-18T12:00:00Z,2025-11-18,12:00,2,108.85,0.07,2.93,74.45,1.36,0.51,0.97,0.19
Londres,LON,GB,51.5074,-0.1278,2025-11-18T13:00:00Z,2025-11-18,13:00,2,108.52,0.07,2.72,75.9,1.18,0.51,0.95,0.16
Londres,LON,GB,51.5074,-0.1278,2025-11-18T14:00:00Z,2025-11-18,14:00,2,107.35,0.08,2.45,80.5,1.03,0.5,0.81,0.14
Londres,LON,GB,51.5074,-0.1278,2025-11-18T15:00:00Z,2025-11-18,15:00,2,105.72,0.06,2.3,84.19,0.95,0.5,0.68,0.13
Londres,LON,GB,51.5074,-0.1278,2025-11-18T16:00:00Z,2025-11-18,16:00,2,105.53,0.01,2.33,86.28,0.97,0.5,0.65,0.15
Londres,LON,GB,51.5074,-0.1278,2025-11-18T17:00:00Z,2025-11-18,17:00,2,104.81,0,2.27,86.15,0.95,0.5,0.68,0.17
Londres,LON,GB,51.5074,-0.1278,2025-11-18T18:00:00Z,2025-11-18,18:00,2,103.91,0,2.17,85.54,0.91,0.5,0.72,0.17
Londres,LON,GB,51.5074,-0.1278,2025-11-18T19:00:00Z,2025-11-18,19:00,2,103,0,2.05,84.76,0.87,0.5,0.74,0.14
Londres,LON,GB,51.5074,-0.1278,2025-11-18T20:00:00Z,2025-11-18,20:00,2,102.35,0,1.93,84.85,0.83,0.5,0.71,0.12
Londres,LON,GB,51.5074,-0.1278,2025-11-18T21:00:00Z,2025-11-18,21:00,2,102.07,0,1.83,86.45,0.8,0.5,0.66,0.12
Londres,LON,GB,51.5074,-0.1278,2025-11-18T22:00:00Z,2025-11-18,22:00,2,102.28,0,1.76,88.39,0.78,0.5,0.64,0.13
Londres,LON,GB,51.5074,-0.1278,2025-11-18T23:00:00Z,2025-11-18,23:00,2,102.52,0,1.77,89.07,0.78,0.5,0.66,0.14
Londres,LON,GB,51.5074,-0.1278,2025-11-19T00:00:00Z,2025-11-19,00:00,2,102.84,0,1.79,88.71,0.78,0.5,0.7,0.15
Londres,LON,GB,51.5074,-0.1278,2025-11-19T01:00:00Z,2025-11-19,01:00,2,103.26,0,1.77,88.43,0.77,0.5,0.71,0.15
Londres,LON,GB,51.5074,-0.1278,2025-11-19T02:00:00Z,2025-11-19,02:00,2,103.32,0,1.74,88.16,0.76,0.5,0.73,0.15
Londres,LON,GB,51.5074,-0.1278,2025-11-19T03:00:00Z,2025-11-19,03:00,2,103.01,0,1.73,86.54,0.76,0.5,0.78,0.16
Londres,LON,GB,51.5074,-0.1278,2025-11-19T04:00:00Z,2025-11-19,04:00,2,103.19,0,1.85,83.67,0.79,0.5,0.82,0.18
Londres,LON,GB,51.5074,-0.1278,2025-11-19T05:00:00Z,2025-11-19,05:00,2,104.88,0,2.28,79.6,0.86,0.5,0.86,0.21
Londres,LON,GB,51.5074,-0.1278,2025-11-19T06:00:00Z,2025-11-19,06:00,2,108.36,0,2.84,75.68,0.97,0.5,0.86,0.23
Londres,LON,GB,51.5074,-0.1278,2025-11-19T07:00:00Z,2025-11-19,07:00,2,111.79,0,3.39,72.01,1.06,0.5,0.8,0.25
Londres,LON,GB,51.5074,-0.1278,2025-11-19T08:00:00Z,2025-11-19,08:00,2,116.04,0,4.3,68.99,1.1,0.5,0.75,0.22
Londres,LON,GB,51.5074,-0.1278,2025-11-19T09:00:00Z,2025-11-19,09:00,2,117.96,0.03,5.21,68.45,1.1,0.5,0.7,0.16
Londres,LON,GB,51.5074,-0.1278,2025-11-19T10:00:00Z,2025-11-19,10:00,2,115.78,0.12,5.36,71.06,1.05,0.5,0.69,0.11
Londres,LON,GB,51.5074,-0.1278,2025-11-19T11:00:00Z,2025-11-19,11:00,2,114.3,0.25,5.16,76.24,1.07,0.5,0.72,0.1
Londres,LON,GB,51.5074,-0.1278,2025-11-19T12:00:00Z,2025-11-19,12:00,2,114.61,0.36,5,82.16,1.19,0.5,0.78,0.13
Londres,LON,GB,51.5074,-0.1278,2025-11-19T13:00:00Z,2025-11-19,13:00,2,115.08,0.44,5.11,86.12,1.45,0.51,0.99,0.2
Londres,LON,GB,51.5074,-0.1278,2025-11-19T14:00:00Z,2025-11-19,14:00,2,114.4,0.42,5.3,86.59,1.71,0.53,1.16,0.3
Londres,LON,GB,51.5074,-0.1278,2025-11-19T15:00:00Z,2025-11-19,15:00,2,113.15,0.29,5.56,85.52,1.87,0.54,1.23,0.41
Londres,LON,GB,51.5074,-0.1278,2025-11-19T16:00:00Z,2025-11-19,16:00,2,112.87,0.07,6.03,84.87,2.02,0.55,1.26,0.51
Londres,LON,GB,51.5074,-0.1278,2025-11-19T17:00:00Z,2025-11-19,17:00,2,113.85,0,6.3,84.87,2.2,0.57,1.32,0.62
Londres,LON,GB,51.5074,-0.1278,2025-11-19T18:00:00Z,2025-11-19,18:00,2,115.11,0,6.5,85.92,2.35,0.57,1.37,0.72
Londres,LON,GB,51.5074,-0.1278,2025-11-19T19:00:00Z,2025-11-19,19:00,2,116.92,0,7.6,84.61,2.83,0.67,1.59,0.92
Londres,LON,GB,51.5074,-0.1278,2025-11-19T20:00:00Z,2025-11-19,20:00,2,118.07,0,8.29,83.29,3.17,1.09,2.04,0.98
Londres,LON,GB,51.5074,-0.1278,2025-11-19T21:00:00Z,2025-11-19,21:00,2,117.5,0,7.93,83.26,3.1,1.34,2.23,0.89
Londres,LON,GB,51.5074,-0.1278,2025-11-19T22:00:00Z,2025-11-19,22:00,2,115.35,0,6.7,84.66,2.71,1.22,1.96,0.72
Londres,LON,GB,51.5074,-0.1278,2025-11-19T23:00:00Z,2025-11-19,23:00,2,114.18,0,5.75,86.1,2.46,1.02,1.68,0.65
Londres,LON,GB,51.5074,-0.1278,2025-11-20T00:00:00Z,2025-11-20,00:00,2,113.87,0,5.19,86.4,2.39,0.91,1.53,0.66
Londres,LON,GB,51.5074,-0.1278,2025-11-20T01:00:00Z,2025-11-20,01:00,2,112.5,0,3.93,88.5,1.9,0.51,1.03,0.63
Londres,LON,GB,51.5074,-0.1278,2025-11-20T02:00:00Z,2025-11-20,02:00,2,112.56,0,3.48,89.12,1.77,0.5,0.97,0.65
Londres,LON,GB,51.5074,-0.1278,2025-11-20T03:00:00Z,2025-11-20,03:00,2,112.33,0,3.21,89.16,1.72,0.53,1.05,0.66
Londres,LON,GB,51.5074,-0.1278,2025-11-20T04:00:00Z,2025-11-20,04:00,2,111.79,0,2.95,88.61,1.65,0.5,0.99,0.68
Londres,LON,GB,51.5074,-0.1278,2025-11-20T05:00:00Z,2025-11-20,05:00,2,111.13,0,2.69,88.54,1.54,0.5,0.88,0.68
Londres,LON,GB,51.5074,-0.1278,2025-11-20T06:00:00Z,2025-11-20,06:00,2,111.04,0,2.49,88.79,1.44,0.5,0.84,0.66
Londres,LON,GB,51.5074,-0.1278,2025-11-20T07:00:00Z,2025-11-20,07:00,2,111.43,0,2.42,89.53,1.38,0.5,0.81,0.65
Londres,LON,GB,51.5074,-0.1278,2025-11-20T08:00:00Z,2025-11-20,08:00,2,112.3,0,2.52,90.12,1.37,0.5,0.8,0.64
Londres,LON,GB,51.5074,-0.1278,2025-11-20T09:00:00Z,2025-11-20,09:00,2,112.89,0.06,2.81,90.29,1.38,0.5,0.77,0.64
Londres,LON,GB,51.5074,-0.1278,2025-11-20T10:00:00Z,2025-11-20,10:00,2,112.85,0.2,2.8,89.28,1.38,0.5,0.71,0.6
Londres,LON,GB,51.5074,-0.1278,2025-11-20T11:00:00Z,2025-11-20,11:00,2,112.67,0.32,2.82,87.74,1.4,0.5,0.66,0.55
Londres,LON,GB,51.5074,-0.1278,2025-11-20T12:00:00Z,2025-11-20,12:00,2,112.77,0.39,2.96,86.36,1.44,0.5,0.63,0.53
Londres,LON,GB,51.5074,-0.1278,2025-11-20T13:00:00Z,2025-11-20,13:00,2,112.94,0.4,3.18,85.37,1.48,0.5,0.63,0.53
Londres,LON,GB,51.5074,-0.1278,2025-11-20T14:00:00Z,2025-11-20,14:00,2,113.27,0.36,3.62,84.04,1.56,0.5,0.68,0.56
Londres,LON,GB,51.5074,-0.1278,2025-11-20T15:00:00Z,2025-11-20,15:00,2,113.41,0.25,4.3,82.71,1.69,0.5,0.76,0.63
Londres,LON,GB,51.5074,-0.1278,2025-11-20T16:00:00Z,2025-11-20,16:00,2,114.98,0.06,5.61,81.29,2.01,0.5,0.92,0.75
Londres,LON,GB,51.5074,-0.1278,2025-11-20T17:00:00Z,2025-11-20,17:00,2,116.66,0,6.67,79.62,2.39,0.52,1.1,0.86
Londres,LON,GB,51.5074,-0.1278,2025-11-20T18:00:00Z,2025-11-20,18:00,2,117.68,0,7.02,79.01,2.53,0.56,1.2,0.86
Londres,LON,GB,51.5074,-0.1278,2025-11-20T19:00:00Z,2025-11-20,19:00,2,118.42,0,7.14,78.5,2.6,0.59,1.28,0.83
Londres,LON,GB,51.5074,-0.1278,2025-11-20T20:00:00Z,2025-11-20,20:00,2,118.62,0,7.03,78.56,2.63,0.59,1.33,0.76
Londres,LON,GB,51.5074,-0.1278,2025-11-20T21:00:00Z,2025-11-20,21:00,2,118.43,0,6.91,78.14,2.65,0.61,1.37,0.7
Londres,LON,GB,51.5074,-0.1278,2025-11-20T22:00:00Z,2025-11-20,22:00,2,118.47,0,7.29,76.18,2.98,0.86,1.69,0.72
Londres,LON,GB,51.5074,-0.1278,2025-11-20T23:00:00Z,2025-11-20,23:00,2,120.06,0,8.31,72.76,3.52,1.73,2.67,0.77
Londres,LON,GB,51.5074,-0.1278,2025-11-21T00:00:00Z,2025-11-21,00:00,2,121.56,0,9.12,69.49,3.83,2.68,3.7,0.75
Londres,LON,GB,51.5074,-0.1278,2025-11-21T01:00:00Z,2025-11-21,01:00,2,122.61,0,9.63,67.74,3.85,3.31,4.36,0.67
Londres,LON,GB,51.5074,-0.1278,2025-11-21T02:00:00Z,2025-11-21,02:00,2,124.17,0,9.68,68,3.66,3.61,4.68,0.59
Londres,LON,GB,51.5074,-0.1278,2025-11-21T03:00:00Z,2025-11-21,03:00,2,124.3,0,9.05,69.82,3.38,3.49,4.58,0.55
Londres,LON,GB,51.5074,-0.1278,2025-11-21T04:00:00Z,2025-11-21,04:00,2,123.59,0,8.43,71.5,3.29,3.38,4.56,0.55
Londres,LON,GB,51.5074,-0.1278,2025-11-21T05:00:00Z,2025-11-21,05:00,2,122.61,0,7.92,72.61,3.29,3.2,4.46,0.6
Londres,LON,GB,51.5074,-0.1278,2025-11-21T06:00:00Z,2025-11-21,06:00,2,121.45,0,7.4,73.65,3.22,2.99,4.29,0.63
Londres,LON,GB,51.5074,-0.1278,2025-11-21T07:00:00Z,2025-11-21,07:00,2,119.79,0,6.55,76.08,2.95,2.4,3.62,0.64
Londres,LON,GB,51.5074,-0.1278,2025-11-21T08:00:00Z,2025-11-21,08:00,2,119.57,0,6.51,76.78,2.88,2,3.19,0.65
Londres,LON,GB,51.5074,-0.1278,2025-11-21T09:00:00Z,2025-11-21,09:00,2,120.02,0.17,7.24,77.07,2.94,1.88,3.1,0.63
Londres,LON,GB,51.5074,-0.1278,2025-11-21T10:00:00Z,2025-11-21,10:00,2,119.7,0.63,7.21,77.63,2.86,1.63,2.88,0.55
Londres,LON,GB,51.5074,-0.1278,2025-11-21T11:00:00Z,2025-11-21,11:00,2,119.47,0.99,7.09,77.87,2.79,1.42,2.68,0.46
Londres,LON,GB,51.5074,-0.1278,2025-11-21T12:00:00Z,2025-11-21,12:00,2,119.53,1.2,7.1,77.87,2.8,1.24,2.52,0.43
Londres,LON,GB,51.5074,-0.1278,2025-11-21T13:00:00Z,2025-11-21,13:00,2,120.19,1.2,7.68,77.47,2.92,1.16,2.48,0.43
Londres,LON,GB,51.5074,-0.1278,2025-11-21T14:00:00Z,2025-11-21,14:00,2,120.96,1.02,8.75,76.26,3.12,1.05,2.46,0.46
Londres,LON,GB,51.5074,-0.1278,2025-11-21T15:00:00Z,2025-11-21,15:00,2,121.06,0.63,9.67,75.14,3.18,0.95,2.36,0.46
Londres,LON,GB,51.5074,-0.1278,2025-11-21T16:00:00Z,2025-11-21,16:00,2,120.83,0.13,10.1,74.54,2.99,0.91,2.24,0.42
Londres,LON,GB,51.5074,-0.1278,2025-11-21T17:00:00Z,2025-11-21,17:00,2,120.56,0,9.61,74.47,2.91,0.88,2.12,0.39
Londres,LON,GB,51.5074,-0.1278,2025-11-21T18:00:00Z,2025-11-21,18:00,2,120.28,0,9.3,74.47,2.99,0.88,2.07,0.38
Londres,LON,GB,51.5074,-0.1278,2025-11-21T19:00:00Z,2025-11-21,19:00,2,120.47,0,9.16,74.31,3.14,0.89,2.04,0.39
Londres,LON,GB,51.5074,-0.1278,2025-11-21T20:00:00Z,2025-11-21,20:00,2,120.16,0,8.8,74.29,3.26,0.9,2,0.38
Londres,LON,GB,51.5074,-0.1278,2025-11-21T21:00:00Z,2025-11-21,21:00,2,119.28,0,7.99,75.02,3.25,0.85,1.87,0.35
Londres,LON,GB,51.5074,-0.1278,2025-11-21T22:00:00Z,2025-11-21,22:00,2,117.47,0,6.73,77.26,3.05,0.75,1.6,0.3
Londres,LON,GB,51.5074,-0.1278,2025-11-21T23:00:00Z,2025-11-21,23:00,2,115.5,0,5.61,79.45,2.75,0.63,1.27,0.26
Londres,LON,GB,51.5074,-0.1278,2025-11-22T00:00:00Z,2025-11-22,00:00,2,114.2,0,4.81,80.81,2.47,0.54,1.03,0.23
Londres,LON,GB,51.5074,-0.1278,2025-11-22T01:00:00Z,2025-11-22,01:00,2,113.48,0,4.24,81.77,2.23,0.5,0.89,0.22
Londres,LON,GB,51.5074,-0.1278,2025-11-22T02:00:00Z,2025-11-22,02:00,2,113.05,0,3.87,81.83,2.09,0.5,0.87,0.24
Londres,LON,GB,51.5074,-0.1278,2025-11-22T03:00:00Z,2025-11-22,03:00,2,112.44,0,3.65,81.56,2.04,0.5,0.97,0.3
Londres,LON,GB,51.5074,-0.1278,2025-11-22T04:00:00Z,2025-11-22,04:00,2,112.22,0,3.49,81.31,2.01,0.5,1.16,0.35
Londres,LON,GB,51.5074,-0.1278,2025-11-22T05:00:00Z,2025-11-22,05:00,2,112.41,0,3.41,80.51,1.95,0.54,1.43,0.42
Londres,LON,GB,51.5074,-0.1278,2025-11-22T06:00:00Z,2025-11-22,06:00,2,113.55,0,3.44,79.3,1.85,0.68,1.76,0.5
Londres,LON,GB,51.5074,-0.1278,2025-11-22T07:00:00Z,2025-11-22,07:00,2,115.3,0,3.49,78.95,1.72,0.81,2,0.52
Londres,LON,GB,51.5074,-0.1278,2025-11-22T08:00:00Z,2025-11-22,08:00,2,116.53,0,3.5,78.87,1.5,0.88,2.12,0.53
Londres,LON,GB,51.5074,-0.1278,2025-11-22T09:00:00Z,2025-11-22,09:00,2,117.58,0,3.53,78.79,1.35,1.02,2.34,0.61
Londres,LON,GB,51.5074,-0.1278,2025-11-22T10:00:00Z,2025-11-22,10:00,2,119.14,0.03,3.88,77.87,1.36,1.29,2.53,0.67
Londres,LON,GB,51.5074,-0.1278,2025-11-22T11:00:00Z,2025-11-22,11:00,2,120.82,0.06,4.29,76.01,1.4,1.34,2.49,0.7
Londres,LON,GB,51.5074,-0.1278,2025-11-22T12:00:00Z,2025-11-22,12:00,2,121.66,0.08,4.49,74.89,1.37,1.4,2.55,0.68
Londres,LON,GB,51.5074,-0.1278,2025-11-22T13:00:00Z,2025-11-22,13:00,2,122,0.07,4.57,74.65,1.22,1.2,2.16,0.56
Londres,LON,GB,51.5074,-0.1278,2025-11-22T14:00:00Z,2025-11-22,14:00,2,121.56,0.05,4.57,74.8,0.98,1.1,1.92,0.36
Londres,LON,GB,51.5074,-0.1278,2025-11-22T15:00:00Z,2025-11-22,15:00,2,121.04,0.02,4.38,75.19,0.81,1,1.82,0.24
Londres,LON,GB,51.5074,-0.1278,2025-11-22T16:00:00Z,2025-11-22,16:00,2,121.47,0,4.14,75.59,0.7,0.94,1.74,0.19
Londres,LON,GB,51.5074,-0.1278,2025-11-22T17:00:00Z,2025-11-22,17:00,2,122.86,0,4.1,74.63,0.69,0.95,1.78,0.19
Londres,LON,GB,51.5074,-0.1278,2025-11-22T18:00:00Z,2025-11-22,18:00,2,125.47,0,4.33,73.04,0.74,1.06,1.94,0.21
Londres,LON,GB,51.5074,-0.1278,2025-11-22T19:00:00Z,2025-11-22,19:00,2,128.1,0,4.84,71.55,0.96,1.22,2.4,0.24
Londres,LON,GB,51.5074,-0.1278,2025-11-22T20:00:00Z,2025-11-22,20:00,2,127.31,0,5.55,69.85,1.37,1.34,3.05,0.24
Londres,LON,GB,51.5074,-0.1278,2025-11-22T21:00:00Z,2025-11-22,21:00,2,121.88,0,6.27,68.08,1.83,1.51,3.67,0.24
Londres,LON,GB,51.5074,-0.1278,2025-11-22T22:00:00Z,2025-11-22,22:00,2,117.36,0,6.71,67.67,2.18,1.61,4.19,0.32
Londres,LON,GB,51.5074,-0.1278,2025-11-22T23:00:00Z,2025-11-22,23:00,2,116.39,0,6.94,67.73,2.38,1.49,3.84,0.37
Londres,LON,GB,51.5074,-0.1278,2025-11-23T00:00:00Z,2025-11-23,00:00,2,117.74,0,7.18,68.27,2.52,1.35,3.22,0.36
Londres,LON,GB,51.5074,-0.1278,2025-11-23T01:00:00Z,2025-11-23,01:00,2,116.35,0,6.57,69.06,2.46,1.16,2.63,0.34
Londres,LON,GB,51.5074,-0.1278,2025-11-23T02:00:00Z,2025-11-23,02:00,2,112.69,0,5.33,71.55,2.33,0.96,2.27,0.3
Londres,LON,GB,51.5074,-0.1278,2025-11-23T03:00:00Z,2025-11-23,03:00,2,109.14,0,4.51,73.71,2.28,0.9,2.3,0.25
Londres,LON,GB,51.5074,-0.1278,2025-11-23T04:00:00Z,2025-11-23,04:00,2,107.23,0,3.86,77.26,1.95,0.86,2.02,0.16
Londres,LON,GB,51.5074,-0.1278,2025-11-23T05:00:00Z,2025-11-23,05:00,2,106.78,0,3.7,79.02,1.62,0.91,1.87,0.13
Londres,LON,GB,51.5074,-0.1278,2025-11-23T06:00:00Z,2025-11-23,06:00,2,108.36,0,3.91,77.14,1.41,1.12,2.19,0.14
Londres,LON,GB,51.5074,-0.1278,2025-11-23T07:00:00Z,2025-11-23,07:00,2,111.23,0,4.11,73.54,1.23,1.26,2.36,0.15
Londres,LON,GB,51.5074,-0.1278,2025-11-23T08:00:00Z,2025-11-23,08:00,2,111.14,0,4.15,71.39,1.23,1.26,2.42,0.12
Londres,LON,GB,51.5074,-0.1278,2025-11-23T09:00:00Z,2025-11-23,09:00,2,107.56,0.01,3.6,72.78,1.19,1.13,2.25,0.07
Londres,LON,GB,51.5074,-0.1278,2025-11-23T10:00:00Z,2025-11-23,10:00,2,106.39,0.01,2.12,78.94,0.86,0.64,1.67,0.07
Londres,LON,GB,51.5074,-0.1278,2025-11-23T11:00:00Z,2025-11-23,11:00,2,106.88,0.02,1.49,84.92,0.74,0.5,1.42,0.12
Londres,LON,GB,51.5074,-0.1278,2025-11-23T12:00:00Z,2025-11-23,12:00,2,107.09,0.02,1.43,86.67,0.73,0.5,1.32,0.16
Londres,LON,GB,51.5074,-0.1278,2025-11-23T13:00:00Z,2025-11-23,13:00,2,106.85,0.02,1.39,84.58,0.7,0.5,1.12,0.17
Londres,LON,GB,51.5074,-0.1278,2025-11-23T14:00:00Z,2025-11-23,14:00,2,106.71,0.02,1.36,81.15,0.68,0.5,1.04,0.18
Londres,LON,GB,51.5074,-0.1278,2025-11-23T15:00:00Z,2025-11-23,15:00,2,106.19,0.01,1.34,78.52,0.68,0.5,1.05,0.19
Londres,LON,GB,51.5074,-0.1278,2025-11-23T16:00:00Z,2025-11-23,16:00,2,106.17,0,1.33,76.53,0.69,0.5,1.08,0.18
Londres,LON,GB,51.5074,-0.1278,2025-11-23T17:00:00Z,2025-11-23,17:00,2,105.73,0,1.31,75.36,0.68,0.5,1.1,0.17
Londres,LON,GB,51.5074,-0.1278,2025-11-23T18:00:00Z,2025-11-23,18:00,2,105.55,0,1.3,74.27,0.67,0.5,1.08,0.15
Londres,LON,GB,51.5074,-0.1278,2025-11-23T19:00:00Z,2025-11-23,19:00,2,105.54,0,1.3,73.63,0.66,0.5,0.98,0.13
Londres,LON,GB,51.5074,-0.1278,2025-11-23T20:00:00Z,2025-11-23,20:00,2,105.59,0,1.28,73.44,0.65,0.5,0.95,0.1
Londres,LON,GB,51.5074,-0.1278,2025-11-23T21:00:00Z,2025-11-23,21:00,2,105.83,0,1.28,73.5,0.64,0.5,0.95,0.08
Londres,LON,GB,51.5074,-0.1278,2025-11-23T22:00:00Z,2025-11-23,22:00,2,106.28,0,1.31,74.28,0.64,0.5,0.94,0.07
Londres,LON,GB,51.5074,-0.1278,2025-11-23T23:00:00Z,2025-11-23,23:00,2,106.67,0,1.33,75.71,0.64,0.5,0.99,0.06
Londres,LON,GB,51.5074,-0.1278,2025-11-24T00:00:00Z,2025-11-24,00:00,2,107.16,0,1.33,77.3,0.65,0.5,1.11,0.07
Londres,LON,GB,51.5074,-0.1278,2025-11-24T01:00:00Z,2025-11-24,01:00,2,107.27,0,1.3,78.89,0.66,0.5,1.27,0.07
Londres,LON,GB,51.5074,-0.1278,2025-11-24T02:00:00Z,2025-11-24,02:00,2,106.93,0,1.28,79.62,0.66,0.5,1.4,0.07
Londres,LON,GB,51.5074,-0.1278,2025-11-24T03:00:00Z,2025-11-24,03:00,2,107.23,0,1.27,79.08,0.67,0.52,1.52,0.07
Londres,LON,GB,51.5074,-0.1278,2025-11-24T04:00:00Z,2025-11-24,04:00,2,107.52,0,1.27,77.45,0.67,0.54,1.62,0.07
Londres,LON,GB,51.5074,-0.1278,2025-11-24T05:00:00Z,2025-11-24,05:00,2,107.52,0,1.25,75.28,0.67,0.54,1.72,0.07
Londres,LON,GB,51.5074,-0.1278,2025-11-24T06:00:00Z,2025-11-24,06:00,2,107.79,0,1.21,73.59,0.64,0.52,1.62,0.06
Londres,LON,GB,51.5074,-0.1278,2025-11-24T07:00:00Z,2025-11-24,07:00,2,108.36,0,1.22,73.22,0.61,0.5,1.25,0.04
Londres,LON,GB,51.5074,-0.1278,2025-11-24T08:00:00Z,2025-11-24,08:00,2,108.13,0,1.34,73.02,0.62,0.5,0.92,0.03
Londres,LON,GB,51.5074,-0.1278,2025-11-24T09:00:00Z,2025-11-24,09:00,2,107.99,0,1.52,72.42,0.66,0.5,0.73,0.03
Londres,LON,GB,51.5074,-0.1278,2025-11-24T10:00:00Z,2025-11-24,10:00,2,107.87,0.02,1.76,71.28,0.76,0.5,0.67,0.06
Londres,LON,GB,51.5074,-0.1278,2025-11-24T11:00:00Z,2025-11-24,11:00,2,108.4,0.09,2.28,68.9,0.98,0.5,0.65,0.11
Londres,LON,GB,51.5074,-0.1278,2025-11-24T12:00:00Z,2025-11-24,12:00,2,109.39,0.21,3.15,66.04,1.31,0.5,0.64,0.17
Londres,LON,GB,51.5074,-0.1278,2025-11-24T13:00:00Z,2025-11-24,13:00,2,110.88,0.31,3.97,63.91,1.5,0.5,0.65,0.2
Londres,LON,GB,51.5074,-0.1278,2025-11-24T14:00:00Z,2025-11-24,14:00,2,113.05,0.32,4.96,61.87,1.61,0.5,0.75,0.21
Londres,LON,GB,51.5074,-0.1278,2025-11-24T15:00:00Z,2025-11-24,15:00,1,116.24,0.24,6.37,59.59,1.76,0.54,0.95,0.22
Londres,LON,GB,51.5074,-0.1278,2025-11-24T16:00:00Z,2025-11-24,16:00,1,118.64,0.05,7.93,57.24,1.93,0.72,1.24,0.25
Londres,LON,GB,51.5074,-0.1278,2025-11-24T17:00:00Z,2025-11-24,17:00,1,121.07,0,9.08,55.41,2.25,0.9,1.61,0.29
Londres,LON,GB,51.5074,-0.1278,2025-11-24T18:00:00Z,2025-11-24,18:00,1,123.88,0,10.19,53.61,2.47,1.08,1.96,0.32
Londres,LON,GB,51.5074,-0.1278,2025-11-24T19:00:00Z,2025-11-24,19:00,1,126.83,0,11.64,50.27,2.62,1.23,2.22,0.34
Londres,LON,GB,51.5074,-0.1278,2025-11-24T20:00:00Z,2025-11-24,20:00,1,131.4,0,12.78,47.02,2.57,1.2,2.17,0.35
Londres,LON,GB,51.5074,-0.1278,2025-11-24T21:00:00Z,2025-11-24,21:00,1,136.44,0,12,47.94,2.35,1.02,1.93,0.35
Londres,LON,GB,51.5074,-0.1278,2025-11-24T22:00:00Z,2025-11-24,22:00,1,138.12,0,9.84,54.26,2.19,0.86,1.88,0.37
Londres,LON,GB,51.5074,-0.1278,2025-11-24T23:00:00Z,2025-11-24,23:00,2,137,0,8.39,60.39,2.25,0.86,2.04,0.4
Londres,LON,GB,51.5074,-0.1278,2025-11-25T00:00:00Z,2025-11-25,00:00,2,135.78,0,7.97,62.91,2.38,0.97,2.35,0.44
Londres,LON,GB,51.5074,-0.1278,2025-11-25T01:00:00Z,2025-11-25,01:00,2,134.76,0,7.82,62.52,2.43,1.07,2.6,0.47
Londres,LON,GB,51.5074,-0.1278,2025-11-25T02:00:00Z,2025-11-25,02:00,2,133.77,0,7.45,62.58,2.36,1.03,2.6,0.48
Londres,LON,GB,51.5074,-0.1278,2025-11-25T03:00:00Z,2025-11-25,03:00,2,132.77,0,6.8,63.84,2.21,0.96,2.54,0.47
Londres,LON,GB,51.5074,-0.1278,2025-11-25T04:00:00Z,2025-11-25,04:00,2,130.77,0,5.96,66.56,2.06,0.89,2.5,0.43
Londres,LON,GB,51.5074,-0.1278,2025-11-25T05:00:00Z,2025-11-25,05:00,2,129.08,0,5.39,69.63,2,0.86,2.53,0.41
Londres,LON,GB,51.5074,-0.1278,2025-11-25T06:00:00Z,2025-11-25,06:00,2,127.19,0,4.93,72.62,1.95,0.83,2.54,0.39
Londres,LON,GB,51.5074,-0.1278,2025-11-25T07:00:00Z,2025-11-25,07:00,2,125.76,0,5.08,73.05,2.07,0.84,2.5,0.39
Londres,LON,GB,51.5074,-0.1278,2025-11-25T08:00:00Z,2025-11-25,08:00,2,125.94,0,5.85,71.45,2.34,1,2.56,0.4
Londres,LON,GB,51.5074,-0.1278,2025-11-25T09:00:00Z,2025-11-25,09:00,2,125.83,0.12,6.79,70.62,2.51,1.13,2.55,0.4
Londres,LON,GB,51.5074,-0.1278,2025-11-25T10:00:00Z,2025-11-25,10:00,2,124.71,0.57,6.95,70.52,2.61,1.17,2.43,0.41
Londres,LON,GB,51.5074,-0.1278,2025-11-25T11:00:00Z,2025-11-25,11:00,2,124.09,0.93,6.87,70.87,2.7,1.15,2.26,0.43
Londres,LON,GB,51.5074,-0.1278,2025-11-25T12:00:00Z,2025-11-25,12:00,2,123.84,1.14,6.81,71.33,2.78,1.14,2.13,0.44
Londres,LON,GB,51.5074,-0.1278,2025-11-25T13:00:00Z,2025-11-25,13:00,2,122.59,0.94,6.38,72.86,2.55,0.88,1.71,0.42
Londres,LON,GB,51.5074,-0.1278,2025-11-25T14:00:00Z,2025-11-25,14:00,2,121.48,0.75,6.73,72.17,2.59,0.8,1.59,0.45
Londres,LON,GB,51.5074,-0.1278,2025-11-25T15:00:00Z,2025-11-25,15:00,2,120.65,0.47,7.6,70.59,2.75,0.84,1.66,0.49
Londres,LON,GB,51.5074,-0.1278,2025-11-25T16:00:00Z,2025-11-25,16:00,2,121.27,0.09,9.58,67.38,3.2,0.99,1.96,0.6
Londres,LON,GB,51.5074,-0.1278,2025-11-25T17:00:00Z,2025-11-25,17:00,2,122.7,0,11.44,63.2,3.72,1.21,2.38,0.73
Londres,LON,GB,51.5074,-0.1278,2025-11-25T18:00:00Z,2025-11-25,18:00,2,124.5,0,12.52,60.09,3.86,1.53,2.81,0.74
Londres,LON,GB,51.5074,-0.1278,2025-11-25T19:00:00Z,2025-11-25,19:00,1,125.23,0,12.96,58.59,3.79,1.96,3.29,0.65
Londres,LON,GB,51.5074,-0.1278,2025-11-25T20:00:00Z,2025-11-25,20:00,2,126.01,0,13.05,60.1,3.75,2.32,3.73,0.55
Londres,LON,GB,51.5074,-0.1278,2025-11-25T21:00:00Z,2025-11-25,21:00,2,126.31,0,12.9,63.37,3.74,2.74,4.27,0.46
Londres,LON,GB,51.5074,-0.1278,2025-11-25T22:00:00Z,2025-11-25,22:00,2,126.9,0,13.37,65.06,3.93,3.36,5.05,0.39
Londres,LON,GB,51.5074,-0.1278,2025-11-25T23:00:00Z,2025-11-25,23:00,2,128.52,0,14.38,64.62,4.25,4.18,6.03,0.32
Londres,LON,GB,51.5074,-0.1278,2025-11-26T00:00:00Z,2025-11-26,00:00,2,129.1,0,14.62,64.59,4.37,4.56,6.51,0.28
Londres,LON,GB,51.5074,-0.1278,2025-11-26T01:00:00Z,2025-11-26,01:00,2,129.58,0,14.83,63.78,4.48,4.91,7,0.24
Londres,LON,GB,51.5074,-0.1278,2025-11-26T02:00:00Z,2025-11-26,02:00,2,130.72,0,15.12,62.56,4.69,5.31,7.6,0.22
Londres,LON,GB,51.5074,-0.1278,2025-11-26T03:00:00Z,2025-11-26,03:00,2,130.91,0,14.68,62.32,4.74,5.43,7.87,0.2
Londres,LON,GB,51.5074,-0.1278,2025-11-26T04:00:00Z,2025-11-26,04:00,2,129.35,0,13.59,63.74,4.66,5.4,7.95,0.19
Londres,LON,GB,51.5074,-0.1278,2025-11-26T05:00:00Z,2025-11-26,05:00,2,127.57,0,12.25,66.46,4.6,5.21,7.84,0.19
Londres,LON,GB,51.5074,-0.1278,2025-11-26T06:00:00Z,2025-11-26,06:00,2,125.89,0,10.96,69.18,4.58,4.92,7.59,0.19
Londres,LON,GB,51.5074,-0.1278,2025-11-26T07:00:00Z,2025-11-26,07:00,2,121.99,0,8.24,74.18,3.69,3.49,5.7,0.22
Londres,LON,GB,51.5074,-0.1278,2025-11-26T08:00:00Z,2025-11-26,08:00,2,119.7,0,6.9,77.71,3.22,2.53,4.41,0.25
Londres,LON,GB,51.5074,-0.1278,2025-11-26T09:00:00Z,2025-11-26,09:00,2,119.03,0.11,7.07,79.67,3.22,2.31,4.12,0.26
Londres,LON,GB,51.5074,-0.1278,2025-11-26T10:00:00Z,2025-11-26,10:00,2,118.29,0.47,7.06,81.51,3.37,2.01,3.79,0.28
Londres,LON,GB,51.5074,-0.1278,2025-11-26T11:00:00Z,2025-11-26,11:00,2,117.66,0.8,7.34,82.14,3.8,1.89,3.71,0.31
Londres,LON,GB,51.5074,-0.1278,2025-11-26T12:00:00Z,2025-11-26,12:00,2,116.93,1.03,7.75,83.01,4.29,1.58,3.43,0.37
Londres,LON,GB,51.5074,-0.1278,2025-11-26T13:00:00Z,2025-11-26,13:00,2,116.26,0.93,8.43,84.49,4.67,1.48,3.34,0.39
Londres,LON,GB,51.5074,-0.1278,2025-11-26T14:00:00Z,2025-11-26,14:00,2,114.68,0.53,8.57,85.21,4.57,1.33,3.1,0.4
Londres,LON,GB,51.5074,-0.1278,2025-11-26T15:00:00Z,2025-11-26,15:00,2,113.4,0.16,7.81,85.03,4.04,1.19,2.77,0.37
Londres,LON,GB,51.5074,-0.1278,2025-11-26T16:00:00Z,2025-11-26,16:00,2,112.73,0.01,6.45,84.49,3.41,0.99,2.3,0.33
Londres,LON,GB,51.5074,-0.1278,2025-11-26T17:00:00Z,2025-11-26,17:00,2,111.46,0,5.39,82.62,3,0.83,1.93,0.28
Londres,LON,GB,51.5074,-0.1278,2025-11-26T18:00:00Z,2025-11-26,18:00,2,110.37,0,4.93,80.29,2.79,0.77,1.85,0.25
Londres,LON,GB,51.5074,-0.1278,2025-11-26T19:00:00Z,2025-11-26,19:00,2,111.52,0,4.91,78.4,2.7,0.84,1.92,0.27
Londres,LON,GB,51.5074,-0.1278,2025-11-26T20:00:00Z,2025-11-26,20:00,2,113.4,0,5.26,75.35,2.57,1.04,2.09,0.37
Londres,LON,GB,51.5074,-0.1278,2025-11-26T21:00:00Z,2025-11-26,21:00,2,116.22,0,5.63,71.98,2.39,1.3,2.37,0.52
Londres,LON,GB,51.5074,-0.1278,2025-11-26T22:00:00Z,2025-11-26,22:00,2,118.65,0,6.02,68.55,2.14,1.47,2.41,0.56
Londres,LON,GB,51.5074,-0.1278,2025-11-26T23:00:00Z,2025-11-26,23:00,2,119.48,0,6.24,65.55,1.88,1.54,2.37,0.47
Londres,LON,GB,51.5074,-0.1278,2025-11-27T00:00:00Z,2025-11-27,00:00,2,117.79,0,5.99,64.88,1.73,1.48,2.27,0.32
Londres,LON,GB,51.5074,-0.1278,2025-11-27T01:00:00Z,2025-11-27,01:00,2,115.85,0,5.49,67.34,1.65,1.45,2.27,0.2
Londres,LON,GB,51.5074,-0.1278,2025-11-27T02:00:00Z,2025-11-27,02:00,2,113.2,0,4.9,70.77,1.61,1.56,2.44,0.12
Londres,LON,GB,51.5074,-0.1278,2025-11-27T03:00:00Z,2025-11-27,03:00,2,110.64,0,4.38,74.04,1.57,1.78,2.81,0.09
Londres,LON,GB,51.5074,-0.1278,2025-11-27T04:00:00Z,2025-11-27,04:00,2,108.4,0,3.88,77.23,1.55,1.87,3.34,0.08
Londres,LON,GB,51.5074,-0.1278,2025-11-27T05:00:00Z,2025-11-27,05:00,2,106.36,0,3.53,79.63,1.62,1.89,4.15,0.08
Londres,LON,GB,51.5074,-0.1278,2025-11-27T06:00:00Z,2025-11-27,06:00,2,105.16,0,3.38,81.31,1.71,1.9,4.9,0.07
Londres,LON,GB,51.5074,-0.1278,2025-11-27T07:00:00Z,2025-11-27,07:00,2,104.38,0,3.17,83.11,1.71,1.82,5.55,0.06
Londres,LON,GB,51.5074,-0.1278,2025-11-27T08:00:00Z,2025-11-27,08:00,2,104.21,0,3.22,83.76,1.76,1.75,5.75,0.06
Londres,LON,GB,51.5074,-0.1278,2025-11-27T09:00:00Z,2025-11-27,09:00,2,104.31,0,3.34,83.69,1.79,1.62,5.38,0.06
Londres,LON,GB,51.5074,-0.1278,2025-11-27T10:00:00Z,2025-11-27,10:00,2,104.49,0.02,3.51,83.13,1.77,1.48,4.65,0.08
Londres,LON,GB,51.5074,-0.1278,2025-11-27T11:00:00Z,2025-11-27,11:00,2,104.94,0.04,3.67,82.32,1.81,1.43,4.43,0.09
Londres,LON,GB,51.5074,-0.1278,2025-11-27T12:00:00Z,2025-11-27,12:00,2,105.2,0.06,3.8,81.75,1.82,1.52,4.5,0.1
Londres,LON,GB,51.5074,-0.1278,2025-11-27T13:00:00Z,2025-11-27,13:00,2,105.9,0.04,4.02,81,1.79,1.69,4.37,0.1
Londres,LON,GB,51.5074,-0.1278,2025-11-27T14:00:00Z,2025-11-27,14:00,2,106.87,0.03,4.34,79.06,1.8,1.92,4.49,0.14
Londres,LON,GB,51.5074,-0.1278,2025-11-27T15:00:00Z,2025-11-27,15:00,2,107.92,0.01,4.68,76.56,1.83,2.06,4.69,0.22
Londres,LON,GB,51.5074,-0.1278,2025-11-27T16:00:00Z,2025-11-27,16:00,2,108.71,0,4.83,74.86,1.81,2,4.36,0.28
Londres,LON,GB,51.5074,-0.1278,2025-11-27T17:00:00Z,2025-11-27,17:00,2,108.77,0,4.9,73.96,1.76,1.9,3.78,0.26
Londres,LON,GB,51.5074,-0.1278,2025-11-27T18:00:00Z,2025-11-27,18:00,2,108.55,0,4.97,73.7,1.73,1.9,3.47,0.22
Londres,LON,GB,51.5074,-0.1278,2025-11-27T19:00:00Z,2025-11-27,19:00,2,108.33,0,5.08,73.76,1.75,1.99,3.5,0.19
Londres,LON,GB,51.5074,-0.1278,2025-11-27T20:00:00Z,2025-11-27,20:00,2,108.21,0,5.23,73.74,1.82,2.04,3.61,0.18
Londres,LON,GB,51.5074,-0.1278,2025-11-27T21:00:00Z,2025-11-27,21:00,2,108,0,5.35,73.56,1.87,2.08,3.69,0.16
Londres,LON,GB,51.5074,-0.1278,2025-11-27T22:00:00Z,2025-11-27,22:00,2,107.8,0,5.4,73.47,1.85,2.06,3.43,0.12
Londres,LON,GB,51.5074,-0.1278,2025-11-27T23:00:00Z,2025-11-27,23:00,2,106.68,0,5.36,72.68,1.8,2.03,3.17,0.09
Londres,LON,GB,51.5074,-0.1278,2025-11-28T00:00:00Z,2025-11-28,00:00,2,105.66,0,5.33,71.88,1.8,2.11,3.12,0.09
Londres,LON,GB,51.5074,-0.1278,2025-11-28T01:00:00Z,2025-11-28,01:00,2,104.88,0,5.38,71.21,1.92,2.35,3.57,0.09
Londres,LON,GB,51.5074,-0.1278,2025-11-28T02:00:00Z,2025-11-28,02:00,2,105.18,0,5.57,70.41,2.19,2.76,4.63,0.1
Londres,LON,GB,51.5074,-0.1278,2025-11-28T03:00:00Z,2025-11-28,03:00,2,105.95,0,5.69,69.94,2.44,3.27,6.32,0.11
Londres,LON,GB,51.5074,-0.1278,2025-11-28T04:00:00Z,2025-11-28,04:00,2,106.75,0,5.64,69.1,2.67,3.71,8.49,0.12
Londres,LON,GB,51.5074,-0.1278,2025-11-28T05:00:00Z,2025-11-28,05:00,2,107.77,0,5.3,69.34,2.71,3.82,10.2,0.1
Londres,LON,GB,51.5074,-0.1278,2025-11-28T06:00:00Z,2025-11-28,06:00,2,108.51,0,4.89,69.97,2.66,3.65,11.03,0.08
Londres,LON,GB,51.5074,-0.1278,2025-11-28T07:00:00Z,2025-11-28,07:00,2,108.84,0,4.22,71.38,2.4,3.13,10.39,0.05
Londres,LON,GB,51.5074,-0.1278,2025-11-28T08:00:00Z,2025-11-28,08:00,2,109.06,0,3.63,73.01,2.08,2.42,8.54,0.04
Londres,LON,GB,51.5074,-0.1278,2025-11-28T09:00:00Z,2025-11-28,09:00,2,108.81,0,3.35,73.91,1.88,1.92,6.94,0.04
Londres,LON,GB,51.5074,-0.1278,2025-11-28T10:00:00Z,2025-11-28,10:00,2,108.66,0.04,3.1,76.02,1.69,1.55,5.73,0.03
Londres,LON,GB,51.5074,-0.1278,2025-11-28T11:00:00Z,2025-11-28,11:00,2,108.06,0.1,2.82,79.55,1.58,1.27,5.01,0.03
Londres,LON,GB,51.5074,-0.1278,2025-11-28T12:00:00Z,2025-11-28,12:00,2,107.37,0.17,2.59,82.29,1.5,1.08,4.63,0.03
Londres,LON,GB,51.5074,-0.1278,2025-11-28T13:00:00Z,2025-11-28,13:00,2,107.06,0.18,2.44,82.9,1.4,0.95,4.1,0.03
Londres,LON,GB,51.5074,-0.1278,2025-11-28T14:00:00Z,2025-11-28,14:00,2,106.76,0.14,2.39,81.93,1.3,0.88,3.65,0.03
Londres,LON,GB,51.5074,-0.1278,2025-11-28T15:00:00Z,2025-11-28,15:00,2,106.73,0.08,2.38,81.59,1.23,0.87,3.53,0.03
Londres,LON,GB,51.5074,-0.1278,2025-11-28T16:00:00Z,2025-11-28,16:00,2,106.83,0.01,2.35,82.78,1.17,0.86,3.43,0.03
Londres,LON,GB,51.5074,-0.1278,2025-11-28T17:00:00Z,2025-11-28,17:00,2,107.03,0,2.27,83.9,1.14,0.85,3.24,0.04
Londres,LON,GB,51.5074,-0.1278,2025-11-28T18:00:00Z,2025-11-28,18:00,2,107.7,0,2.25,83.84,1.12,0.82,2.95,0.04
Londres,LON,GB,51.5074,-0.1278,2025-11-28T19:00:00Z,2025-11-28,19:00,2,108.65,0,2.25,82.99,1.11,0.79,2.58,0.04
Londres,LON,GB,51.5074,-0.1278,2025-11-28T20:00:00Z,2025-11-28,20:00,2,109.04,0,2.25,82.61,1.1,0.77,2.26,0.03
Londres,LON,GB,51.5074,-0.1278,2025-11-28T21:00:00Z,2025-11-28,21:00,2,109.06,0,2.25,82.63,1.13,0.78,2.16,0.03
Londres,LON,GB,51.5074,-0.1278,2025-11-28T22:00:00Z,2025-11-28,22:00,2,108.48,0,2.45,82.61,1.24,0.85,2.15,0.03
Londres,LON,GB,51.5074,-0.1278,2025-11-28T23:00:00Z,2025-11-28,23:00,2,107.84,0,2.71,82.46,1.37,0.91,2.31,0.07
Londres,LON,GB,51.5074,-0.1278,2025-11-29T00:00:00Z,2025-11-29,00:00,2,107.84,0,2.95,81.92,1.45,0.97,2.57,0.12
Londres,LON,GB,51.5074,-0.1278,2025-11-29T01:00:00Z,2025-11-29,01:00,2,109.1,0,3.13,81.26,1.46,1.09,2.85,0.18
Londres,LON,GB,51.5074,-0.1278,2025-11-29T02:00:00Z,2025-11-29,02:00,2,110.41,0,3.21,80.25,1.38,1.23,2.89,0.21
Londres,LON,GB,51.5074,-0.1278,2025-11-29T03:00:00Z,2025-11-29,03:00,2,111.16,0,3.2,79.07,1.25,1.32,2.82,0.23
Londres,LON,GB,51.5074,-0.1278,2025-11-29T04:00:00Z,2025-11-29,04:00,2,110.02,0,2.78,79.28,1.02,1.13,2.2,0.19
Londres,LON,GB,51.5074,-0.1278,2025-11-29T05:00:00Z,2025-11-29,05:00,2,109.19,0,2.58,80.01,0.91,0.99,1.88,0.18
Londres,LON,GB,51.5074,-0.1278,2025-11-29T06:00:00Z,2025-11-29,06:00,2,108.64,0,2.43,81.13,0.86,0.89,1.71,0.19
Londres,LON,GB,51.5074,-0.1278,2025-11-29T07:00:00Z,2025-11-29,07:00,2,108.36,0,2.31,82.31,0.84,0.83,1.75,0.22
Londres,LON,GB,51.5074,-0.1278,2025-11-29T08:00:00Z,2025-11-29,08:00,2,107.98,0,2.25,83.42,0.84,0.85,1.92,0.28
Londres,LON,GB,51.5074,-0.1278,2025-11-29T09:00:00Z,2025-11-29,09:00,2,107.42,0,2.24,84.67,0.84,0.92,2.12,0.32
Londres,LON,GB,51.5074,-0.1278,2025-11-29T10:00:00Z,2025-11-29,10:00,2,107.64,0.01,2.35,86.21,0.84,0.91,1.84,0.24
Londres,LON,GB,51.5074,-0.1278,2025-11-29T11:00:00Z,2025-11-29,11:00,2,107.56,0.01,2.53,87.01,0.84,0.88,1.55,0.12
Londres,LON,GB,51.5074,-0.1278,2025-11-29T12:00:00Z,2025-11-29,12:00,2,108.86,0.02,2.67,86.07,0.89,0.77,1.32,0.06
Londres,LON,GB,51.5074,-0.1278,2025-11-29T13:00:00Z,2025-11-29,13:00,2,111.27,0.02,2.75,82.14,0.96,0.6,1.13,0.07
Londres,LON,GB,51.5074,-0.1278,2025-11-29T14:00:00Z,2025-11-29,14:00,2,111.58,0.02,2.76,79.23,1.01,0.5,0.95,0.16
Londres,LON,GB,51.5074,-0.1278,2025-11-29T15:00:00Z,2025-11-29,15:00,2,109.67,0.01,2.66,79.62,1.01,0.5,0.83,0.23
Londres,LON,GB,51.5074,-0.1278,2025-11-29T16:00:00Z,2025-11-29,16:00,2,106.95,0,2.39,81.15,0.97,0.5,0.76,0.26
Londres,LON,GB,51.5074,-0.1278,2025-11-29T17:00:00Z,2025-11-29,17:00,2,106.1,0,2.07,83.18,0.92,0.5,0.68,0.23
Londres,LON,GB,51.5074,-0.1278,2025-11-29T18:00:00Z,2025-11-29,18:00,2,106.82,0,1.86,82.84,0.89,0.5,0.64,0.2
Londres,LON,GB,51.5074,-0.1278,2025-11-29T19:00:00Z,2025-11-29,19:00,2,108.1,0,1.77,80.12,0.88,0.5,0.6,0.17
Londres,LON,GB,51.5074,-0.1278,2025-11-29T20:00:00Z,2025-11-29,20:00,2,109.58,0,1.74,77.01,0.86,0.5,0.58,0.15
Londres,LON,GB,51.5074,-0.1278,2025-11-29T21:00:00Z,2025-11-29,21:00,2,110.69,0,1.76,74.46,0.86,0.5,0.58,0.15
Londres,LON,GB,51.5074,-0.1278,2025-11-29T22:00:00Z,2025-11-29,22:00,2,111.43,0,2.14,73.07,1.01,0.5,0.71,0.18
Londres,LON,GB,51.5074,-0.1278,2025-11-29T23:00:00Z,2025-11-29,23:00,2,113.29,0,3.16,71.73,1.32,0.5,1,0.26
Londres,LON,GB,51.5074,-0.1278,2025-11-30T00:00:00Z,2025-11-30,00:00,2,115.15,0,4.28,69.98,1.52,0.5,1.22,0.36
Londres,LON,GB,51.5074,-0.1278,2025-11-30T01:00:00Z,2025-11-30,01:00,2,116.22,0,4.98,67.8,1.59,0.5,1.3,0.43
Londres,LON,GB,51.5074,-0.1278,2025-11-30T02:00:00Z,2025-11-30,02:00,2,116.88,0,5.01,67.27,1.59,0.5,1.21,0.47
Londres,LON,GB,51.5074,-0.1278,2025-11-30T03:00:00Z,2025-11-30,03:00,2,116.41,0,4.75,68.02,1.58,0.5,1.09,0.49
Londres,LON,GB,51.5074,-0.1278,2025-11-30T04:00:00Z,2025-11-30,04:00,2,115.37,0,4.48,69.74,1.62,0.5,1.01,0.49
Londres,LON,GB,51.5074,-0.1278,2025-11-30T05:00:00Z,2025-11-30,05:00,2,115.37,0,4.34,72.59,1.72,0.5,1.01,0.48
Londres,LON,GB,51.5074,-0.1278,2025-11-30T06:00:00Z,2025-11-30,06:00,2,115.08,0,4.22,76.26,1.78,0.5,1.03,0.46
Londres,LON,GB,51.5074,-0.1278,2025-11-30T07:00:00Z,2025-11-30,07:00,2,113.94,0,4.11,79.47,1.79,0.5,1.06,0.44
Londres,LON,GB,51.5074,-0.1278,2025-11-30T08:00:00Z,2025-11-30,08:00,2,112.97,0,3.97,82.12,1.74,0.5,1.12,0.41
Londres,LON,GB,51.5074,-0.1278,2025-11-30T09:00:00Z,2025-11-30,09:00,2,112.67,0.03,3.94,83.73,1.67,0.5,1.19,0.4
Londres,LON,GB,51.5074,-0.1278,2025-11-30T10:00:00Z,2025-11-30,10:00,2,112.19,0.17,3.38,85.33,1.48,0.5,1.11,0.37
Londres,LON,GB,51.5074,-0.1278,2025-11-30T11:00:00Z,2025-11-30,11:00,2,111.52,0.26,2.79,86.29,1.32,0.5,0.97,0.32
Londres,LON,GB,51.5074,-0.1278,2025-11-30T12:00:00Z,2025-11-30,12:00,2,111.32,0.31,2.62,86.69,1.3,0.5,0.94,0.31
Londres,LON,GB,51.5074,-0.1278,2025-11-30T13:00:00Z,2025-11-30,13:00,2,110.98,0.28,2.48,87.13,1.24,0.5,0.88,0.29
Londres,LON,GB,51.5074,-0.1278,2025-11-30T14:00:00Z,2025-11-30,14:00,2,110.4,0.21,2.42,86.96,1.22,0.5,0.81,0.28
Londres,LON,GB,51.5074,-0.1278,2025-11-30T15:00:00Z,2025-11-30,15:00,2,110,0.11,2.41,86.79,1.2,0.5,0.75,0.27
Londres,LON,GB,51.5074,-0.1278,2025-11-30T16:00:00Z,2025-11-30,16:00,2,109.77,0.02,2.42,86.68,1.19,0.5,0.71,0.26
Londres,LON,GB,51.5074,-0.1278,2025-11-30T17:00:00Z,2025-11-30,17:00,2,109.04,0,2.38,86.63,1.23,0.5,0.7,0.24
Londres,LON,GB,51.5074,-0.1278,2025-11-30T18:00:00Z,2025-11-30,18:00,2,108.49,0,2.49,86.58,1.31,0.5,0.76,0.21
Londres,LON,GB,51.5074,-0.1278,2025-11-30T19:00:00Z,2025-11-30,19:00,2,109.07,0,2.64,86.75,1.44,0.5,0.9,0.17
Londres,LON,GB,51.5074,-0.1278,2025-11-30T20:00:00Z,2025-11-30,20:00,2,109.18,0,2.66,86.28,1.51,0.5,1.12,0.12
Londres,LON,GB,51.5074,-0.1278,2025-11-30T21:00:00Z,2025-11-30,21:00,2,108.62,0,2.56,85.81,1.48,0.5,1.32,0.09
Londres,LON,GB,51.5074,-0.1278,2025-11-30T22:00:00Z,2025-11-30,22:00,2,108.19,0,2.44,85.04,1.4,0.5,1.27,0.11
Londres,LON,GB,51.5074,-0.1278,2025-11-30T23:00:00Z,2025-11-30,23:00,2,108.34,0,2.5,83.66,1.32,0.5,1.3,0.25
Londres,LON,GB,51.5074,-0.1278,2025-12-01T00:00:00Z,2025-12-01,00:00,2,109.24,0,2.68,81.8,1.28,0.55,1.48,0.42
Londres,LON,GB,51.5074,-0.1278,2025-12-01T01:00:00Z,2025-12-01,01:00,2,111.41,0,3,80.07,1.27,0.66,1.64,0.49
Londres,LON,GB,51.5074,-0.1278,2025-12-01T02:00:00Z,2025-12-01,02:00,2,113.83,0,3.4,78.23,1.17,0.78,1.74,0.47
Londres,LON,GB,51.5074,-0.1278,2025-12-01T03:00:00Z,2025-12-01,03:00,2,115.88,0,3.51,77.35,1.08,0.9,1.85,0.36
Londres,LON,GB,51.5074,-0.1278,2025-12-01T04:00:00Z,2025-12-01,04:00,2,117.36,0,3.55,76.16,1.05,1.02,1.92,0.25
Londres,LON,GB,51.5074,-0.1278,2025-12-01T05:00:00Z,2025-12-01,05:00,2,117.42,0,3.51,74.83,0.99,1.08,1.99,0.18
Londres,LON,GB,51.5074,-0.1278,2025-12-01T06:00:00Z,2025-12-01,06:00,2,116.38,0,3.31,74.14,0.91,1.07,2.06,0.14
Londres,LON,GB,51.5074,-0.1278,2025-12-01T07:00:00Z,2025-12-01,07:00,2,115.35,0,3.07,74.57,0.86,1.01,2.05,0.12
Londres,LON,GB,51.5074,-0.1278,2025-12-01T08:00:00Z,2025-12-01,08:00,2,114.45,0,2.98,74.62,0.85,0.99,2.04,0.11
Londres,LON,GB,51.5074,-0.1278,2025-12-01T09:00:00Z,2025-12-01,09:00,2,113.91,0,2.99,74.83,0.86,1.04,2.08,0.11
Londres,LON,GB,51.5074,-0.1278,2025-12-01T10:00:00Z,2025-12-01,10:00,2,114.39,0.01,3.09,75.59,0.91,1.13,2.33,0.14
Londres,LON,GB,51.5074,-0.1278,2025-12-01T11:00:00Z,2025-12-01,11:00,2,114.59,0.01,3.21,75.96,0.98,1.24,2.51,0.19
Londres,LON,GB,51.5074,-0.1278,2025-12-01T12:00:00Z,2025-12-01,12:00,2,114.61,0.02,3.27,76,1.04,1.38,2.71,0.24
Londres,LON,GB,51.5074,-0.1278,2025-12-01T13:00:00Z,2025-12-01,13:00,2,114.54,0.03,3.26,76.53,1.1,1.5,3.11,0.28
Londres,LON,GB,51.5074,-0.1278,2025-12-01T14:00:00Z,2025-12-01,14:00,2,113.85,0.02,3.21,76.28,1.18,1.57,3.49,0.33
Londres,LON,GB,51.5074,-0.1278,2025-12-01T15:00:00Z,2025-12-01,15:00,2,113.62,0.01,3.25,75.4,1.26,1.7,4.02,0.38
Londres,LON,GB,51.5074,-0.1278,2025-12-01T16:00:00Z,2025-12-01,16:00,2,114.17,0,3.36,74.86,1.39,1.82,4.79,0.43
Londres,LON,GB,51.5074,-0.1278,2025-12-01T17:00:00Z,2025-12-01,17:00,2,114.49,0,3.45,73.97,1.5,1.9,5.6,0.49
Londres,LON,GB,51.5074,-0.1278,2025-12-01T18:00:00Z,2025-12-01,18:00,2,114.35,0,3.5,72.92,1.54,1.97,6.15,0.53
Londres,LON,GB,51.5074,-0.1278,2025-12-01T19:00:00Z,2025-12-01,19:00,2,114.89,0,3.44,72.6,1.4,1.86,4.91,0.47
Londres,LON,GB,51.5074,-0.1278,2025-12-01T20:00:00Z,2025-12-01,20:00,2,115.56,0,3.38,72.7,1.21,1.7,3.73,0.36
Londres,LON,GB,51.5074,-0.1278,2025-12-01T21:00:00Z,2025-12-01,21:00,2,116.5,0,3.37,73.42,1.1,1.59,3.15,0.27
Londres,LON,GB,51.5074,-0.1278,2025-12-01T22:00:00Z,2025-12-01,22:00,2,116.33,0,3.29,75.16,1.04,1.4,2.4,0.17
Londres,LON,GB,51.5074,-0.1278,2025-12-01T23:00:00Z,2025-12-01,23:00,2,114.77,0,3.07,77.35,0.98,1.16,1.82,0.08
Londres,LON,GB,51.5074,-0.1278,2025-12-02T00:00:00Z,2025-12-02,00:00,2,113.49,0,2.66,80.34,0.93,0.91,1.41,0.03
Londres,LON,GB,51.5074,-0.1278,2025-12-02T01:00:00Z,2025-12-02,01:00,2,114.68,0,2.33,82.12,0.93,0.76,1.21,0.01
Londres,LON,GB,51.5074,-0.1278,2025-12-02T02:00:00Z,2025-12-02,02:00,2,118.34,0,2.37,81.38,1.01,0.75,1.21,0.01
Londres,LON,GB,51.5074,-0.1278,2025-12-02T03:00:00Z,2025-12-02,03:00,2,121.46,0,2.48,80.17,1.08,0.69,1.13,0.01
Londres,LON,GB,51.5074,-0.1278,2025-12-02T04:00:00Z,2025-12-02,04:00,2,122.83,0,2.54,78.57,1.13,0.61,1.06,0.01
Londres,LON,GB,51.5074,-0.1278,2025-12-02T05:00:00Z,2025-12-02,05:00,2,123.83,0,2.51,77.54,1.14,0.54,1.02,0.01
Londres,LON,GB,51.5074,-0.1278,2025-12-02T06:00:00Z,2025-12-02,06:00,2,123.82,0,2.46,76.11,1.13,0.5,1,0.01
Londres,LON,GB,51.5074,-0.1278,2025-12-02T07:00:00Z,2025-12-02,07:00,2,123.12,0,2.34,74.64,1.09,0.5,1.03,0.02
Londres,LON,GB,51.5074,-0.1278,2025-12-02T08:00:00Z,2025-12-02,08:00,2,121.35,0,2.26,73.34,1.07,0.5,1.07,0.02
Londres,LON,GB,51.5074,-0.1278,2025-12-02T09:00:00Z,2025-12-02,09:00,2,118.11,0.02,2.26,73.23,1.07,0.5,1.15,0.04
Londres,LON,GB,51.5074,-0.1278,2025-12-02T10:00:00Z,2025-12-02,10:00,2,114.51,0.09,2.2,74.7,1.07,0.5,1.2,0.06
Londres,LON,GB,51.5074,-0.1278,2025-12-02T11:00:00Z,2025-12-02,11:00,2,112.12,0.14,2.22,77.13,1.09,0.5,1.25,0.1
Londres,LON,GB,51.5074,-0.1278,2025-12-02T12:00:00Z,2025-12-02,12:00,2,111.38,0.15,2.31,78.94,1.1,0.52,1.31,0.15
Londres,LON,GB,51.5074,-0.1278,2025-12-02T13:00:00Z,2025-12-02,13:00,2,111.5,0.14,2.43,79.59,1.08,0.56,1.35,0.2
Londres,LON,GB,51.5074,-0.1278,2025-12-02T14:00:00Z,2025-12-02,14:00,2,112.02,0.11,2.53,79.96,1.02,0.58,1.31,0.22
Londres,LON,GB,51.5074,-0.1278,2025-12-02T15:00:00Z,2025-12-02,15:00,2,112.07,0.06,2.6,80.56,0.97,0.56,1.19,0.22
Londres,LON,GB,51.5074,-0.1278,2025-12-02T16:00:00Z,2025-12-02,16:00,2,111.83,0.01,2.62,81.62,0.94,0.52,1.03,0.2
Londres,LON,GB,51.5074,-0.1278,2025-12-02T17:00:00Z,2025-12-02,17:00,2,111.29,0,2.5,82.96,0.92,0.5,0.87,0.18
Londres,LON,GB,51.5074,-0.1278,2025-12-02T18:00:00Z,2025-12-02,18:00,2,110.19,0,2.37,84.38,0.91,0.5,0.78,0.17
Londres,LON,GB,51.5074,-0.1278,2025-12-02T19:00:00Z,2025-12-02,19:00,2,109.14,0,2.26,85.54,0.93,0.5,0.78,0.17
Londres,LON,GB,51.5074,-0.1278,2025-12-02T20:00:00Z,2025-12-02,20:00,2,108.89,0,2.2,86.51,0.97,0.5,0.84,0.16
Londres,LON,GB,51.5074,-0.1278,2025-12-02T21:00:00Z,2025-12-02,21:00,2,109.28,0,2.18,87.01,1.01,0.5,0.9,0.15
Londres,LON,GB,51.5074,-0.1278,2025-12-02T22:00:00Z,2025-12-02,22:00,2,109.58,0,2.18,86.87,1.06,0.5,0.95,0.14
Londres,LON,GB,51.5074,-0.1278,2025-12-02T23:00:00Z,2025-12-02,23:00,2,109.96,0,2.25,86.08,1.11,0.5,0.98,0.14
Londres,LON,GB,51.5074,-0.1278,2025-12-03T00:00:00Z,2025-12-03,00:00,2,110.16,0,2.33,84.98,1.14,0.5,0.95,0.15
Londres,LON,GB,51.5074,-0.1278,2025-12-03T01:00:00Z,2025-12-03,01:00,2,110.6,0,2.39,84.08,1.14,0.5,0.87,0.14
Londres,LON,GB,51.5074,-0.1278,2025-12-03T02:00:00Z,2025-12-03,02:00,2,111.18,0,2.43,83.13,1.13,0.5,0.74,0.13
Londres,LON,GB,51.5074,-0.1278,2025-12-03T03:00:00Z,2025-12-03,03:00,2,111.57,0,2.48,82.27,1.11,0.5,0.62,0.12
Londres,LON,GB,51.5074,-0.1278,2025-12-03T04:00:00Z,2025-12-03,04:00,2,111.28,0,2.5,81.13,1.1,0.5,0.53,0.1
Londres,LON,GB,51.5074,-0.1278,2025-12-03T05:00:00Z,2025-12-03,05:00,2,111.31,0,2.51,80.28,1.08,0.5,0.5,0.1
Londres,LON,GB,51.5074,-0.1278,2025-12-03T06:00:00Z,2025-12-03,06:00,2,111.35,0,2.53,79.35,1.08,0.5,0.5,0.11
Londres,LON,GB,51.5074,-0.1278,2025-12-03T07:00:00Z,2025-12-03,07:00,2,111.49,0,2.59,78.66,1.12,0.5,0.5,0.12
Londres,LON,GB,51.5074,-0.1278,2025-12-03T08:00:00Z,2025-12-03,08:00,2,111.82,0,2.72,78.54,1.2,0.5,0.51,0.13
Londres,LON,GB,51.5074,-0.1278,2025-12-03T09:00:00Z,2025-12-03,09:00,2,112.05,0.02,2.91,78.89,1.29,0.5,0.55,0.13
Londres,LON,GB,51.5074,-0.1278,2025-12-03T10:00:00Z,2025-12-03,10:00,2,112.18,0.11,3.02,79.88,1.36,0.5,0.61,0.14
Londres,LON,GB,51.5074,-0.1278,2025-12-03T11:00:00Z,2025-12-03,11:00,2,112.57,0.18,3.12,80.84,1.43,0.5,0.7,0.16
Londres,LON,GB,51.5074,-0.1278,2025-12-03T12:00:00Z,2025-12-03,12:00,2,113.14,0.21,3.26,81.81,1.46,0.5,0.81,0.18
Londres,LON,GB,51.5074,-0.1278,2025-12-03T13:00:00Z,2025-12-03,13:00,2,113.67,0.21,3.36,82.59,1.45,0.52,0.91,0.19
Londres,LON,GB,51.5074,-0.1278,2025-12-03T14:00:00Z,2025-12-03,14:00,2,114.15,0.18,3.47,83.17,1.43,0.56,1.01,0.2
Londres,LON,GB,51.5074,-0.1278,2025-12-03T15:00:00Z,2025-12-03,15:00,2,114.35,0.11,3.63,82.88,1.4,0.59,1.11,0.23
Londres,LON,GB,51.5074,-0.1278,2025-12-03T16:00:00Z,2025-12-03,16:00,2,114.28,0.01,3.58,83.38,1.34,0.59,1.18,0.23
Londres,LON,GB,51.5074,-0.1278,2025-12-03T17:00:00Z,2025-12-03,17:00,2,113.37,0,3.17,84.28,1.25,0.56,1.18,0.21
Londres,LON,GB,51.5074,-0.1278,2025-12-03T18:00:00Z,2025-12-03,18:00,2,113.12,0,2.9,84.07,1.16,0.56,1.19,0.23
Londres,LON,GB,51.5074,-0.1278,2025-12-03T19:00:00Z,2025-12-03,19:00,2,114.01,0,2.83,82.94,1.12,0.59,1.23,0.28
Londres,LON,GB,51.5074,-0.1278,2025-12-03T20:00:00Z,2025-12-03,20:00,2,116.52,0,3.18,79.6,1.25,0.76,1.44,0.36
Londres,LON,GB,51.5074,-0.1278,2025-12-03T21:00:00Z,2025-12-03,21:00,2,119.86,0,3.69,75.54,1.44,1.03,1.79,0.42
Londres,LON,GB,51.5074,-0.1278,2025-12-03T22:00:00Z,2025-12-03,22:00,2,122.14,0,3.92,72.82,1.53,1.2,2,0.4
Londres,LON,GB,51.5074,-0.1278,2025-12-03T23:00:00Z,2025-12-03,23:00,2,122.61,0,3.78,72.13,1.46,1.21,2.07,0.35
Londres,LON,GB,51.5074,-0.1278,2025-12-04T00:00:00Z,2025-12-04,00:00,2,122.34,0,3.49,72.4,1.34,1.14,2.05,0.3
Londres,LON,GB,51.5074,-0.1278,2025-12-04T01:00:00Z,2025-12-04,01:00,2,122.01,0,3.24,72.23,1.24,1.08,2.16,0.28
Londres,LON,GB,51.5074,-0.1278,2025-12-04T02:00:00Z,2025-12-04,02:00,2,121.9,0,3.14,71.4,1.2,1.05,2.19,0.27
Londres,LON,GB,51.5074,-0.1278,2025-12-04T03:00:00Z,2025-12-04,03:00,2,122.81,0,3.11,70.41,1.18,1.03,2.14,0.24
Londres,LON,GB,51.5074,-0.1278,2025-12-04T04:00:00Z,2025-12-04,04:00,2,124.57,0,3.21,69.45,1.15,1.01,1.89,0.19
Londres,LON,GB,51.5074,-0.1278,2025-12-04T05:00:00Z,2025-12-04,05:00,2,126.28,0,3.36,67.72,1.05,0.99,1.69,0.14
Londres,LON,GB,51.5074,-0.1278,2025-12-04T06:00:00Z,2025-12-04,06:00,2,127.71,0,3.44,66.23,0.96,0.93,1.59,0.12
Londres,LON,GB,51.5074,-0.1278,2025-12-04T07:00:00Z,2025-12-04,07:00,2,129.49,0,3.7,64.79,1,0.89,1.56,0.1
Londres,LON,GB,51.5074,-0.1278,2025-12-04T08:00:00Z,2025-12-04,08:00,2,128.98,0,4.18,64.65,1.15,0.91,1.79,0.09
Londres,LON,GB,51.5074,-0.1278,2025-12-04T09:00:00Z,2025-12-04,09:00,2,123.5,0,4.64,67.74,1.33,1.03,2.16,0.06
Londres,LON,GB,51.5074,-0.1278,2025-12-04T10:00:00Z,2025-12-04,10:00,2,116.18,0.01,4.14,76.11,1.31,0.99,2.33,0.04
Londres,LON,GB,51.5074,-0.1278,2025-12-04T11:00:00Z,2025-12-04,11:00,2,112.9,0.02,2.86,84.56,1.12,0.66,1.76,0.05
Londres,LON,GB,51.5074,-0.1278,2025-12-04T12:00:00Z,2025-12-04,12:00,2,112.2,0.02,2.28,90.18,1.01,0.5,1.27,0.06
Londres,LON,GB,51.5074,-0.1278,2025-12-04T13:00:00Z,2025-12-04,13:00,2,110.41,0.03,1.77,93.29,0.81,0.5,0.8,0.06
Londres,LON,GB,51.5074,-0.1278,2025-12-04T14:00:00Z,2025-12-04,14:00,2,108.53,0.04,1.66,93.66,0.77,0.5,0.6,0.06
Londres,LON,GB,51.5074,-0.1278,2025-12-04T15:00:00Z,2025-12-04,15:00,2,107.49,0.03,1.76,92.76,0.8,0.5,0.53,0.06
Londres,LON,GB,51.5074,-0.1278,2025-12-04T16:00:00Z,2025-12-04,16:00,2,107.24,0,1.89,91.76,0.85,0.5,0.5,0.05
Londres,LON,GB,51.5074,-0.1278,2025-12-04T17:00:00Z,2025-12-04,17:00,2,107.22,0,1.99,90.96,0.9,0.5,0.5,0.05
Londres,LON,GB,51.5074,-0.1278,2025-12-04T18:00:00Z,2025-12-04,18:00,2,107.49,0,2.1,90.23,0.96,0.5,0.5,0.05
Londres,LON,GB,51.5074,-0.1278,2025-12-04T19:00:00Z,2025-12-04,19:00,2,107.24,0,2.2,89.06,1.02,0.5,0.5,0.05
Londres,LON,GB,51.5074,-0.1278,2025-12-04T20:00:00Z,2025-12-04,20:00,2,107.5,0,2.31,88.41,1.09,0.5,0.5,0.07
Londres,LON,GB,51.5074,-0.1278,2025-12-04T21:00:00Z,2025-12-04,21:00,2,108.04,0,2.41,87.76,1.16,0.5,0.5,0.08
Londres,LON,GB,51.5074,-0.1278,2025-12-04T22:00:00Z,2025-12-04,22:00,2,108.4,0,2.49,87.51,1.21,0.5,0.5,0.1
Londres,LON,GB,51.5074,-0.1278,2025-12-04T23:00:00Z,2025-12-04,23:00,2,108.78,0,2.59,87.51,1.29,0.5,0.5,0.11
Londres,LON,GB,51.5074,-0.1278,2025-12-05T00:00:00Z,2025-12-05,00:00,2,109.34,0,2.67,87.51,1.36,0.5,0.5,0.11
Londres,LON,GB,51.5074,-0.1278,2025-12-05T01:00:00Z,2025-12-05,01:00,2,109.24,0,2.62,87.65,1.38,0.5,0.5,0.11
Londres,LON,GB,51.5074,-0.1278,2025-12-05T02:00:00Z,2025-12-05,02:00,2,108.92,0,2.48,88.25,1.36,0.5,0.54,0.1
Londres,LON,GB,51.5074,-0.1278,2025-12-05T03:00:00Z,2025-12-05,03:00,2,108.51,0,2.38,88.93,1.34,0.5,0.61,0.09
Londres,LON,GB,51.5074,-0.1278,2025-12-05T04:00:00Z,2025-12-05,04:00,2,108.01,0,2.37,89.23,1.36,0.5,0.7,0.09
Londres,LON,GB,51.5074,-0.1278,2025-12-05T05:00:00Z,2025-12-05,05:00,2,107.9,0,2.51,88.9,1.43,0.5,0.78,0.08
Londres,LON,GB,51.5074,-0.1278,2025-12-05T06:00:00Z,2025-12-05,06:00,2,107.89,0,2.65,87.94,1.51,0.5,0.8,0.07
Londres,LON,GB,51.5074,-0.1278,2025-12-05T07:00:00Z,2025-12-05,07:00,2,108.27,0,2.76,86.75,1.57,0.5,0.78,0.06
Londres,LON,GB,51.5074,-0.1278,2025-12-05T08:00:00Z,2025-12-05,08:00,2,108.11,0,2.83,85.11,1.62,0.5,0.82,0.06
Londres,LON,GB,51.5074,-0.1278,2025-12-05T09:00:00Z,2025-12-05,09:00,2,108.04,0,2.94,82.91,1.65,0.5,0.95,0.11
Londres,LON,GB,51.5074,-0.1278,2025-12-05T10:00:00Z,2025-12-05,10:00,2,108.58,0.01,3.13,80.83,1.57,0.51,1.16,0.17
Londres,LON,GB,51.5074,-0.1278,2025-12-05T11:00:00Z,2025-12-05,11:00,2,109.81,0.02,3.2,79.81,1.35,0.57,1.38,0.22
Londres,LON,GB,51.5074,-0.1278,2025-12-05T12:00:00Z,2025-12-05,12:00,2,110.58,0.03,2.91,80.63,1.07,0.59,1.46,0.2
Londres,LON,GB,51.5074,-0.1278,2025-12-05T13:00:00Z,2025-12-05,13:00,2,110.73,0.02,2.44,82.11,0.81,0.57,1.26,0.14
Londres,LON,GB,51.5074,-0.1278,2025-12-05T14:00:00Z,2025-12-05,14:00,2,110.91,0.01,2.3,82.92,0.74,0.59,1.22,0.1
Londres,LON,GB,51.5074,-0.1278,2025-12-05T15:00:00Z,2025-12-05,15:00,2,111.65,0,2.56,83.56,0.84,0.72,1.39,0.1
Londres,LON,GB,51.5074,-0.1278,2025-12-05T16:00:00Z,2025-12-05,16:00,2,113.17,0,2.86,84.01,0.83,0.81,1.46,0.08
Londres,LON,GB,51.5074,-0.1278,2025-12-05T17:00:00Z,2025-12-05,17:00,2,117.04,0,3.4,81.33,0.76,0.95,1.76,0.06
Londres,LON,GB,51.5074,-0.1278,2025-12-05T18:00:00Z,2025-12-05,18:00,2,120.16,0,3.77,78.9,0.72,1.09,2.19,0.07
Londres,LON,GB,51.5074,-0.1278,2025-12-05T19:00:00Z,2025-12-05,19:00,2,120.99,0,3.91,78.01,0.8,1.23,2.76,0.09
Londres,LON,GB,51.5074,-0.1278,2025-12-05T20:00:00Z,2025-12-05,20:00,2,120.37,0,4.09,77.08,0.96,1.25,2.86,0.13
Londres,LON,GB,51.5074,-0.1278,2025-12-05T21:00:00Z,2025-12-05,21:00,2,117.83,0,4.05,76.32,1.1,1.3,2.72,0.17
Londres,LON,GB,51.5074,-0.1278,2025-12-05T22:00:00Z,2025-12-05,22:00,2,114.82,0,3.92,75.57,1.19,1.58,2.9,0.17
Londres,LON,GB,51.5074,-0.1278,2025-12-05T23:00:00Z,2025-12-05,23:00,2,110.78,0,3.52,75.95,1.2,1.96,3.38,0.13
Londres,LON,GB,51.5074,-0.1278,2025-12-06T00:00:00Z,2025-12-06,00:00,2,108.47,0,2.99,81.17,1.16,2.17,3.66,0.08
Londres,LON,GB,51.5074,-0.1278,2025-12-06T01:00:00Z,2025-12-06,01:00,2,108.02,0,2.44,89.23,1.09,2.14,3.62,0.04
Londres,LON,GB,51.5074,-0.1278,2025-12-06T02:00:00Z,2025-12-06,02:00,2,107.69,0,2.1,92.7,0.99,1.95,3.33,0.02
Londres,LON,GB,51.5074,-0.1278,2025-12-06T03:00:00Z,2025-12-06,03:00,2,108.09,0,1.93,91.16,0.9,1.78,3.07,0.01
Londres,LON,GB,51.5074,-0.1278,2025-12-06T04:00:00Z,2025-12-06,04:00,2,107.69,0,1.71,88.7,0.79,1.49,2.66,0.01
Londres,LON,GB,51.5074,-0.1278,2025-12-06T05:00:00Z,2025-12-06,05:00,2,107.48,0,1.63,88.52,0.76,1.28,2.49,0.01
Londres,LON,GB,51.5074,-0.1278,2025-12-06T06:00:00Z,2025-12-06,06:00,2,107.37,0,1.59,89.36,0.76,1.11,2.4,0.01
Londres,LON,GB,51.5074,-0.1278,2025-12-06T07:00:00Z,2025-12-06,07:00,2,107.12,0,1.56,89.23,0.73,0.98,2.29,0.01
Londres,LON,GB,51.5074,-0.1278,2025-12-06T08:00:00Z,2025-12-06,08:00,2,106.83,0,1.55,88.2,0.71,0.98,2.42,0.01
Londres,LON,GB,51.5074,-0.1278,2025-12-06T09:00:00Z,2025-12-06,09:00,2,106.72,0,1.51,87.08,0.71,1.05,2.7,0.01
Londres,LON,GB,51.5074,-0.1278,2025-12-06T10:00:00Z,2025-12-06,10:00,2,106.97,0.03,1.41,86.05,0.72,1.17,3.07,0.01
Londres,LON,GB,51.5074,-0.1278,2025-12-06T11:00:00Z,2025-12-06,11:00,2,107.13,0.05,1.4,85.01,0.73,1.21,3.13,0.01
Londres,LON,GB,51.5074,-0.1278,2025-12-06T12:00:00Z,2025-12-06,12:00,2,107.21,0.06,1.42,84.45,0.74,1.23,3.2,0.01
Londres,LON,GB,51.5074,-0.1278,2025-12-06T13:00:00Z,2025-12-06,13:00,2,107.76,0.06,1.46,84.22,0.76,1.28,3.53,0.02
Londres,LON,GB,51.5074,-0.1278,2025-12-06T14:00:00Z,2025-12-06,14:00,2,108.07,0.03,1.54,84.01,0.77,1.28,3.67,0.02
Londres,LON,GB,51.5074,-0.1278,2025-12-06T15:00:00Z,2025-12-06,15:00,2,108.47,0.01,1.62,84.04,0.78,1.21,3.46,0.02
Londres,LON,GB,51.5074,-0.1278,2025-12-06T16:00:00Z,2025-12-06,16:00,2,108.42,0,1.66,84.46,0.79,1.06,3.29,0.02
Londres,LON,GB,51.5074,-0.1278,2025-12-06T17:00:00Z,2025-12-06,17:00,2,108.46,0,1.71,85.51,0.82,0.94,3.04,0.03
Londres,LON,GB,51.5074,-0.1278,2025-12-06T18:00:00Z,2025-12-06,18:00,2,108.5,0,1.78,87.35,0.85,0.88,2.83,0.03
Londres,LON,GB,51.5074,-0.1278,2025-12-06T19:00:00Z,2025-12-06,19:00,2,107.9,0,1.82,89.19,0.89,0.95,2.95,0.03
Londres,LON,GB,51.5074,-0.1278,2025-12-06T20:00:00Z,2025-12-06,20:00,2,107.31,0,1.86,90.41,0.92,1.12,3.22,0.03
Londres,LON,GB,51.5074,-0.1278,2025-12-06T21:00:00Z,2025-12-06,21:00,2,106.99,0,1.9,90.45,0.94,1.28,3.21,0.03
Londres,LON,GB,51.5074,-0.1278,2025-12-06T22:00:00Z,2025-12-06,22:00,2,106.49,0,1.96,89.15,0.96,1.39,2.91,0.02
Londres,LON,GB,51.5074,-0.1278,2025-12-06T23:00:00Z,2025-12-06,23:00,2,106.55,0,2.08,87.16,1,1.51,2.7,0.02
Londres,LON,GB,51.5074,-0.1278,2025-12-07T00:00:00Z,2025-12-07,00:00,2,106.6,0,2.23,85.16,1.07,1.6,2.58,0.01
Londres,LON,GB,51.5074,-0.1278,2025-12-07T01:00:00Z,2025-12-07,01:00,2,106.35,0,2.43,83.68,1.14,1.65,2.45,0.01
Londres,LON,GB,51.5074,-0.1278,2025-12-07T02:00:00Z,2025-12-07,02:00,2,106.07,0,2.78,83.28,1.22,1.64,2.29,0.02
Londres,LON,GB,51.5074,-0.1278,2025-12-07T03:00:00Z,2025-12-07,03:00,2,106.8,0,3.13,83.83,1.26,1.44,1.97,0.04
Londres,LON,GB,51.5074,-0.1278,2025-12-07T04:00:00Z,2025-12-07,04:00,2,108.23,0,3.91,83.17,1.44,1.18,1.59,0.05
Londres,LON,GB,51.5074,-0.1278,2025-12-07T05:00:00Z,2025-12-07,05:00,2,110,0,4.84,80.13,1.59,1.02,1.42,0.06
Londres,LON,GB,51.5074,-0.1278,2025-12-07T06:00:00Z,2025-12-07,06:00,2,111.85,0,5.01,76.85,1.57,0.91,1.31,0.07
Londres,LON,GB,51.5074,-0.1278,2025-12-07T07:00:00Z,2025-12-07,07:00,2,113.24,0,5.11,72.66,1.55,0.88,1.33,0.06
Londres,LON,GB,51.5074,-0.1278,2025-12-07T08:00:00Z,2025-12-07,08:00,2,112.61,0,5.72,67.48,1.63,1.06,1.74,0.05
Londres,LON,GB,51.5074,-0.1278,2025-12-07T09:00:00Z,2025-12-07,09:00,2,108.33,0,5.88,69.19,1.71,1.94,3.03,0.03
Londres,LON,GB,51.5074,-0.1278,2025-12-07T10:00:00Z,2025-12-07,10:00,2,104.11,0.01,4.96,77.3,1.65,3.68,5.13,0.01
Londres,LON,GB,51.5074,-0.1278,2025-12-07T11:00:00Z,2025-12-07,11:00,2,101.82,0.01,4.42,80.33,1.57,4.4,5.91,0.01
Londres,LON,GB,51.5074,-0.1278,2025-12-07T12:00:00Z,2025-12-07,12:00,2,100.9,0.02,4.35,80.63,1.5,4.14,5.58,0.02
Londres,LON,GB,51.5074,-0.1278,2025-12-07T13:00:00Z,2025-12-07,13:00,2,100.77,0.03,4.29,80.53,1.47,3.96,5.55,0.03
Londres,LON,GB,51.5074,-0.1278,2025-12-07T14:00:00Z,2025-12-07,14:00,2,100.89,0.02,4.11,80.79,1.45,3.95,5.86,0.03
Londres,LON,GB,51.5074,-0.1278,2025-12-07T15:00:00Z,2025-12-07,15:00,2,101.18,0.01,3.81,80.66,1.43,4.24,6.55,0.03
Londres,LON,GB,51.5074,-0.1278,2025-12-07T16:00:00Z,2025-12-07,16:00,2,101.79,0,3.61,80.78,1.52,5.02,8.68,0.03
Londres,LON,GB,51.5074,-0.1278,2025-12-07T17:00:00Z,2025-12-07,17:00,2,102.89,0,3.64,80.23,1.68,5.39,10.71,0.03
Londres,LON,GB,51.5074,-0.1278,2025-12-07T18:00:00Z,2025-12-07,18:00,2,104.53,0,3.76,79.04,1.77,5.11,11.12,0.02
Londres,LON,GB,51.5074,-0.1278,2025-12-07T19:00:00Z,2025-12-07,19:00,2,105.7,0,3.9,77.06,1.84,4.31,10.3,0.02
Londres,LON,GB,51.5074,-0.1278,2025-12-07T20:00:00Z,2025-12-07,20:00,2,107.13,0,4.26,75.13,2.03,3.84,9.96,0.02
Londres,LON,GB,51.5074,-0.1278,2025-12-07T21:00:00Z,2025-12-07,21:00,2,108.11,0,4.65,73.74,2.23,3.54,9.8,0.02
Londres,LON,GB,51.5074,-0.1278,2025-12-07T22:00:00Z,2025-12-07,22:00,2,108.22,0,4.98,72.64,2.4,3.43,9.86,0.02
Londres,LON,GB,51.5074,-0.1278,2025-12-07T23:00:00Z,2025-12-07,23:00,2,108.58,0,5.16,72.85,2.5,3.44,9.96,0.02
Londres,LON,GB,51.5074,-0.1278,2025-12-08T00:00:00Z,2025-12-08,00:00,2,108.85,0,5.24,73.22,2.55,3.5,9.79,0.03
Londres,LON,GB,51.5074,-0.1278,2025-12-08T01:00:00Z,2025-12-08,01:00,2,108.88,0,5.5,72.77,2.66,3.61,9.44,0.06
Londres,LON,GB,51.5074,-0.1278,2025-12-08T02:00:00Z,2025-12-08,02:00,2,109.21,0,6.24,70.54,2.9,3.86,9.12,0.12
Londres,LON,GB,51.5074,-0.1278,2025-12-08T03:00:00Z,2025-12-08,03:00,2,109.45,0,6.76,68.4,2.96,3.96,8.3,0.18
Londres,LON,GB,51.5074,-0.1278,2025-12-08T04:00:00Z,2025-12-08,04:00,2,109.71,0,7.13,66.58,2.93,3.84,7.31,0.22
Londres,LON,GB,51.5074,-0.1278,2025-12-08T05:00:00Z,2025-12-08,05:00,2,109.35,0,7.26,65.48,2.87,3.52,6.49,0.25
Londres,LON,GB,51.5074,-0.1278,2025-12-08T06:00:00Z,2025-12-08,06:00,2,108.62,0,7.07,65.64,2.77,3.14,5.96,0.28
Londres,LON,GB,51.5074,-0.1278,2025-12-08T07:00:00Z,2025-12-08,07:00,2,108.54,0,6.04,68.48,2.3,2.75,5.08,0.25
Londres,LON,GB,51.5074,-0.1278,2025-12-08T08:00:00Z,2025-12-08,08:00,2,108.58,0,5.1,71.81,1.93,2.59,4.43,0.18
Londres,LON,GB,51.5074,-0.1278,2025-12-08T09:00:00Z,2025-12-08,09:00,2,108.51,0,4.7,73.24,1.78,2.51,4,0.14
Londres,LON,GB,51.5074,-0.1278,2025-12-08T10:00:00Z,2025-12-08,10:00,2,108.17,0.01,4.34,74.44,1.61,2.2,3.36,0.11
Londres,LON,GB,51.5074,-0.1278,2025-12-08T11:00:00Z,2025-12-08,11:00,2,108.46,0.03,4.32,75.16,1.56,1.82,2.81,0.11
Londres,LON,GB,51.5074,-0.1278,2025-12-08T12:00:00Z,2025-12-08,12:00,2,108.75,0.05,4.46,75.48,1.56,1.51,2.43,0.11
Londres,LON,GB,51.5074,-0.1278,2025-12-08T13:00:00Z,2025-12-08,13:00,2,108.41,0.07,4.68,75.42,1.55,1.35,2.2,0.11
Londres,LON,GB,51.5074,-0.1278,2025-12-08T14:00:00Z,2025-12-08,14:00,2,108.18,0.05,5.15,74.98,1.58,1.31,2.12,0.1
Londres,LON,GB,51.5074,-0.1278,2025-12-08T15:00:00Z,2025-12-08,15:00,2,107.95,0.02,5.49,74.86,1.6,1.29,2.08,0.09
Londres,LON,GB,51.5074,-0.1278,2025-12-08T16:00:00Z,2025-12-08,16:00,2,107.62,0,5.76,74.02,1.65,1.23,1.91,0.07
Londres,LON,GB,51.5074,-0.1278,2025-12-08T17:00:00Z,2025-12-08,17:00,2,106.9,0,5.83,72.85,1.66,1.08,1.63,0.07
Londres,LON,GB,51.5074,-0.1278,2025-12-08T18:00:00Z,2025-12-08,18:00,2,106.28,0,5.71,71.13,1.62,0.96,1.42,0.08
Londres,LON,GB,51.5074,-0.1278,2025-12-08T19:00:00Z,2025-12-08,19:00,2,105.99,0,5.38,69.93,1.55,0.94,1.39,0.1
Londres,LON,GB,51.5074,-0.1278,2025-12-08T20:00:00Z,2025-12-08,20:00,2,106.86,0,4.95,70.21,1.44,1.02,1.55,0.11
Londres,LON,GB,51.5074,-0.1278,2025-12-08T21:00:00Z,2025-12-08,21:00,2,108.83,0,4.6,71.44,1.37,1.27,1.93,0.15
Londres,LON,GB,51.5074,-0.1278,2025-12-08T22:00:00Z,2025-12-08,22:00,2,111.19,0,4.48,72.21,1.45,1.6,2.73,0.23
Londres,LON,GB,51.5074,-0.1278,2025-12-08T23:00:00Z,2025-12-08,23:00,2,113.49,0,5.09,70.16,1.82,1.92,3.76,0.37
Londres,LON,GB,51.5074,-0.1278,2025-12-09T00:00:00Z,2025-12-09,00:00,2,115.23,0,5.65,67.16,2.12,2.17,4.53,0.48
Londres,LON,GB,51.5074,-0.1278,2025-12-09T01:00:00Z,2025-12-09,01:00,2,117.75,0,6.11,63.27,2.18,2.31,4.36,0.48
Londres,LON,GB,51.5074,-0.1278,2025-12-09T02:00:00Z,2025-12-09,02:00,1,121.23,0,6.33,59.2,2.07,2.4,4.09,0.43
Londres,LON,GB,51.5074,-0.1278,2025-12-09T03:00:00Z,2025-12-09,03:00,1,124.62,0,6.32,56.95,1.91,2.46,4.08,0.38
Londres,LON,GB,51.5074,-0.1278,2025-12-09T04:00:00Z,2025-12-09,04:00,1,126.64,0,6.01,57.3,1.7,2.44,3.92,0.33
Londres,LON,GB,51.5074,-0.1278,2025-12-09T05:00:00Z,2025-12-09,05:00,1,125,0,5.5,59.15,1.51,2.24,3.45,0.28
Londres,LON,GB,51.5074,-0.1278,2025-12-09T06:00:00Z,2025-12-09,06:00,2,121.35,0,4.95,61.23,1.4,1.99,3.06,0.33
Londres,LON,GB,51.5074,-0.1278,2025-12-09T07:00:00Z,2025-12-09,07:00,2,117.9,0,4.61,63.63,1.4,1.85,3.08,0.49
Londres,LON,GB,51.5074,-0.1278,2025-12-09T08:00:00Z,2025-12-09,08:00,2,116.2,0,4.77,65.09,1.58,1.75,3.26,0.7
Londres,LON,GB,51.5074,-0.1278,2025-12-09T09:00:00Z,2025-12-09,09:00,2,116.51,0.01,5.01,66.16,1.7,1.67,3.33,0.85
Londres,LON,GB,51.5074,-0.1278,2025-12-09T10:00:00Z,2025-12-09,10:00,2,118.92,0.04,5.27,66.05,1.82,1.72,3.69,1
Londres,LON,GB,51.5074,-0.1278,2025-12-09T11:00:00Z,2025-12-09,11:00,2,122.15,0.07,5.49,65.07,1.88,1.89,4.21,1.13
Londres,LON,GB,51.5074,-0.1278,2025-12-09T12:00:00Z,2025-12-09,12:00,2,125.19,0.07,5.75,64.26,1.93,2.11,4.68,1.2
Londres,LON,GB,51.5074,-0.1278,2025-12-09T13:00:00Z,2025-12-09,13:00,2,126.86,0.04,5.88,64.3,1.92,2.23,4.72,1.16
Londres,LON,GB,51.5074,-0.1278,2025-12-09T14:00:00Z,2025-12-09,14:00,2,125.98,0.03,5.69,65.76,1.82,2.17,4.38,0.94
Londres,LON,GB,51.5074,-0.1278,2025-12-09T15:00:00Z,2025-12-09,15:00,2,120.82,0.01,5.04,68.94,1.64,1.9,3.87,0.67
Londres,LON,GB,51.5074,-0.1278,2025-12-09T16:00:00Z,2025-12-09,16:00,2,113.2,0,4.29,72.4,1.39,1.63,3.31,0.39
Londres,LON,GB,51.5074,-0.1278,2025-12-09T17:00:00Z,2025-12-09,17:00,2,108.05,0,4.03,73.82,1.31,1.61,3.22,0.24
Londres,LON,GB,51.5074,-0.1278,2025-12-09T18:00:00Z,2025-12-09,18:00,2,106.26,0,4.04,74.23,1.35,2.06,3.82,0.16
Londres,LON,GB,51.5074,-0.1278,2025-12-09T19:00:00Z,2025-12-09,19:00,2,105.58,0,3.97,75.58,1.49,2.94,5.71,0.13
Londres,LON,GB,51.5074,-0.1278,2025-12-09T20:00:00Z,2025-12-09,20:00,2,106.1,0,3.74,79.94,1.63,3.44,7.77,0.11
Londres,LON,GB,51.5074,-0.1278,2025-12-09T21:00:00Z,2025-12-09,21:00,2,107,0,3.5,85.73,1.69,3.33,8.86,0.09
Londres,LON,GB,51.5074,-0.1278,2025-12-09T22:00:00Z,2025-12-09,22:00,2,107.41,0,3.18,90.33,1.65,2.75,8.49,0.08
Londres,LON,GB,51.5074,-0.1278,2025-12-09T23:00:00Z,2025-12-09,23:00,2,108.18,0,2.91,93.04,1.54,2.12,7.13,0.08
Londres,LON,GB,51.5074,-0.1278,2025-12-10T00:00:00Z,2025-12-10,00:00,2,109.05,0,2.78,94.34,1.46,1.74,5.87,0.09
Londres,LON,GB,51.5074,-0.1278,2025-12-10T01:00:00Z,2025-12-10,01:00,2,109.62,0,2.66,94.12,1.37,1.48,4.66,0.12
Londres,LON,GB,51.5074,-0.1278,2025-12-10T02:00:00Z,2025-12-10,02:00,2,110.36,0,2.61,93.65,1.3,1.27,3.74,0.13
Londres,LON,GB,51.5074,-0.1278,2025-12-10T03:00:00Z,2025-12-10,03:00,2,110.64,0,2.57,92.38,1.26,1.14,3.22,0.13
Londres,LON,GB,51.5074,-0.1278,2025-12-10T04:00:00Z,2025-12-10,04:00,2,110.53,0,2.54,90.06,1.24,1.03,2.81,0.13
Londres,LON,GB,51.5074,-0.1278,2025-12-10T05:00:00Z,2025-12-10,05:00,2,110.86,0,2.58,87.01,1.26,1.02,2.8,0.14
Londres,LON,GB,51.5074,-0.1278,2025-12-10T06:00:00Z,2025-12-10,06:00,2,111.37,0,2.61,83.32,1.29,1.02,2.87,0.14
Londres,LON,GB,51.5074,-0.1278,2025-12-10T07:00:00Z,2025-12-10,07:00,2,112.19,0,2.63,79.97,1.3,1,2.93,0.13
Londres,LON,GB,51.5074,-0.1278,2025-12-10T08:00:00Z,2025-12-10,08:00,2,113.6,0,2.64,76.95,1.31,1,2.95,0.11
Londres,LON,GB,51.5074,-0.1278,2025-12-10T09:00:00Z,2025-12-10,09:00,2,115.11,0,2.63,74.71,1.3,0.98,2.91,0.09
Londres,LON,GB,51.5074,-0.1278,2025-12-10T10:00:00Z,2025-12-10,10:00,2,116.22,0.04,2.6,73.57,1.28,0.94,2.77,0.06
Londres,LON,GB,51.5074,-0.1278,2025-12-10T11:00:00Z,2025-12-10,11:00,2,119.06,0.12,2.48,72.9,1.25,0.92,2.67,0.04
Londres,LON,GB,51.5074,-0.1278,2025-12-10T12:00:00Z,2025-12-10,12:00,2,124.06,0.22,2.31,71.1,1.25,0.95,2.83,0.02
Londres,LON,GB,51.5074,-0.1278,2025-12-10T13:00:00Z,2025-12-10,13:00,2,128.4,0.25,2.19,68.43,1.26,1.01,3.24,0.02
Londres,LON,GB,51.5074,-0.1278,2025-12-10T14:00:00Z,2025-12-10,14:00,2,128.76,0.2,2.23,68.07,1.27,1.06,3.56,0.03
Londres,LON,GB,51.5074,-0.1278,2025-12-10T15:00:00Z,2025-12-10,15:00,2,125.2,0.11,2.41,69.71,1.29,1.08,3.75,0.04
Londres,LON,GB,51.5074,-0.1278,2025-12-10T16:00:00Z,2025-12-10,16:00,2,120.26,0.01,2.62,72.16,1.33,1.1,3.91,0.05
Londres,LON,GB,51.5074,-0.1278,2025-12-10T17:00:00Z,2025-12-10,17:00,2,117.01,0,2.79,73.98,1.42,1.17,4.22,0.06
Londres,LON,GB,51.5074,-0.1278,2025-12-10T18:00:00Z,2025-12-10,18:00,2,115.43,0,3,75.09,1.53,1.28,4.65,0.06
Londres,LON,GB,51.5074,-0.1278,2025-12-10T19:00:00Z,2025-12-10,19:00,2,114.67,0,3.41,75.3,1.75,1.41,5.12,0.06
Londres,LON,GB,51.5074,-0.1278,2025-12-10T20:00:00Z,2025-12-10,20:00,2,115.11,0,4.09,74.94,2.13,1.59,5.7,0.05
Londres,LON,GB,51.5074,-0.1278,2025-12-10T21:00:00Z,2025-12-10,21:00,2,115.45,0,4.52,74.5,2.4,1.72,6.17,0.04
Londres,LON,GB,51.5074,-0.1278,2025-12-10T22:00:00Z,2025-12-10,22:00,2,115.96,0,4.92,73.8,2.68,1.83,6.56,0.04
Londres,LON,GB,51.5074,-0.1278,2025-12-10T23:00:00Z,2025-12-10,23:00,2,116.36,0,5.27,72.86,2.92,1.93,6.86,0.03
Londres,LON,GB,51.5074,-0.1278,2025-12-11T00:00:00Z,2025-12-11,00:00,2,116.86,0,5.3,72.15,2.97,1.96,6.97,0.03
Londres,LON,GB,51.5074,-0.1278,2025-12-11T01:00:00Z,2025-12-11,01:00,2,117.72,0,5.23,71.04,2.95,1.96,6.95,0.05
Londres,LON,GB,51.5074,-0.1278,2025-12-11T02:00:00Z,2025-12-11,02:00,2,120.25,0,5.42,68.55,2.99,2.01,6.94,0.13
Londres,LON,GB,51.5074,-0.1278,2025-12-11T03:00:00Z,2025-12-11,03:00,2,125.21,0,6.14,63.58,3.1,2.2,7.13,0.28
Londres,LON,GB,51.5074,-0.1278,2025-12-11T04:00:00Z,2025-12-11,04:00,1,131.79,0,7.07,57.68,3.14,2.48,7.38,0.49
Londres,LON,GB,51.5074,-0.1278,2025-12-11T05:00:00Z,2025-12-11,05:00,1,136.89,0,7.74,52.68,3.02,2.62,7.19,0.66
Londres,LON,GB,51.5074,-0.1278,2025-12-11T06:00:00Z,2025-12-11,06:00,1,139.18,0,7.77,50.33,2.76,2.55,6.43,0.72
Londres,LON,GB,51.5074,-0.1278,2025-12-11T07:00:00Z,2025-12-11,07:00,1,139.24,0,7.63,49.51,2.71,2.81,5.98,0.64
Londres,LON,GB,51.5074,-0.1278,2025-12-11T08:00:00Z,2025-12-11,08:00,1,139.24,0,7.89,48.65,3.01,3.45,6.26,0.57
Londres,LON,GB,51.5074,-0.1278,2025-12-11T09:00:00Z,2025-12-11,09:00,1,139.6,0.05,8.29,48.12,3.35,4.21,6.92,0.56
Londres,LON,GB,51.5074,-0.1278,2025-12-11T10:00:00Z,2025-12-11,10:00,1,139.9,0.5,8.17,48.81,3.5,5.08,7.72,0.56
Londres,LON,GB,51.5074,-0.1278,2025-12-11T11:00:00Z,2025-12-11,11:00,1,140.96,0.95,7.91,50.44,3.46,5.53,8.07,0.6
Londres,LON,GB,51.5074,-0.1278,2025-12-11T12:00:00Z,2025-12-11,12:00,1,141.46,1.16,7.72,52.79,3.32,5.45,7.85,0.64
Londres,LON,GB,51.5074,-0.1278,2025-12-11T13:00:00Z,2025-12-11,13:00,1,140.59,0.94,7.72,55.79,3.13,4.78,7.04,0.7
Londres,LON,GB,51.5074,-0.1278,2025-12-11T14:00:00Z,2025-12-11,14:00,1,138.43,0.5,7.95,58.65,2.97,3.83,6.04,0.76
Londres,LON,GB,51.5074,-0.1278,2025-12-11T15:00:00Z,2025-12-11,15:00,2,135.91,0.14,8.09,61.41,2.85,3.22,5.44,0.72
Londres,LON,GB,51.5074,-0.1278,2025-12-11T16:00:00Z,2025-12-11,16:00,2,134.29,0.01,7.75,64.12,2.79,2.83,5.13,0.64
Londres,LON,GB,51.5074,-0.1278,2025-12-11T17:00:00Z,2025-12-11,17:00,2,135.52,0,7.7,63.6,2.85,2.82,5.33,0.58
Londres,LON,GB,51.5074,-0.1278,2025-12-11T18:00:00Z,2025-12-11,18:00,2,139.17,0,7.88,61.56,2.82,2.85,5.45,0.53
Londres,LON,GB,51.5074,-0.1278,2025-12-11T19:00:00Z,2025-12-11,19:00,1,144.35,0,8.11,58.99,2.56,2.76,4.77,0.42
Londres,LON,GB,51.5074,-0.1278,2025-12-11T20:00:00Z,2025-12-11,20:00,1,149.57,0,8.44,55.79,2.28,2.55,3.86,0.3
Londres,LON,GB,51.5074,-0.1278,2025-12-11T21:00:00Z,2025-12-11,21:00,1,153.3,0,8.69,52.99,2.13,2.34,3.28,0.22
Londres,LON,GB,51.5074,-0.1278,2025-12-11T22:00:00Z,2025-12-11,22:00,1,155.72,0,8.75,50.95,2.09,2.1,2.89,0.19
Londres,LON,GB,51.5074,-0.1278,2025-12-11T23:00:00Z,2025-12-11,23:00,1,156.25,0,8.58,49.66,2.07,1.78,2.56,0.19
Londres,LON,GB,51.5074,-0.1278,2025-12-12T00:00:00Z,2025-12-12,00:00,1,155.67,0,8.3,48.46,2.04,1.47,2.27,0.23
Londres,LON,GB,51.5074,-0.1278,2025-12-12T01:00:00Z,2025-12-12,01:00,1,154.47,0,7.96,47.36,2.05,1.22,2.17,0.32
Londres,LON,GB,51.5074,-0.1278,2025-12-12T02:00:00Z,2025-12-12,02:00,1,152.29,0,7.51,46.44,2.03,1.13,2.2,0.44
Londres,LON,GB,51.5074,-0.1278,2025-12-12T03:00:00Z,2025-12-12,03:00,1,148.99,0,6.81,47.03,1.95,1.25,2.4,0.56
Londres,LON,GB,51.5074,-0.1278,2025-12-12T04:00:00Z,2025-12-12,04:00,1,147.59,0,6.37,47.8,1.99,1.52,2.73,0.63
Londres,LON,GB,51.5074,-0.1278,2025-12-12T05:00:00Z,2025-12-12,05:00,1,148.09,0,6.47,46.74,2.15,1.84,3.17,0.67
Londres,LON,GB,51.5074,-0.1278,2025-12-12T06:00:00Z,2025-12-12,06:00,1,149.88,0,6.7,44.93,2.27,2.14,3.54,0.67
Londres,LON,GB,51.5074,-0.1278,2025-12-12T07:00:00Z,2025-12-12,07:00,1,151.92,0,6.92,43.58,2.26,2.42,3.82,0.65
Londres,LON,GB,51.5074,-0.1278,2025-12-12T08:00:00Z,2025-12-12,08:00,1,152.33,0,6.95,44.66,2.16,2.75,4.18,0.6
Londres,LON,GB,51.5074,-0.1278,2025-12-12T09:00:00Z,2025-12-12,09:00,1,149.03,0.01,6.74,48.9,2.01,2.87,4.34,0.56
Londres,LON,GB,51.5074,-0.1278,2025-12-12T10:00:00Z,2025-12-12,10:00,1,142.05,0.07,6.36,55.62,1.88,2.67,4.21,0.48
Londres,LON,GB,51.5074,-0.1278,2025-12-12T11:00:00Z,2025-12-12,11:00,2,133.32,0.14,6.56,61.64,2.16,2.39,4.25,0.38
Londres,LON,GB,51.5074,-0.1278,2025-12-12T12:00:00Z,2025-12-12,12:00,2,123.84,0.18,6.83,67.28,2.54,1.98,4.16,0.26
Londres,LON,GB,51.5074,-0.1278,2025-12-12T13:00:00Z,2025-12-12,13:00,2,119.23,0.31,7.09,68.48,2.86,1.65,3.81,0.25
Londres,LON,GB,51.5074,-0.1278,2025-12-12T14:00:00Z,2025-12-12,14:00,2,120.62,0.25,7.69,67.62,2.95,1.36,3.06,0.32
Londres,LON,GB,51.5074,-0.1278,2025-12-12T15:00:00Z,2025-12-12,15:00,2,123.05,0.12,8.31,68.44,2.99,1.15,2.47,0.42
Londres,LON,GB,51.5074,-0.1278,2025-12-12T16:00:00Z,2025-12-12,16:00,2,124.83,0.01,8.9,68.87,3.15,1.05,2.27,0.51
Londres,LON,GB,51.5074,-0.1278,2025-12-12T17:00:00Z,2025-12-12,17:00,2,126.71,0,9.54,68.98,3.46,1.06,2.26,0.55
Londres,LON,GB,51.5074,-0.1278,2025-12-12T18:00:00Z,2025-12-12,18:00,2,127.94,0,10.21,68.36,3.79,1.1,2.32,0.54
Londres,LON,GB,51.5074,-0.1278,2025-12-12T19:00:00Z,2025-12-12,19:00,2,128.2,0,11,66.91,4.2,1.18,2.44,0.52
Londres,LON,GB,51.5074,-0.1278,2025-12-12T20:00:00Z,2025-12-12,20:00,2,128.33,0,11.93,65.61,4.65,1.32,2.66,0.48
Londres,LON,GB,51.5074,-0.1278,2025-12-12T21:00:00Z,2025-12-12,21:00,2,127.61,0,12.28,64.95,4.85,1.45,2.84,0.41
Londres,LON,GB,51.5074,-0.1278,2025-12-12T22:00:00Z,2025-12-12,22:00,2,125.25,0,11.44,65.97,4.58,1.46,2.79,0.32
Londres,LON,GB,51.5074,-0.1278,2025-12-12T23:00:00Z,2025-12-12,23:00,2,123.43,0,10.26,67.78,4.28,1.41,2.64,0.24
Londres,LON,GB,51.5074,-0.1278,2025-12-13T00:00:00Z,2025-12-13,00:00,2,121.69,0,9.22,69.11,4.07,1.36,2.48,0.19
Londres,LON,GB,51.5074,-0.1278,2025-12-13T01:00:00Z,2025-12-13,01:00,2,118.04,0,6.38,73.82,2.97,0.98,1.83,0.14
Londres,LON,GB,51.5074,-0.1278,2025-12-13T02:00:00Z,2025-12-13,02:00,2,116.43,0,5.17,75.84,2.51,0.75,1.4,0.11
Londres,LON,GB,51.5074,-0.1278,2025-12-13T03:00:00Z,2025-12-13,03:00,2,116.05,0,5.01,75.84,2.49,0.68,1.26,0.11
Londres,LON,GB,51.5074,-0.1278,2025-12-13T04:00:00Z,2025-12-13,04:00,2,115.9,0,5,75.7,2.53,0.65,1.18,0.11
Londres,LON,GB,51.5074,-0.1278,2025-12-13T05:00:00Z,2025-12-13,05:00,2,115.89,0,4.95,75.68,2.57,0.62,1.12,0.11
Londres,LON,GB,51.5074,-0.1278,2025-12-13T06:00:00Z,2025-12-13,06:00,2,115.98,0,4.89,75.97,2.61,0.6,1.08,0.1
Londres,LON,GB,51.5074,-0.1278,2025-12-13T07:00:00Z,2025-12-13,07:00,2,116.25,0,6.41,73.51,3.23,0.63,1.14,0.11
Londres,LON,GB,51.5074,-0.1278,2025-12-13T08:00:00Z,2025-12-13,08:00,2,117.19,0,8.94,69.79,3.99,0.76,1.27,0.11
Londres,LON,GB,51.5074,-0.1278,2025-12-13T09:00:00Z,2025-12-13,09:00,2,118.03,0.05,11.22,67.04,4.42,0.9,1.41,0.11
Londres,LON,GB,51.5074,-0.1278,2025-12-13T10:00:00Z,2025-12-13,10:00,2,118.2,0.7,12.28,66.01,4.69,1.03,1.54,0.09
Londres,LON,GB,51.5074,-0.1278,2025-12-13T11:00:00Z,2025-12-13,11:00,2,118.36,1.59,12.65,65.29,5.15,1.18,1.71,0.08
Londres,LON,GB,51.5074,-0.1278,2025-12-13T12:00:00Z,2025-12-13,12:00,2,118.53,2.28,13.2,64.34,5.72,1.36,1.93,0.08
Londres,LON,GB,51.5074,-0.1278,2025-12-13T13:00:00Z,2025-12-13,13:00,2,119.07,2.12,14.99,62.17,6.34,1.58,2.21,0.08
Londres,LON,GB,51.5074,-0.1278,2025-12-13T14:00:00Z,2025-12-13,14:00,2,119.06,1.42,16.58,60.01,6.68,1.78,2.5,0.09
Londres,LON,GB,51.5074,-0.1278,2025-12-13T15:00:00Z,2025-12-13,15:00,1,118.76,0.51,16.95,59.15,6.69,1.86,2.7,0.09
Londres,LON,GB,51.5074,-0.1278,2025-12-13T16:00:00Z,2025-12-13,16:00,2,116.64,0.02,9.61,69.42,4.98,1.43,2.31,0.03
Londres,LON,GB,51.5074,-0.1278,2025-12-13T17:00:00Z,2025-12-13,17:00,2,116.54,0,8.06,70.64,4.55,1.4,2.36,0.03
Londres,LON,GB,51.5074,-0.1278,2025-12-13T18:00:00Z,2025-12-13,18:00,2,116.82,0,7.51,70.96,4.38,1.45,2.5,0.03
Londres,LON,GB,51.5074,-0.1278,2025-12-13T19:00:00Z,2025-12-13,19:00,2,117.11,0,7.16,70.96,4.26,1.53,2.69,0.04
Londres,LON,GB,51.5074,-0.1278,2025-12-13T20:00:00Z,2025-12-13,20:00,2,117.58,0,6.97,70.72,4.17,1.65,2.92,0.07
Londres,LON,GB,51.5074,-0.1278,2025-12-13T21:00:00Z,2025-12-13,21:00,2,118.24,0,6.73,70.39,4.06,1.74,3.12,0.12
Londres,LON,GB,51.5074,-0.1278,2025-12-13T22:00:00Z,2025-12-13,22:00,2,118.71,0,6.48,70.64,3.99,1.82,3.28,0.17
Londres,LON,GB,51.5074,-0.1278,2025-12-13T23:00:00Z,2025-12-13,23:00,2,119.47,0,6.42,70.56,4.04,1.94,3.52,0.21
Londres,LON,GB,51.5074,-0.1278,2025-12-14T00:00:00Z,2025-12-14,00:00,2,120.71,0,6.46,70.32,4.07,2.18,3.87,0.24
Londres,LON,GB,51.5074,-0.1278,2025-12-14T01:00:00Z,2025-12-14,01:00,2,122.1,0,6.68,69.58,4.05,2.55,4.37,0.27
Londres,LON,GB,51.5074,-0.1278,2025-12-14T02:00:00Z,2025-12-14,02:00,2,123.66,0,7.07,67.7,4.01,3,4.97,0.31
Londres,LON,GB,51.5074,-0.1278,2025-12-14T03:00:00Z,2025-12-14,03:00,2,125.04,0,7.32,65.74,3.89,3.66,5.76,0.35
Londres,LON,GB,51.5074,-0.1278,2025-12-14T04:00:00Z,2025-12-14,04:00,2,126.49,0,7.39,63.78,3.72,4.71,6.89,0.37
Londres,LON,GB,51.5074,-0.1278,2025-12-14T05:00:00Z,2025-12-14,05:00,2,128.98,0,7.44,61.33,3.49,5.8,8.01,0.42
Londres,LON,GB,51.5074,-0.1278,2025-12-14T06:00:00Z,2025-12-14,06:00,1,133.53,0,7.57,58.11,3.25,6.62,8.85,0.47
Londres,LON,GB,51.5074,-0.1278,2025-12-14T07:00:00Z,2025-12-14,07:00,1,137.82,0,6.99,56.85,2.81,6.03,8.15,0.5
Londres,LON,GB,51.5074,-0.1278,2025-12-14T08:00:00Z,2025-12-14,08:00,1,140.43,0,6.1,57.81,2.38,4.63,6.55,0.51
Londres,LON,GB,51.5074,-0.1278,2025-12-14T09:00:00Z,2025-12-14,09:00,1,141.83,0,5.61,59.45,2.19,3.84,5.64,0.53
Londres,LON,GB,51.5074,-0.1278,2025-12-14T10:00:00Z,2025-12-14,10:00,2,141.91,0.05,5.36,61.91,2.11,3.48,5.19,0.55
Londres,LON,GB,51.5074,-0.1278,2025-12-14T11:00:00Z,2025-12-14,11:00,2,141.61,0.11,5.28,63.92,2.08,3.44,5.04,0.58
Londres,LON,GB,51.5074,-0.1278,2025-12-14T12:00:00Z,2025-12-14,12:00,2,141.89,0.16,5.4,64.64,2.08,3.61,5.14,0.58
Londres,LON,GB,51.5074,-0.1278,2025-12-14T13:00:00Z,2025-12-14,13:00,2,142.72,0.17,5.65,64.59,2.08,3.35,4.86,0.66
Londres,LON,GB,51.5074,-0.1278,2025-12-14T14:00:00Z,2025-12-14,14:00,2,142.9,0.13,5.86,64.34,2.06,3.16,4.64,0.67
Londres,LON,GB,51.5074,-0.1278,2025-12-14T15:00:00Z,2025-12-14,15:00,2,141.59,0.05,5.77,64.74,1.99,2.87,4.25,0.66
Londres,LON,GB,51.5074,-0.1278,2025-12-14T16:00:00Z,2025-12-14,16:00,2,139.99,0.01,5.33,65.45,1.86,2.49,3.71,0.65
Londres,LON,GB,51.5074,-0.1278,2025-12-14T17:00:00Z,2025-12-14,17:00,2,137.47,0,4.76,65.68,1.69,2.13,3.17,0.65
Londres,LON,GB,51.5074,-0.1278,2025-12-14T18:00:00Z,2025-12-14,18:00,2,135.7,0,4.42,65.12,1.58,1.92,2.85,0.7
Londres,LON,GB,51.5074,-0.1278,2025-12-14T19:00:00Z,2025-12-14,19:00,2,135.04,0,4.44,64.63,1.62,1.83,2.78,0.77
Londres,LON,GB,51.5074,-0.1278,2025-12-14T20:00:00Z,2025-12-14,20:00,2,134.54,0,4.81,63.77,1.79,1.9,3.04,0.83
Londres,LON,GB,51.5074,-0.1278,2025-12-14T21:00:00Z,2025-12-14,21:00,2,133.49,0,5.02,64,1.89,2.04,3.43,0.81
Londres,LON,GB,51.5074,-0.1278,2025-12-14T22:00:00Z,2025-12-14,22:00,2,133.03,0,5.09,64.64,1.88,2.33,4.04,0.8
Londres,LON,GB,51.5074,-0.1278,2025-12-14T23:00:00Z,2025-12-14,23:00,2,132.97,0,5.05,65.14,1.81,2.89,4.88,0.79
Londres,LON,GB,51.5074,-0.1278,2025-12-15T00:00:00Z,2025-12-15,00:00,2,133.67,0,4.99,65,1.75,3.64,5.85,0.75
Londres,LON,GB,51.5074,-0.1278,2025-12-15T01:00:00Z,2025-12-15,01:00,2,134.71,0,4.95,64.41,1.64,4.14,6.13,0.64
Londres,LON,GB,51.5074,-0.1278,2025-12-15T02:00:00Z,2025-12-15,02:00,2,138.24,0,5.16,62.24,1.49,4.64,6.45,0.59
Londres,LON,GB,51.5074,-0.1278,2025-12-15T03:00:00Z,2025-12-15,03:00,1,141.66,0,5.31,59.88,1.38,5.41,7.17,0.56
Londres,LON,GB,51.5074,-0.1278,2025-12-15T04:00:00Z,2025-12-15,04:00,1,142.5,0,5.15,59.36,1.31,5.65,7.45,0.56
Londres,LON,GB,51.5074,-0.1278,2025-12-15T05:00:00Z,2025-12-15,05:00,1,141.14,0,4.86,59.69,1.3,5.37,7.31,0.59
Londres,LON,GB,51.5074,-0.1278,2025-12-15T06:00:00Z,2025-12-15,06:00,1,140.05,0,4.6,59.78,1.29,4.74,6.82,0.62
Londres,LON,GB,51.5074,-0.1278,2025-12-15T07:00:00Z,2025-12-15,07:00,2,139.57,0,4.33,60.33,1.3,4.3,6.68,0.66
Londres,LON,GB,51.5074,-0.1278,2025-12-15T08:00:00Z,2025-12-15,08:00,2,140.43,0,4.21,60.1,1.34,4.47,7.19,0.69
Londres,LON,GB,51.5074,-0.1278,2025-12-15T09:00:00Z,2025-12-15,09:00,1,141.65,0,4.18,59.76,1.37,4.74,7.72,0.71
Londres,LON,GB,51.5074,-0.1278,2025-12-15T10:00:00Z,2025-12-15,10:00,2,142.71,0.02,4.24,60.25,1.4,4.91,8.2,0.74
Londres,LON,GB,51.5074,-0.1278,2025-12-15T11:00:00Z,2025-12-15,11:00,2,143.04,0.05,4.36,61.07,1.43,4.97,8.51,0.75
Londres,LON,GB,51.5074,-0.1278,2025-12-15T12:00:00Z,2025-12-15,12:00,2,143.19,0.08,4.48,62.16,1.48,4.99,8.62,0.74
Londres,LON,GB,51.5074,-0.1278,2025-12-15T13:00:00Z,2025-12-15,13:00,2,143.81,0.1,4.64,63.06,1.57,5.01,8.83,0.74
Londres,LON,GB,51.5074,-0.1278,2025-12-15T14:00:00Z,2025-12-15,14:00,2,145.07,0.13,4.88,63.2,1.67,5.01,8.81,0.75
Londres,LON,GB,51.5074,-0.1278,2025-12-15T15:00:00Z,2025-12-15,15:00,2,146.7,0.1,5.18,62.36,1.74,4.91,8.45,0.76
Londres,LON,GB,51.5074,-0.1278,2025-12-15T16:00:00Z,2025-12-15,16:00,2,148.37,0.02,5.48,61.66,1.82,4.75,7.96,0.8
Londres,LON,GB,51.5074,-0.1278,2025-12-15T17:00:00Z,2025-12-15,17:00,2,148.07,0,5.66,61.33,1.91,4.59,7.43,0.87
Londres,LON,GB,51.5074,-0.1278,2025-12-15T18:00:00Z,2025-12-15,18:00,2,146.86,0,5.81,62.15,1.95,4.41,6.88,0.95
Londres,LON,GB,51.5074,-0.1278,2025-12-15T19:00:00Z,2025-12-15,19:00,2,145.18,0,5.93,63.56,1.97,4.2,6.33,0.97
Londres,LON,GB,51.5074,-0.1278,2025-12-15T20:00:00Z,2025-12-15,20:00,2,144.67,0,6.13,63.57,1.95,4.02,5.91,0.93
Londres,LON,GB,51.5074,-0.1278,2025-12-15T21:00:00Z,2025-12-15,21:00,2,144.53,0,6.14,63.44,1.91,3.72,5.52,0.82
Londres,LON,GB,51.5074,-0.1278,2025-12-15T22:00:00Z,2025-12-15,22:00,2,144.2,0,5.83,63.45,1.73,3.3,4.81,0.63
Londres,LON,GB,51.5074,-0.1278,2025-12-15T23:00:00Z,2025-12-15,23:00,2,143.5,0,5.3,64.73,1.54,2.95,4.32,0.48
Londres,LON,GB,51.5074,-0.1278,2025-12-16T00:00:00Z,2025-12-16,00:00,2,140.87,0,4.8,66.71,1.41,2.75,4.07,0.4
Londres,LON,GB,51.5074,-0.1278,2025-12-16T01:00:00Z,2025-12-16,01:00,2,138.59,0,5.07,67.19,1.69,2.81,4.61,0.41
Londres,LON,GB,51.5074,-0.1278,2025-12-16T02:00:00Z,2025-12-16,02:00,2,138.23,0,6.02,65.23,2.23,3.02,5.5,0.45
Londres,LON,GB,51.5074,-0.1278,2025-12-16T03:00:00Z,2025-12-16,03:00,2,138.41,0,6.69,62.71,2.53,3.15,5.95,0.49
Londres,LON,GB,51.5074,-0.1278,2025-12-16T04:00:00Z,2025-12-16,04:00,2,139.55,0,7.15,60.12,2.7,3.23,6.15,0.53
Londres,LON,GB,51.5074,-0.1278,2025-12-16T05:00:00Z,2025-12-16,05:00,1,140.54,0,7.4,58.18,2.75,3.25,6.16,0.55
Londres,LON,GB,51.5074,-0.1278,2025-12-16T06:00:00Z,2025-12-16,06:00,1,140.8,0,7.46,57.19,2.75,3.2,5.99,0.55
Londres,LON,GB,51.5074,-0.1278,2025-12-16T07:00:00Z,2025-12-16,07:00,1,139.59,0,7.41,56.67,2.7,3.09,5.6,0.49
Londres,LON,GB,51.5074,-0.1278,2025-12-16T08:00:00Z,2025-12-16,08:00,1,138.94,0,7.61,55.99,2.77,3.01,5.32,0.45
Londres,LON,GB,51.5074,-0.1278,2025-12-16T09:00:00Z,2025-12-16,09:00,1,138.29,0.01,7.93,55.08,2.83,2.92,5.04,0.43
Londres,LON,GB,51.5074,-0.1278,2025-12-16T10:00:00Z,2025-12-16,10:00,1,136.84,0.07,8.52,54.02,2.96,2.79,4.8,0.42
Londres,LON,GB,51.5074,-0.1278,2025-12-16T11:00:00Z,2025-12-16,11:00,1,135.7,0.2,9.79,52.02,3.39,2.73,4.75,0.41
Londres,LON,GB,51.5074,-0.1278,2025-12-16T12:00:00Z,2025-12-16,12:00,1,134.56,0.37,11.38,49.86,3.95,2.64,4.65,0.37
Londres,LON,GB,51.5074,-0.1278,2025-12-16T13:00:00Z,2025-12-16,13:00,1,133.6,0.4,13.84,46.5,4.72,2.56,4.47,0.32
Londres,LON,GB,51.5074,-0.1278,2025-12-16T14:00:00Z,2025-12-16,14:00,1,135.51,0.37,17.38,41.63,5.67,2.63,4.44,0.26
Londres,LON,GB,51.5074,-0.1278,2025-12-16T15:00:00Z,2025-12-16,15:00,1,139.38,0.23,21.34,36.47,6.46,2.85,4.52,0.24
Londres,LON,GB,51.5074,-0.1278,2025-12-16T16:00:00Z,2025-12-16,16:00,1,142.67,0.03,23.59,33.74,6.47,3,4.51,0.24
Londres,LON,GB,51.5074,-0.1278,2025-12-16T17:00:00Z,2025-12-16,17:00,1,145.28,0,23.81,34.13,6.04,3.02,4.48,0.26
Londres,LON,GB,51.5074,-0.1278,2025-12-16T18:00:00Z,2025-12-16,18:00,1,148.47,0,23.74,35.19,5.67,3.05,4.58,0.28
Londres,LON,GB,51.5074,-0.1278,2025-12-16T19:00:00Z,2025-12-16,19:00,1,150.05,0,23.73,35.82,5.48,3.13,4.83,0.31
Londres,LON,GB,51.5074,-0.1278,2025-12-16T20:00:00Z,2025-12-16,20:00,1,151.44,0,24.06,36.28,5.72,3.27,5.19,0.33
Londres,LON,GB,51.5074,-0.1278,2025-12-16T21:00:00Z,2025-12-16,21:00,1,151.04,0,23.72,37.35,5.96,3.4,5.53,0.35
Londres,LON,GB,51.5074,-0.1278,2025-12-16T22:00:00Z,2025-12-16,22:00,1,149.77,0,23.27,37.81,6.19,3.82,6.1,0.29
Londres,LON,GB,51.5074,-0.1278,2025-12-16T23:00:00Z,2025-12-16,23:00,1,149.79,0,23.69,37.18,6.66,4.36,6.79,0.25
Londres,LON,GB,51.5074,-0.1278,2025-12-17T00:00:00Z,2025-12-17,00:00,1,149.34,0,23.9,36.75,7.11,4.79,7.31,0.22
Londres,LON,GB,51.5074,-0.1278,2025-12-17T01:00:00Z,2025-12-17,01:00,1,147.96,0,23.88,36.13,7.52,5.08,7.62,0.2
Londres,LON,GB,51.5074,-0.1278,2025-12-17T02:00:00Z,2025-12-17,02:00,1,146.88,0,24.06,35.5,8.15,5.32,7.84,0.18
Londres,LON,GB,51.5074,-0.1278,2025-12-17T03:00:00Z,2025-12-17,03:00,1,145.7,0,24.26,34.74,8.8,5.5,7.98,0.17
Londres,LON,GB,51.5074,-0.1278,2025-12-17T04:00:00Z,2025-12-17,04:00,1,143.96,0,24.23,34.33,9.33,5.43,7.79,0.17
Londres,LON,GB,51.5074,-0.1278,2025-12-17T05:00:00Z,2025-12-17,05:00,1,141.74,0,23.59,34.65,9.5,4.94,7.12,0.21
Londres,LON,GB,51.5074,-0.1278,2025-12-17T06:00:00Z,2025-12-17,06:00,1,139.24,0,21.67,36.56,9.04,4.2,6.13,0.24
Londres,LON,GB,51.5074,-0.1278,2025-12-17T07:00:00Z,2025-12-17,07:00,1,135.16,0,16.86,43.42,7.3,2.9,4.48,0.27
Londres,LON,GB,51.5074,-0.1278,2025-12-17T08:00:00Z,2025-12-17,08:00,1,129.98,0,11.3,52.33,5.28,1.76,3.08,0.25
Londres,LON,GB,51.5074,-0.1278,2025-12-17T09:00:00Z,2025-12-17,09:00,1,125.19,0,7.55,59.51,3.93,1.21,2.53,0.21
Londres,LON,GB,51.5074,-0.1278,2025-12-17T10:00:00Z,2025-12-17,10:00,2,122.71,0.02,5.55,65.21,3.07,1.06,2.6,0.2
Londres,LON,GB,51.5074,-0.1278,2025-12-17T11:00:00Z,2025-12-17,11:00,2,121.59,0.05,5.04,67.53,2.76,1.16,3.02,0.23
Londres,LON,GB,51.5074,-0.1278,2025-12-17T12:00:00Z,2025-12-17,12:00,2,121.97,0.08,5.06,67.93,2.63,1.39,3.57,0.27
Londres,LON,GB,51.5074,-0.1278,2025-12-17T13:00:00Z,2025-12-17,13:00,2,122.79,0.07,5.32,67.6,2.5,1.63,4.12,0.31
Londres,LON,GB,51.5074,-0.1278,2025-12-17T14:00:00Z,2025-12-17,14:00,2,123.76,0.05,5.63,66.85,2.34,1.83,4.54,0.36
Londres,LON,GB,51.5074,-0.1278,2025-12-17T15:00:00Z,2025-12-17,15:00,2,124.83,0.02,5.67,66.34,2.1,1.9,4.71,0.4
Londres,LON,GB,51.5074,-0.1278,2025-12-17T16:00:00Z,2025-12-17,16:00,2,126.06,0,5.48,65.98,1.89,1.9,4.78,0.46
Londres,LON,GB,51.5074,-0.1278,2025-12-17T17:00:00Z,2025-12-17,17:00,2,128.1,0,5.28,65.13,1.78,1.97,4.99,0.57
Londres,LON,GB,51.5074,-0.1278,2025-12-17T18:00:00Z,2025-12-17,18:00,2,131.25,0,5.38,63.56,1.83,2.18,5.3,0.68
Londres,LON,GB,51.5074,-0.1278,2025-12-17T19:00:00Z,2025-12-17,19:00,2,132.19,0,5.34,63.59,1.82,2.23,4.8,0.64
Londres,LON,GB,51.5074,-0.1278,2025-12-17T20:00:00Z,2025-12-17,20:00,2,130.63,0,5.05,64.84,1.7,2.11,4.13,0.5
Londres,LON,GB,51.5074,-0.1278,2025-12-17T21:00:00Z,2025-12-17,21:00,2,128.52,0,4.66,66.4,1.57,1.94,3.72,0.4
Londres,LON,GB,51.5074,-0.1278,2025-12-17T22:00:00Z,2025-12-17,22:00,2,126.02,0,4.19,68.11,1.37,1.72,3.03,0.29
Londres,LON,GB,51.5074,-0.1278,2025-12-17T23:00:00Z,2025-12-17,23:00,2,123.59,0,3.75,69.96,1.19,1.51,2.53,0.23
Londres,LON,GB,51.5074,-0.1278,2025-12-18T00:00:00Z,2025-12-18,00:00,2,121.82,0,3.39,71.49,1.11,1.35,2.31,0.21
Londres,LON,GB,51.5074,-0.1278,2025-12-18T01:00:00Z,2025-12-18,01:00,2,121.26,0,3.14,72.55,1.05,1.26,2.16,0.21
Londres,LON,GB,51.5074,-0.1278,2025-12-18T02:00:00Z,2025-12-18,02:00,2,121.18,0,3.03,72.5,1.01,1.22,2.02,0.18
Londres,LON,GB,51.5074,-0.1278,2025-12-18T03:00:00Z,2025-12-18,03:00,2,121.18,0,3.05,71.65,1,1.21,1.91,0.14
Londres,LON,GB,51.5074,-0.1278,2025-12-18T04:00:00Z,2025-12-18,04:00,2,121.58,0,3.14,70.9,1.07,1.31,2.06,0.14
Londres,LON,GB,51.5074,-0.1278,2025-12-18T05:00:00Z,2025-12-18,05:00,2,122.08,0,3.3,70,1.17,1.41,2.18,0.15
Londres,LON,GB,51.5074,-0.1278,2025-12-18T06:00:00Z,2025-12-18,06:00,2,122.77,0,3.47,68.86,1.22,1.47,2.2,0.15
Londres,LON,GB,51.5074,-0.1278,2025-12-18T07:00:00Z,2025-12-18,07:00,2,124.17,0,3.63,67.23,1.27,1.57,2.34,0.17
Londres,LON,GB,51.5074,-0.1278,2025-12-18T08:00:00Z,2025-12-18,08:00,2,125.64,0,3.77,65.36,1.32,1.69,2.62,0.21
Londres,LON,GB,51.5074,-0.1278,2025-12-18T09:00:00Z,2025-12-18,09:00,2,127.01,0,3.89,63.65,1.34,1.82,2.84,0.22
Londres,LON,GB,51.5074,-0.1278,2025-12-18T10:00:00Z,2025-12-18,10:00,2,127.99,0.01,3.94,62.95,1.26,1.85,2.75,0.19
Londres,LON,GB,51.5074,-0.1278,2025-12-18T11:00:00Z,2025-12-18,11:00,2,127.74,0.01,3.9,64.13,1.12,1.8,2.62,0.15
Londres,LON,GB,51.5074,-0.1278,2025-12-18T12:00:00Z,2025-12-18,12:00,2,126.48,0.02,3.85,66.97,1.07,1.78,2.7,0.16
Londres,LON,GB,51.5074,-0.1278,2025-12-18T13:00:00Z,2025-12-18,13:00,2,124.64,0.02,3.64,71.75,1.02,1.67,2.64,0.17
Londres,LON,GB,51.5074,-0.1278,2025-12-18T14:00:00Z,2025-12-18,14:00,2,122.67,0.02,3.39,74.99,0.97,1.5,2.42,0.16
Londres,LON,GB,51.5074,-0.1278,2025-12-18T15:00:00Z,2025-12-18,15:00,2,123.27,0.01,3.21,74.78,0.88,1.3,2.21,0.15
Londres,LON,GB,51.5074,-0.1278,2025-12-18T16:00:00Z,2025-12-18,16:00,2,124.58,0,3.09,73.64,0.83,1.24,2.21,0.14
Londres,LON,GB,51.5074,-0.1278,2025-12-18T17:00:00Z,2025-12-18,17:00,2,123.78,0,3.18,72.38,0.85,1.3,2.17,0.11
Londres,LON,GB,51.5074,-0.1278,2025-12-18T18:00:00Z,2025-12-18,18:00,2,123.06,0,3.58,71.42,0.95,1.51,2.28,0.09
Londres,LON,GB,51.5074,-0.1278,2025-12-18T19:00:00Z,2025-12-18,19:00,2,120.54,0,3.88,71.97,1.1,1.66,2.45,0.08
Londres,LON,GB,51.5074,-0.1278,2025-12-18T20:00:00Z,2025-12-18,20:00,2,118.31,0,3.93,74.19,1.2,1.57,2.39,0.07
Londres,LON,GB,51.5074,-0.1278,2025-12-18T21:00:00Z,2025-12-18,21:00,2,115.9,0,3.81,76.41,1.22,1.44,2.2,0.07
Londres,LON,GB,51.5074,-0.1278,2025-12-18T22:00:00Z,2025-12-18,22:00,2,113.56,0,3.57,78.56,1.16,1.24,1.82,0.05
Londres,LON,GB,51.5074,-0.1278,2025-12-18T23:00:00Z,2025-12-18,23:00,2,111.76,0,3.28,81.89,1.09,1.03,1.49,0.03
Londres,LON,GB,51.5074,-0.1278,2025-12-19T00:00:00Z,2025-12-19,00:00,2,110.6,0,2.94,85.15,1.04,0.86,1.25,0.02
Londres,LON,GB,51.5074,-0.1278,2025-12-19T01:00:00Z,2025-12-19,01:00,2,111.06,0,2.54,87.27,1.02,0.72,1.17,0.02
Londres,LON,GB,51.5074,-0.1278,2025-12-19T02:00:00Z,2025-12-19,02:00,2,113.5,0,2.25,87.21,1.05,0.6,1.2,0.03
Londres,LON,GB,51.5074,-0.1278,2025-12-19T03:00:00Z,2025-12-19,03:00,2,116.32,0,2.12,85.47,1.07,0.5,1.27,0.04
Londres,LON,GB,51.5074,-0.1278,2025-12-19T04:00:00Z,2025-12-19,04:00,2,116.95,0,2.05,83.28,1.06,0.5,1.4,0.05
Londres,LON,GB,51.5074,-0.1278,2025-12-19T05:00:00Z,2025-12-19,05:00,2,117.23,0,2.04,83.67,1.06,0.5,1.55,0.06
Londres,LON,GB,51.5074,-0.1278,2025-12-19T06:00:00Z,2025-12-19,06:00,2,116.68,0,2.03,86.29,1.06,0.5,1.69,0.05
Londres,LON,GB,51.5074,-0.1278,2025-12-19T07:00:00Z,2025-12-19,07:00,2,115.99,0,2,88.89,1.06,0.5,1.76,0.04
Londres,LON,GB,51.5074,-0.1278,2025-12-19T08:00:00Z,2025-12-19,08:00,2,115.82,0,1.96,90.1,1.04,0.51,1.71,0.03
Londres,LON,GB,51.5074,-0.1278,2025-12-19T09:00:00Z,2025-12-19,09:00,2,115.93,0,1.95,89.95,1.02,0.51,1.63,0.03
Londres,LON,GB,51.5074,-0.1278,2025-12-19T10:00:00Z,2025-12-19,10:00,2,116.05,0.02,1.96,89.33,1.02,0.51,1.57,0.02
Londres,LON,GB,51.5074,-0.1278,2025-12-19T11:00:00Z,2025-12-19,11:00,2,116.27,0.07,1.94,88.72,1.04,0.51,1.55,0.02
Londres,LON,GB,51.5074,-0.1278,2025-12-19T12:00:00Z,2025-12-19,12:00,2,116.21,0.11,1.91,88.11,1.06,0.51,1.56,0.02
Londres,LON,GB,51.5074,-0.1278,2025-12-19T13:00:00Z,2025-12-19,13:00,2,116.14,0.13,1.91,87.57,1.08,0.52,1.6,0.02
Londres,LON,GB,51.5074,-0.1278,2025-12-19T14:00:00Z,2025-12-19,14:00,2,116.35,0.11,1.96,86.94,1.09,0.52,1.61,0.02
Londres,LON,GB,51.5074,-0.1278,2025-12-19T15:00:00Z,2025-12-19,15:00,2,116.55,0.07,2.07,86.08,1.1,0.52,1.6,0.02
Londres,LON,GB,51.5074,-0.1278,2025-12-19T16:00:00Z,2025-12-19,16:00,2,116.85,0.01,2.19,85.13,1.14,0.51,1.57,0.02
Londres,LON,GB,51.5074,-0.1278,2025-12-19T17:00:00Z,2025-12-19,17:00,2,117.15,0,2.27,84.42,1.2,0.51,1.53,0.02
Londres,LON,GB,51.5074,-0.1278,2025-12-19T18:00:00Z,2025-12-19,18:00,2,117.26,0,2.37,83.8,1.26,0.51,1.48,0.02
Londres,LON,GB,51.5074,-0.1278,2025-12-19T19:00:00Z,2025-12-19,19:00,2,117.49,0,2.46,83.35,1.32,0.51,1.41,0.03
Londres,LON,GB,51.5074,-0.1278,2025-12-19T20:00:00Z,2025-12-19,20:00,2,117.84,0,2.61,83,1.39,0.5,1.38,0.05
Londres,LON,GB,51.5074,-0.1278,2025-12-19T21:00:00Z,2025-12-19,21:00,2,118.18,0,2.75,82.72,1.44,0.51,1.36,0.07
Londres,LON,GB,51.5074,-0.1278,2025-12-19T22:00:00Z,2025-12-19,22:00,2,118.24,0,2.84,82.28,1.47,0.52,1.31,0.09
Londres,LON,GB,51.5074,-0.1278,2025-12-19T23:00:00Z,2025-12-19,23:00,2,118.67,0,2.95,82.16,1.49,0.54,1.28,0.12
Londres,LON,GB,51.5074,-0.1278,2025-12-20T00:00:00Z,2025-12-20,00:00,2,119.19,0,3.05,82.12,1.52,0.55,1.27,0.16
Londres,LON,GB,51.5074,-0.1278,2025-12-20T01:00:00Z,2025-12-20,01:00,2,119.7,0,3.18,81.82,1.56,0.58,1.4,0.23
Londres,LON,GB,51.5074,-0.1278,2025-12-20T02:00:00Z,2025-12-20,02:00,2,120.67,0,3.37,81.28,1.63,0.66,1.63,0.34
Londres,LON,GB,51.5074,-0.1278,2025-12-20T03:00:00Z,2025-12-20,03:00,2,121.73,0,3.54,80.82,1.68,0.76,1.95,0.46
Londres,LON,GB,51.5074,-0.1278,2025-12-20T04:00:00Z,2025-12-20,04:00,2,121.92,0,3.33,81.63,1.59,0.81,2.17,0.52
Londres,LON,GB,51.5074,-0.1278,2025-12-20T05:00:00Z,2025-12-20,05:00,2,121.43,0,2.97,83.38,1.44,0.8,2.26,0.51
Londres,LON,GB,51.5074,-0.1278,2025-12-20T06:00:00Z,2025-12-20,06:00,2,121.21,0,2.69,84.64,1.33,0.79,2.28,0.47
Londres,LON,GB,51.5074,-0.1278,2025-12-20T07:00:00Z,2025-12-20,07:00,2,120.91,0,2.54,85.35,1.31,0.79,2.33,0.43
Londres,LON,GB,51.5074,-0.1278,2025-12-20T08:00:00Z,2025-12-20,08:00,2,120.9,0,2.61,85.34,1.44,0.86,2.5,0.41
Londres,LON,GB,51.5074,-0.1278,2025-12-20T09:00:00Z,2025-12-20,09:00,2,121.36,0.01,2.8,84.77,1.59,0.96,2.73,0.38
Londres,LON,GB,51.5074,-0.1278,2025-12-20T10:00:00Z,2025-12-20,10:00,2,122.05,0.1,3.04,84.17,1.73,1.12,3.05,0.32
Londres,LON,GB,51.5074,-0.1278,2025-12-20T11:00:00Z,2025-12-20,11:00,2,123.15,0.21,3.24,82.25,1.89,1.43,3.52,0.24
Londres,LON,GB,51.5074,-0.1278,2025-12-20T12:00:00Z,2025-12-20,12:00,2,125.85,0.28,3.66,79.3,2.02,1.94,4.1,0.16
Londres,LON,GB,51.5074,-0.1278,2025-12-20T13:00:00Z,2025-12-20,13:00,2,131.31,0.36,4.33,75.7,2.07,2.53,4.48,0.11
Londres,LON,GB,51.5074,-0.1278,2025-12-20T14:00:00Z,2025-12-20,14:00,2,140.38,0.41,5.32,71.38,2.1,3.13,4.89,0.11
Londres,LON,GB,51.5074,-0.1278,2025-12-20T15:00:00Z,2025-12-20,15:00,2,150.81,0.3,6.43,68.82,2.05,3.43,4.97,0.14
Londres,LON,GB,51.5074,-0.1278,2025-12-20T16:00:00Z,2025-12-20,16:00,2,168.57,0.05,8.11,64.12,2.11,3.8,5.26,0.2
Londres,LON,GB,51.5074,-0.1278,2025-12-20T17:00:00Z,2025-12-20,17:00,1,200.32,0,10.59,52.43,2.2,4.65,6.21,0.29
Londres,LON,GB,51.5074,-0.1278,2025-12-20T18:00:00Z,2025-12-20,18:00,1,237,0,13.47,40.89,2.05,5.4,6.93,0.33
Londres,LON,GB,51.5074,-0.1278,2025-12-20T19:00:00Z,2025-12-20,19:00,1,269.76,0,16.08,33.23,1.74,5.92,7.12,0.26
Londres,LON,GB,51.5074,-0.1278,2025-12-20T20:00:00Z,2025-12-20,20:00,1,282.14,0,16.79,30.07,1.5,5.58,6.46,0.17
Londres,LON,GB,51.5074,-0.1278,2025-12-20T21:00:00Z,2025-12-20,21:00,1,268.98,0,14.99,29.26,1.36,4.18,4.87,0.13
Londres,LON,GB,51.5074,-0.1278,2025-12-20T22:00:00Z,2025-12-20,22:00,1,232.41,0,10.94,31.34,1.2,2.24,2.83,0.13
Londres,LON,GB,51.5074,-0.1278,2025-12-20T23:00:00Z,2025-12-20,23:00,1,199.25,0,8.23,35.17,1.22,1.26,1.85,0.18
Londres,LON,GB,51.5074,-0.1278,2025-12-21T00:00:00Z,2025-12-21,00:00,1,173.87,0,6.68,41.97,1.3,1.02,1.65,0.26
Londres,LON,GB,51.5074,-0.1278,2025-12-21T01:00:00Z,2025-12-21,01:00,1,154.82,0,5.54,50.95,1.42,1.04,1.78,0.35
Londres,LON,GB,51.5074,-0.1278,2025-12-21T02:00:00Z,2025-12-21,02:00,1,141.89,0,4.75,58.99,1.52,1.07,1.92,0.4
Londres,LON,GB,51.5074,-0.1278,2025-12-21T03:00:00Z,2025-12-21,03:00,2,135.15,0,4.27,63.9,1.56,1.05,1.93,0.39
Londres,LON,GB,51.5074,-0.1278,2025-12-21T04:00:00Z,2025-12-21,04:00,2,132.76,0,4.16,66.05,1.62,1.03,1.85,0.34
Londres,LON,GB,51.5074,-0.1278,2025-12-21T05:00:00Z,2025-12-21,05:00,2,133.26,0,4.56,65.19,1.83,1.09,1.89,0.32
Londres,LON,GB,51.5074,-0.1278,2025-12-21T06:00:00Z,2025-12-21,06:00,2,135.43,0,5.11,62.83,2.08,1.21,2.04,0.32
Londres,LON,GB,51.5074,-0.1278,2025-12-21T07:00:00Z,2025-12-21,07:00,2,137.51,0,5.51,60.56,2.36,1.36,2.29,0.31
Londres,LON,GB,51.5074,-0.1278,2025-12-21T08:00:00Z,2025-12-21,08:00,1,139.33,0,5.58,59.63,2.54,1.5,2.57,0.29
Londres,LON,GB,51.5074,-0.1278,2025-12-21T09:00:00Z,2025-12-21,09:00,2,139.3,0,5.43,60.37,2.56,1.6,2.78,0.26
Londres,LON,GB,51.5074,-0.1278,2025-12-21T10:00:00Z,2025-12-21,10:00,2,140.9,0.03,5.55,60.23,2.41,1.74,2.98,0.23
Londres,LON,GB,51.5074,-0.1278,2025-12-21T11:00:00Z,2025-12-21,11:00,1,148.49,0.09,6.11,56.38,2.22,1.99,3.25,0.2
Londres,LON,GB,51.5074,-0.1278,2025-12-21T12:00:00Z,2025-12-21,12:00,1,163.66,0.2,6.96,50.38,2.01,2.41,3.76,0.2
Londres,LON,GB,51.5074,-0.1278,2025-12-21T13:00:00Z,2025-12-21,13:00,1,183.72,0.14,8.57,43.85,1.78,2.73,3.97,0.18
Londres,LON,GB,51.5074,-0.1278,2025-12-21T14:00:00Z,2025-12-21,14:00,1,200.5,0.12,10.02,38.49,1.47,2.45,3.37,0.11
Londres,LON,GB,51.5074,-0.1278,2025-12-21T15:00:00Z,2025-12-21,15:00,1,211.14,0.06,10.67,35.4,1.18,1.76,2.4,0.07
Londres,LON,GB,51.5074,-0.1278,2025-12-21T16:00:00Z,2025-12-21,16:00,1,218.61,0.01,10.23,36.22,0.96,1.27,1.74,0.05
Londres,LON,GB,51.5074,-0.1278,2025-12-21T17:00:00Z,2025-12-21,17:00,1,220.9,0,9.88,39.09,0.92,1.37,1.81,0.05
Londres,LON,GB,51.5074,-0.1278,2025-12-21T18:00:00Z,2025-12-21,18:00,1,210.86,0,9.12,43.37,0.97,1.78,2.23,0.07
Londres,LON,GB,51.5074,-0.1278,2025-12-21T19:00:00Z,2025-12-21,19:00,1,190.69,0,7.54,50.54,0.99,1.9,2.38,0.09
Londres,LON,GB,51.5074,-0.1278,2025-12-21T20:00:00Z,2025-12-21,20:00,1,176.33,0,6.47,55.46,1.02,2.01,2.51,0.1
Londres,LON,GB,51.5074,-0.1278,2025-12-21T21:00:00Z,2025-12-21,21:00,1,172.82,0,6.16,57.93,1.06,2.36,2.86,0.1
Londres,LON,GB,51.5074,-0.1278,2025-12-21T22:00:00Z,2025-12-21,22:00,1,176.05,0,6.27,59.32,1.11,2.69,3.3,0.11
Londres,LON,GB,51.5074,-0.1278,2025-12-21T23:00:00Z,2025-12-21,23:00,2,180.16,0,6.65,60.07,1.22,3.12,3.95,0.14
Londres,LON,GB,51.5074,-0.1278,2025-12-22T00:00:00Z,2025-12-22,00:00,2,182.25,0,6.75,61.06,1.27,3.29,4.28,0.17
Londres,LON,GB,51.5074,-0.1278,2025-12-22T01:00:00Z,2025-12-22,01:00,2,182.2,0,6.23,63.16,1.28,2.98,4.07,0.2
Londres,LON,GB,51.5074,-0.1278,2025-12-22T02:00:00Z,2025-12-22,02:00,2,183.14,0,5.63,64.34,1.35,2.5,3.61,0.21
Londres,LON,GB,51.5074,-0.1278,2025-12-22T03:00:00Z,2025-12-22,03:00,2,185.17,0,5.06,63.88,1.43,1.91,2.9,0.23
Londres,LON,GB,51.5074,-0.1278,2025-12-22T04:00:00Z,2025-12-22,04:00,2,183.86,0,4.68,62.13,1.54,1.4,2.24,0.24
Londres,LON,GB,51.5074,-0.1278,2025-12-22T05:00:00Z,2025-12-22,05:00,2,178.66,0,4.77,60.22,1.78,1.19,1.95,0.26
Londres,LON,GB,51.5074,-0.1278,2025-12-22T06:00:00Z,2025-12-22,06:00,1,170.31,0,5.02,59.65,2.05,1.11,1.85,0.29
Londres,LON,GB,51.5074,-0.1278,2025-12-22T07:00:00Z,2025-12-22,07:00,2,159.71,0,5.29,60.58,2.29,1.08,1.84,0.31
Londres,LON,GB,51.5074,-0.1278,2025-12-22T08:00:00Z,2025-12-22,08:00,2,152.22,0,5.54,62.63,2.55,1.09,1.9,0.33
Londres,LON,GB,51.5074,-0.1278,2025-12-22T09:00:00Z,2025-12-22,09:00,2,147.39,0,5.84,64.63,2.85,1.14,2,0.33
Londres,LON,GB,51.5074,-0.1278,2025-12-22T10:00:00Z,2025-12-22,10:00,2,143.75,0.06,6.24,66.05,3.17,1.22,2.12,0.33
Londres,LON,GB,51.5074,-0.1278,2025-12-22T11:00:00Z,2025-12-22,11:00,2,141.95,0.16,6.68,67.11,3.52,1.32,2.25,0.33
Londres,LON,GB,51.5074,-0.1278,2025-12-22T12:00:00Z,2025-12-22,12:00,2,141.63,0.24,7.08,68.09,3.8,1.42,2.36,0.33
Londres,LON,GB,51.5074,-0.1278,2025-12-22T13:00:00Z,2025-12-22,13:00,2,140.94,0.23,7.53,68.91,4.01,1.5,2.43,0.32
Londres,LON,GB,51.5074,-0.1278,2025-12-22T14:00:00Z,2025-12-22,14:00,2,141.72,0.17,8.04,68.37,4.15,1.59,2.51,0.3
Londres,LON,GB,51.5074,-0.1278,2025-12-22T15:00:00Z,2025-12-22,15:00,2,144.63,0.09,8.59,66.48,4.12,1.71,2.62,0.28
Londres,LON,GB,51.5074,-0.1278,2025-12-22T16:00:00Z,2025-12-22,16:00,2,151.38,0.01,9.1,62.57,3.94,1.93,2.88,0.27
Londres,LON,GB,51.5074,-0.1278,2025-12-22T17:00:00Z,2025-12-22,17:00,1,163.33,0,9.5,57.45,3.54,2.36,3.49,0.26
Londres,LON,GB,51.5074,-0.1278,2025-12-22T18:00:00Z,2025-12-22,18:00,1,181.19,0,10.07,51.61,3.07,3.1,4.57,0.26
Londres,LON,GB,51.5074,-0.1278,2025-12-22T19:00:00Z,2025-12-22,19:00,1,201.49,0,10.72,46.35,2.7,4.04,5.99,0.26
Londres,LON,GB,51.5074,-0.1278,2025-12-22T20:00:00Z,2025-12-22,20:00,1,223.3,0,11.87,40.87,2.6,5.15,7.63,0.27
Londres,LON,GB,51.5074,-0.1278,2025-12-22T21:00:00Z,2025-12-22,21:00,1,241.95,0,12.82,36.85,2.59,6.17,9.07,0.3
Londres,LON,GB,51.5074,-0.1278,2025-12-22T22:00:00Z,2025-12-22,22:00,1,260.67,0,14.3,32.93,2.77,7.35,10.6,0.33
Londres,LON,GB,51.5074,-0.1278,2025-12-22T23:00:00Z,2025-12-22,23:00,1,274.86,0.01,15.94,29.05,3.09,8.67,12.17,0.33
Londres,LON,GB,51.5074,-0.1278,2025-12-23T00:00:00Z,2025-12-23,00:00,1,277.57,0.01,16.23,27.61,3.2,9.33,12.76,0.32
Londres,LON,GB,51.5074,-0.1278,2025-12-23T01:00:00Z,2025-12-23,01:00,1,274.91,0.01,16.03,26.97,3.22,9.62,12.85,0.31
Londres,LON,GB,51.5074,-0.1278,2025-12-23T02:00:00Z,2025-12-23,02:00,2,276.16,0.01,16.02,26.15,3.19,10.22,13.38,0.32
Londres,LON,GB,51.5074,-0.1278,2025-12-23T03:00:00Z,2025-12-23,03:00,2,287.24,0.02,17.43,23.96,3.22,12.23,15.59,0.29
Londres,LON,GB,51.5074,-0.1278,2025-12-23T04:00:00Z,2025-12-23,04:00,2,307.48,0.03,21.27,20.05,3.42,15.94,19.97,0.24
Londres,LON,GB,51.5074,-0.1278,2025-12-23T05:00:00Z,2025-12-23,05:00,2,333.96,0.07,28.48,14.3,3.83,20.62,25.92,0.22
Londres,LON,GB,51.5074,-0.1278,2025-12-23T06:00:00Z,2025-12-23,06:00,2,351.78,0.18,38.15,8.11,4.33,24.25,31.14,0.2
Londres,LON,GB,51.5074,-0.1278,2025-12-23T07:00:00Z,2025-12-23,07:00,2,346.93,0.34,45.83,4.58,4.72,24.7,32.73,0.23
Londres,LON,GB,51.5074,-0.1278,2025-12-23T08:00:00Z,2025-12-23,08:00,2,329.38,0.4,48.36,4.28,5.01,23.35,31.63,0.22
Londres,LON,GB,51.5074,-0.1278,2025-12-23T09:00:00Z,2025-12-23,09:00,2,307.61,0.38,44.85,7.06,5.05,21.21,29.06,0.23
Londres,LON,GB,51.5074,-0.1278,2025-12-23T10:00:00Z,2025-12-23,10:00,2,268.24,0.55,32.37,19.32,4.7,17.02,23.61,0.17
Londres,LON,GB,51.5074,-0.1278,2025-12-23T11:00:00Z,2025-12-23,11:00,2,240.84,0.59,23.72,30.12,4.43,13.8,19.59,0.17
Londres,LON,GB,51.5074,-0.1278,2025-12-23T12:00:00Z,2025-12-23,12:00,2,227.13,0.55,19.93,35.36,4.43,12.25,17.82,0.21
Londres,LON,GB,51.5074,-0.1278,2025-12-23T13:00:00Z,2025-12-23,13:00,2,215.95,0.45,17.76,39.85,4.31,10.71,15.99,0.26
Londres,LON,GB,51.5074,-0.1278,2025-12-23T14:00:00Z,2025-12-23,14:00,1,210.89,0.32,16.99,42.08,4.21,9.44,14.51,0.33
Londres,LON,GB,51.5074,-0.1278,2025-12-23T15:00:00Z,2025-12-23,15:00,1,208.29,0.14,16.66,43.18,4.06,8.48,13.24,0.4
Londres,LON,GB,51.5074,-0.1278,2025-12-23T16:00:00Z,2025-12-23,16:00,1,206.35,0.02,15.97,44.1,3.66,7.22,11.02,0.43
Londres,LON,GB,51.5074,-0.1278,2025-12-23T17:00:00Z,2025-12-23,17:00,1,211.87,0,15.72,43.05,3.18,6.3,9.21,0.42
Londres,LON,GB,51.5074,-0.1278,2025-12-23T18:00:00Z,2025-12-23,18:00,1,225.93,0,16.49,39.53,2.9,6.46,9.07,0.42
Londres,LON,GB,51.5074,-0.1278,2025-12-23T19:00:00Z,2025-12-23,19:00,1,239.8,0,17.06,36,2.75,7.09,9.39,0.41
Londres,LON,GB,51.5074,-0.1278,2025-12-23T20:00:00Z,2025-12-23,20:00,1,245.35,0,16.49,35.59,2.71,7.87,10.12,0.41
Londres,LON,GB,51.5074,-0.1278,2025-12-23T21:00:00Z,2025-12-23,21:00,1,242.36,0,15.36,37.66,2.8,8.75,11.01,0.4
Londres,LON,GB,51.5074,-0.1278,2025-12-23T22:00:00Z,2025-12-23,22:00,1,237.06,0,14.28,40.79,2.9,9.4,11.77,0.39
Londres,LON,GB,51.5074,-0.1278,2025-12-23T23:00:00Z,2025-12-23,23:00,2,235.15,0,13.58,43.42,3.11,10.27,12.89,0.37
Londres,LON,GB,51.5074,-0.1278,2025-12-24T00:00:00Z,2025-12-24,00:00,2,235.51,0,12.93,44.76,3.19,10.85,13.6,0.36
Londres,LON,GB,51.5074,-0.1278,2025-12-24T01:00:00Z,2025-12-24,01:00,2,230.32,0,11.92,46.78,3.2,11.11,13.78,0.33
Londres,LON,GB,51.5074,-0.1278,2025-12-24T02:00:00Z,2025-12-24,02:00,2,222.41,0,10.85,48.76,3.01,10.61,13.06,0.33
Londres,LON,GB,51.5074,-0.1278,2025-12-24T03:00:00Z,2025-12-24,03:00,1,215.65,0,9.98,50.25,2.85,9.87,12.2,0.32
Londres,LON,GB,51.5074,-0.1278,2025-12-24T04:00:00Z,2025-12-24,04:00,1,207.38,0,9.13,52.16,2.69,9.35,11.73,0.32
Londres,LON,GB,51.5074,-0.1278,2025-12-24T05:00:00Z,2025-12-24,05:00,1,197.8,0,8.21,55.42,2.65,9.03,11.58,0.33
Londres,LON,GB,51.5074,-0.1278,2025-12-24T06:00:00Z,2025-12-24,06:00,1,187.06,0,7.23,59.35,2.56,8.47,11.03,0.33
Londres,LON,GB,51.5074,-0.1278,2025-12-24T07:00:00Z,2025-12-24,07:00,2,174.43,0,6.26,63.5,2.4,7.52,10.25,0.39
Londres,LON,GB,51.5074,-0.1278,2025-12-24T08:00:00Z,2025-12-24,08:00,2,162.56,0,5.46,67.46,2.21,6.51,9.27,0.46
Londres,LON,GB,51.5074,-0.1278,2025-12-24T09:00:00Z,2025-12-24,09:00,2,153.55,0,4.94,70.81,1.96,5.04,7.66,0.55
Londres,LON,GB,51.5074,-0.1278,2025-12-24T10:00:00Z,2025-12-24,10:00,2,146.84,0.05,5.22,73.61,1.82,3.96,6.6,0.62
Londres,LON,GB,51.5074,-0.1278,2025-12-24T11:00:00Z,2025-12-24,11:00,2,144.28,0.17,5.4,75.53,1.82,3.35,6.07,0.67
Londres,LON,GB,51.5074,-0.1278,2025-12-24T12:00:00Z,2025-12-24,12:00,2,142.76,0.31,5.45,76.3,1.83,2.81,5.54,0.7
Londres,LON,GB,51.5074,-0.1278,2025-12-24T13:00:00Z,2025-12-24,13:00,2,142.1,0.42,5.58,74.05,1.83,2.55,5.18,0.72
Londres,LON,GB,51.5074,-0.1278,2025-12-24T14:00:00Z,2025-12-24,14:00,2,143.26,0.46,6.05,70.59,1.8,2.47,4.97,0.76
Londres,LON,GB,51.5074,-0.1278,2025-12-24T15:00:00Z,2025-12-24,15:00,2,143.37,0.33,6.87,68.46,1.78,2.45,4.86,0.8
Londres,LON,GB,51.5074,-0.1278,2025-12-24T16:00:00Z,2025-12-24,16:00,2,142.22,0.05,7.48,68.79,1.76,2.07,4.49,0.81
Londres,LON,GB,51.5074,-0.1278,2025-12-24T17:00:00Z,2025-12-24,17:00,2,140.31,0,7.01,71.27,1.72,1.47,4.07,0.77
Londres,LON,GB,51.5074,-0.1278,2025-12-24T18:00:00Z,2025-12-24,18:00,2,138.77,0,6.35,73.99,1.69,1.04,3.94,0.72
Londres,LON,GB,51.5074,-0.1278,2025-12-24T19:00:00Z,2025-12-24,19:00,2,137.5,0,5.85,76.7,1.68,1.03,4.24,0.69
Londres,LON,GB,51.5074,-0.1278,2025-12-24T20:00:00Z,2025-12-24,20:00,2,135.9,0,5.51,79.55,1.71,1.1,4.56,0.75
Londres,LON,GB,51.5074,-0.1278,2025-12-24T21:00:00Z,2025-12-24,21:00,2,134.02,0,5.12,82.49,1.74,1.24,4.83,0.81
Londres,LON,GB,51.5074,-0.1278,2025-12-24T22:00:00Z,2025-12-24,22:00,2,132.54,0,4.77,84.61,1.74,1.34,4.99,0.83
Londres,LON,GB,51.5074,-0.1278,2025-12-24T23:00:00Z,2025-12-24,23:00,2,131.76,0,4.63,85.01,1.7,1.47,5.18,0.8
Londres,LON,GB,51.5074,-0.1278,2025-12-25T00:00:00Z,2025-12-25,00:00,2,131.36,0,4.59,84.92,1.65,1.65,5.41,0.75
Londres,LON,GB,51.5074,-0.1278,2025-12-25T01:00:00Z,2025-12-25,01:00,2,130.61,0,4.39,84.71,1.55,1.65,5.29,0.72
Londres,LON,GB,51.5074,-0.1278,2025-12-25T02:00:00Z,2025-12-25,02:00,2,129.8,0,4.08,85.03,1.44,1.64,5.07,0.72
Londres,LON,GB,51.5074,-0.1278,2025-12-25T03:00:00Z,2025-12-25,03:00,2,128.71,0,3.87,85.27,1.43,1.73,5.03,0.8
Londres,LON,GB,51.5074,-0.1278,2025-12-25T04:00:00Z,2025-12-25,04:00,2,129.21,0,3.84,85.2,1.47,2,4.93,0.91
Londres,LON,GB,51.5074,-0.1278,2025-12-25T05:00:00Z,2025-12-25,05:00,2,131.42,0,4.02,84.01,1.63,2.48,5.22,1.11
Londres,LON,GB,51.5074,-0.1278,2025-12-25T06:00:00Z,2025-12-25,06:00,2,134.69,0,4.24,81.83,1.89,3.1,5.74,1.34
Londres,LON,GB,51.5074,-0.1278,2025-12-25T07:00:00Z,2025-12-25,07:00,2,137.87,0,4.58,79.25,2.24,3.7,6.56,1.63
Londres,LON,GB,51.5074,-0.1278,2025-12-25T08:00:00Z,2025-12-25,08:00,2,140.87,0,5.07,76.87,2.62,4.3,7.4,1.88
Londres,LON,GB,51.5074,-0.1278,2025-12-25T09:00:00Z,2025-12-25,09:00,2,142.53,0,5.62,75.64,2.9,4.67,7.91,1.99
Londres,LON,GB,51.5074,-0.1278,2025-12-25T10:00:00Z,2025-12-25,10:00,2,144.32,0.1,7.28,75.84,3.18,4.77,8.15,2.11
Londres,LON,GB,51.5074,-0.1278,2025-12-25T11:00:00Z,2025-12-25,11:00,2,146.74,0.27,8.28,76.06,3.47,4.61,8.1,2.25
Londres,LON,GB,51.5074,-0.1278,2025-12-25T12:00:00Z,2025-12-25,12:00,2,149.55,0.4,8.96,75.87,3.73,4.5,7.99,2.33
Londres,LON,GB,51.5074,-0.1278,2025-12-25T13:00:00Z,2025-12-25,13:00,2,151.86,0.41,9.79,74.96,3.96,4.45,7.92,2.35
Londres,LON,GB,51.5074,-0.1278,2025-12-25T14:00:00Z,2025-12-25,14:00,2,154.34,0.27,10.83,73.83,4.15,4.46,7.91,2.39
Londres,LON,GB,51.5074,-0.1278,2025-12-25T15:00:00Z,2025-12-25,15:00,2,155.57,0.1,11.9,72.37,4.31,4.54,8,2.43
Londres,LON,GB,51.5074,-0.1278,2025-12-25T16:00:00Z,2025-12-25,16:00,2,156.83,0.01,12.4,71.17,4.4,4.62,7.97,2.35
Londres,LON,GB,51.5074,-0.1278,2025-12-25T17:00:00Z,2025-12-25,17:00,2,159.48,0,12.47,69.34,4.58,5.01,8.37,2.23
Londres,LON,GB,51.5074,-0.1278,2025-12-25T18:00:00Z,2025-12-25,18:00,2,164.24,0,12.58,66.51,4.94,5.86,9.35,2.14
Londres,LON,GB,51.5074,-0.1278,2025-12-25T19:00:00Z,2025-12-25,19:00,2,170.38,0,12.84,63.21,5.47,6.96,10.74,2.09
Londres,LON,GB,51.5074,-0.1278,2025-12-25T20:00:00Z,2025-12-25,20:00,1,176.77,0,13.13,59.56,5.98,8.07,12.08,2.01
Londres,LON,GB,51.5074,-0.1278,2025-12-25T21:00:00Z,2025-12-25,21:00,1,182.77,0,13.28,56.48,6.33,9.08,13.21,1.91
Londres,LON,GB,51.5074,-0.1278,2025-12-25T22:00:00Z,2025-12-25,22:00,2,187.76,0,13.44,53.63,6.6,10.06,14.33,1.84
Londres,LON,GB,51.5074,-0.1278,2025-12-25T23:00:00Z,2025-12-25,23:00,2,191.53,0,13.82,51.26,6.8,11.26,15.75,1.8
Londres,LON,GB,51.5074,-0.1278,2025-12-26T00:00:00Z,2025-12-26,00:00,2,194.54,0,14.06,49.6,6.84,12.39,17.04,1.75
Londres,LON,GB,51.5074,-0.1278,2025-12-26T01:00:00Z,2025-12-26,01:00,2,196.5,0,14.14,48.7,6.82,13.42,18.11,1.63
Londres,LON,GB,51.5074,-0.1278,2025-12-26T02:00:00Z,2025-12-26,02:00,2,197.41,0,14,48.12,6.76,14.43,19.09,1.48
Londres,LON,GB,51.5074,-0.1278,2025-12-26T03:00:00Z,2025-12-26,03:00,2,197.18,0,13.79,47.99,6.71,15.36,19.98,1.36
Londres,LON,GB,51.5074,-0.1278,2025-12-26T04:00:00Z,2025-12-26,04:00,2,195.08,0,13.38,48.07,6.58,16.11,20.65,1.23
Londres,LON,GB,51.5074,-0.1278,2025-12-26T05:00:00Z,2025-12-26,05:00,2,192.85,0,12.86,48.67,6.37,16.67,21.12,1.09
Londres,LON,GB,51.5074,-0.1278,2025-12-26T06:00:00Z,2025-12-26,06:00,2,190.82,0,12.34,49.26,6.18,16.95,21.38,0.99
Londres,LON,GB,51.5074,-0.1278,2025-12-26T07:00:00Z,2025-12-26,07:00,2,190.39,0,12.17,49.58,6.16,17.27,21.79,0.93
Londres,LON,GB,51.5074,-0.1278,2025-12-26T08:00:00Z,2025-12-26,08:00,2,191.18,0,12.48,49,6.33,17.86,22.56,0.92
Londres,LON,GB,51.5074,-0.1278,2025-12-26T09:00:00Z,2025-12-26,09:00,2,192.93,0.01,13.18,47.77,6.58,18.4,23.33,0.95
Londres,LON,GB,51.5074,-0.1278,2025-12-26T10:00:00Z,2025-12-26,10:00,2,196.79,0.15,15.49,47.28,6.88,18.62,23.82,1.1
Londres,LON,GB,51.5074,-0.1278,2025-12-26T11:00:00Z,2025-12-26,11:00,2,201.6,0.5,17.26,46.83,7.17,18.19,23.65,1.41
Londres,LON,GB,51.5074,-0.1278,2025-12-26T12:00:00Z,2025-12-26,12:00,2,206.22,0.81,17.88,46.09,7.29,17.36,22.94,1.68
Londres,LON,GB,51.5074,-0.1278,2025-12-26T13:00:00Z,2025-12-26,13:00,2,209.24,0.92,18.09,45.58,7.23,16.43,21.92,1.83
Londres,LON,GB,51.5074,-0.1278,2025-12-26T14:00:00Z,2025-12-26,14:00,2,211.25,0.77,18.41,45.1,7.1,15.7,21.07,1.9
Londres,LON,GB,51.5074,-0.1278,2025-12-26T15:00:00Z,2025-12-26,15:00,2,211.52,0.42,18.84,44.38,6.94,15.04,20.26,1.95
Londres,LON,GB,51.5074,-0.1278,2025-12-26T16:00:00Z,2025-12-26,16:00,2,211.27,0.07,19.03,43.79,6.74,14.4,19.47,1.94
Londres,LON,GB,51.5074,-0.1278,2025-12-26T17:00:00Z,2025-12-26,17:00,2,212.04,0,18.99,42.43,6.59,14.05,19.07,1.91
Londres,LON,GB,51.5074,-0.1278,2025-12-26T18:00:00Z,2025-12-26,18:00,2,214.34,0,19.42,40.58,6.48,14.3,19.31,1.86
Londres,LON,GB,51.5074,-0.1278,2025-12-26T19:00:00Z,2025-12-26,19:00,2,220.11,0,20.92,37.21,6.53,15.32,20.53,1.85
Londres,LON,GB,51.5074,-0.1278,2025-12-26T20:00:00Z,2025-12-26,20:00,2,228.79,0,23.29,32.64,6.78,17.13,22.75,1.86
Londres,LON,GB,51.5074,-0.1278,2025-12-26T21:00:00Z,2025-12-26,21:00,2,236.51,0,25.23,29.09,6.96,18.78,24.76,1.72
Londres,LON,GB,51.5074,-0.1278,2025-12-26T22:00:00Z,2025-12-26,22:00,2,242.68,0,27.11,26.43,7.05,20.16,26.48,1.58
Londres,LON,GB,51.5074,-0.1278,2025-12-26T23:00:00Z,2025-12-26,23:00,2,248.05,0,28.69,24.39,7.09,21.2,27.75,1.44
Londres,LON,GB,51.5074,-0.1278,2025-12-27T00:00:00Z,2025-12-27,00:00,2,251.7,0,29.69,23.04,7.07,21.73,28.37,1.28
Londres,LON,GB,51.5074,-0.1278,2025-12-27T01:00:00Z,2025-12-27,01:00,2,252.7,0,29.99,22.54,6.99,21.91,28.55,1.11
Londres,LON,GB,51.5074,-0.1278,2025-12-27T02:00:00Z,2025-12-27,02:00,2,251.82,0,30.16,22.45,6.88,22.26,28.88,0.93
Londres,LON,GB,51.5074,-0.1278,2025-12-27T03:00:00Z,2025-12-27,03:00,2,250.75,0,30.52,22.15,6.9,23.07,29.71,0.75
Londres,LON,GB,51.5074,-0.1278,2025-12-27T04:00:00Z,2025-12-27,04:00,2,247.84,0,30.42,22.29,6.93,24.02,30.64,0.59
Londres,LON,GB,51.5074,-0.1278,2025-12-27T05:00:00Z,2025-12-27,05:00,2,240.02,0,29.01,23.97,6.82,24.41,30.91,0.47
Londres,LON,GB,51.5074,-0.1278,2025-12-27T06:00:00Z,2025-12-27,06:00,2,227.59,0,26.07,27.82,6.53,23.92,30.12,0.39
Londres,LON,GB,51.5074,-0.1278,2025-12-27T07:00:00Z,2025-12-27,07:00,2,212.53,0,22.49,34.56,6.13,22.85,28.65,0.37
Londres,LON,GB,51.5074,-0.1278,2025-12-27T08:00:00Z,2025-12-27,08:00,2,200.4,0,19.81,40.84,5.91,22,27.49,0.41
Londres,LON,GB,51.5074,-0.1278,2025-12-27T09:00:00Z,2025-12-27,09:00,2,191.53,0.02,18.17,46.1,5.76,21.24,26.56,0.48
Londres,LON,GB,51.5074,-0.1278,2025-12-27T10:00:00Z,2025-12-27,10:00,2,184.54,0.43,18.65,52.66,5.59,19.34,24.57,0.73
Londres,LON,GB,51.5074,-0.1278,2025-12-27T11:00:00Z,2025-12-27,11:00,2,177.32,1.13,17.12,58.54,5.26,16.04,21.2,1.12
Londres,LON,GB,51.5074,-0.1278,2025-12-27T12:00:00Z,2025-12-27,12:00,2,170.31,1.54,15.24,63.38,4.84,13.06,18.22,1.46
Londres,LON,GB,51.5074,-0.1278,2025-12-27T13:00:00Z,2025-12-27,13:00,2,164.07,1.5,13.9,66.62,4.41,10.92,16.05,1.64
Londres,LON,GB,51.5074,-0.1278,2025-12-27T14:00:00Z,2025-12-27,14:00,2,158.61,1.1,13.13,68.06,3.91,9.21,14.23,1.62
Londres,LON,GB,51.5074,-0.1278,2025-12-27T15:00:00Z,2025-12-27,15:00,2,154.11,0.57,12.79,68.67,3.48,7.58,12.48,1.58
Londres,LON,GB,51.5074,-0.1278,2025-12-27T16:00:00Z,2025-12-27,16:00,2,150.23,0.08,12.34,68.72,3.17,5.94,10.8,1.48
Londres,LON,GB,51.5074,-0.1278,2025-12-27T17:00:00Z,2025-12-27,17:00,2,146.58,0,10.89,68.31,2.91,4.85,9.76,1.3
Londres,LON,GB,51.5074,-0.1278,2025-12-27T18:00:00Z,2025-12-27,18:00,2,145.03,0,9.71,67.23,2.7,4.54,9.62,1.11
Londres,LON,GB,51.5074,-0.1278,2025-12-27T19:00:00Z,2025-12-27,19:00,2,144.05,0,8.5,66.98,2.45,4.25,9.44,0.89
Londres,LON,GB,51.5074,-0.1278,2025-12-27T20:00:00Z,2025-12-27,20:00,2,143.75,0,7.61,67.21,2.25,3.87,9.13,0.71
Londres,LON,GB,51.5074,-0.1278,2025-12-27T21:00:00Z,2025-12-27,21:00,2,143.73,0,7.05,67.86,2.13,3.56,8.94,0.58
Londres,LON,GB,51.5074,-0.1278,2025-12-27T22:00:00Z,2025-12-27,22:00,2,145,0,6.92,67.54,2.08,3.44,9.07,0.49
Londres,LON,GB,51.5074,-0.1278,2025-12-27T23:00:00Z,2025-12-27,23:00,2,147.08,0,7.05,66.27,2.02,3.43,9.28,0.42
Londres,LON,GB,51.5074,-0.1278,2025-12-28T00:00:00Z,2025-12-28,00:00,2,148.77,0,7.06,65.4,1.95,3.26,9.3,0.39
Londres,LON,GB,51.5074,-0.1278,2025-12-28T01:00:00Z,2025-12-28,01:00,2,148.7,0,6.8,65,1.88,2.88,9.06,0.37
Londres,LON,GB,51.5074,-0.1278,2025-12-28T02:00:00Z,2025-12-28,02:00,2,148.3,0,6.29,65.73,1.79,2.48,8.68,0.35
Londres,LON,GB,51.5074,-0.1278,2025-12-28T03:00:00Z,2025-12-28,03:00,2,146.55,0,5.64,67.03,1.71,2.13,8.13,0.32
Londres,LON,GB,51.5074,-0.1278,2025-12-28T04:00:00Z,2025-12-28,04:00,2,143.94,0,4.92,68.98,1.63,1.85,7.35,0.26
Londres,LON,GB,51.5074,-0.1278,2025-12-28T05:00:00Z,2025-12-28,05:00,2,140.46,0,4.32,71.5,1.57,1.66,6.93,0.2
Londres,LON,GB,51.5074,-0.1278,2025-12-28T06:00:00Z,2025-12-28,06:00,2,136.7,0,3.89,74.02,1.55,1.67,7.31,0.17
Londres,LON,GB,51.5074,-0.1278,2025-12-28T07:00:00Z,2025-12-28,07:00,2,132.98,0,3.59,77.38,1.53,1.79,8.19,0.17
Londres,LON,GB,51.5074,-0.1278,2025-12-28T08:00:00Z,2025-12-28,08:00,2,129.77,0,3.44,80.76,1.54,1.94,9.13,0.17
Londres,LON,GB,51.5074,-0.1278,2025-12-28T09:00:00Z,2025-12-28,09:00,2,127.13,0,3.44,84.06,1.57,2.02,9.82,0.17
Londres,LON,GB,51.5074,-0.1278,2025-12-28T10:00:00Z,2025-12-28,10:00,2,125.05,0.02,3.68,86.62,1.6,2.08,10.31,0.18
Londres,LON,GB,51.5074,-0.1278,2025-12-28T11:00:00Z,2025-12-28,11:00,2,123.74,0.05,3.92,88.52,1.62,2.11,10.69,0.18
Londres,LON,GB,51.5074,-0.1278,2025-12-28T12:00:00Z,2025-12-28,12:00,2,123.09,0.08,4.08,90.01,1.65,2.14,10.95,0.18
Londres,LON,GB,51.5074,-0.1278,2025-12-28T13:00:00Z,2025-12-28,13:00,2,122.18,0.05,4.23,90.71,1.7,2.12,10.83,0.18
Londres,LON,GB,51.5074,-0.1278,2025-12-28T14:00:00Z,2025-12-28,14:00,2,121.77,0.03,4.28,91.28,1.74,2.13,10.79,0.17
Londres,LON,GB,51.5074,-0.1278,2025-12-28T15:00:00Z,2025-12-28,15:00,2,121.75,0.01,4.3,91.44,1.77,2.14,10.64,0.17
Londres,LON,GB,51.5074,-0.1278,2025-12-28T16:00:00Z,2025-12-28,16:00,2,122.57,0,4.27,91.81,1.79,2.18,10.65,0.18
Londres,LON,GB,51.5074,-0.1278,2025-12-28T17:00:00Z,2025-12-28,17:00,2,123.35,0,4.23,92.16,1.81,2.18,10.35,0.18
Londres,LON,GB,51.5074,-0.1278,2025-12-28T18:00:00Z,2025-12-28,18:00,2,124.14,0,4.28,91.6,1.84,2.13,9.87,0.19
Londres,LON,GB,51.5074,-0.1278,2025-12-28T19:00:00Z,2025-12-28,19:00,2,125.2,0,4.46,90.22,1.89,2.13,9.58,0.22
Londres,LON,GB,51.5074,-0.1278,2025-12-28T20:00:00Z,2025-12-28,20:00,2,126.64,0,4.79,87.85,1.97,2.19,9.62,0.25
Londres,LON,GB,51.5074,-0.1278,2025-12-28T21:00:00Z,2025-12-28,21:00,2,128.55,0,5.18,85.16,2.07,2.22,9.55,0.27
Londres,LON,GB,51.5074,-0.1278,2025-12-28T22:00:00Z,2025-12-28,22:00,2,131.4,0,5.7,82.42,2.22,2.36,9.84,0.3
Londres,LON,GB,51.5074,-0.1278,2025-12-28T23:00:00Z,2025-12-28,23:00,2,135.95,0,6.5,78.83,2.49,2.87,10.87,0.32
Londres,LON,GB,51.5074,-0.1278,2025-12-29T00:00:00Z,2025-12-29,00:00,2,140.7,0,7.3,75.64,2.76,3.77,12.2,0.27
Londres,LON,GB,51.5074,-0.1278,2025-12-29T01:00:00Z,2025-12-29,01:00,2,144.12,0,7.91,72.81,2.99,4.53,13.21,0.24
Londres,LON,GB,51.5074,-0.1278,2025-12-29T02:00:00Z,2025-12-29,02:00,2,146.2,0,8.23,71.23,3.2,5.06,13.87,0.21
Londres,LON,GB,51.5074,-0.1278,2025-12-29T03:00:00Z,2025-12-29,03:00,2,145.69,0,8.1,70.97,3.3,5.04,13.65,0.19
Londres,LON,GB,51.5074,-0.1278,2025-12-29T04:00:00Z,2025-12-29,04:00,2,143.35,0,7.66,71.85,3.34,4.72,13.03,0.19
Londres,LON,GB,51.5074,-0.1278,2025-12-29T05:00:00Z,2025-12-29,05:00,2,140.71,0,7.12,73.13,3.31,4.35,12.27,0.19
Londres,LON,GB,51.5074,-0.1278,2025-12-29T06:00:00Z,2025-12-29,06:00,2,138.07,0,6.62,74.74,3.2,3.92,11.38,0.23
Londres,LON,GB,51.5074,-0.1278,2025-12-29T07:00:00Z,2025-12-29,07:00,2,135.84,0,6.18,76.37,3.01,3.5,10.53,0.27
Londres,LON,GB,51.5074,-0.1278,2025-12-29T08:00:00Z,2025-12-29,08:00,2,133.83,0,5.88,77.84,2.84,3.18,9.88,0.3
Londres,LON,GB,51.5074,-0.1278,2025-12-29T09:00:00Z,2025-12-29,09:00,2,132.48,0,5.88,78.33,2.72,3,9.55,0.33
Londres,LON,GB,51.5074,-0.1278,2025-12-29T10:00:00Z,2025-12-29,10:00,2,131.68,0.05,6.69,78.55,2.62,2.8,9.24,0.38
Londres,LON,GB,51.5074,-0.1278,2025-12-29T11:00:00Z,2025-12-29,11:00,2,131.22,0.12,7.2,78.67,2.55,2.43,8.88,0.43
Londres,LON,GB,51.5074,-0.1278,2025-12-29T12:00:00Z,2025-12-29,12:00,2,130.1,0.17,7.24,79.11,2.47,2.29,8.66,0.4
Londres,LON,GB,51.5074,-0.1278,2025-12-29T13:00:00Z,2025-12-29,13:00,2,128.44,0.07,6.96,79.99,2.32,2.1,7.61,0.32
Londres,LON,GB,51.5074,-0.1278,2025-12-29T14:00:00Z,2025-12-29,14:00,2,126.35,0.05,6.57,80.9,2.18,1.86,6.23,0.24
Londres,LON,GB,51.5074,-0.1278,2025-12-29T15:00:00Z,2025-12-29,15:00,2,124.64,0.02,6.4,81.48,2.22,1.69,5.53,0.21
Londres,LON,GB,51.5074,-0.1278,2025-12-29T16:00:00Z,2025-12-29,16:00,2,123.35,0,6.08,82.49,2.23,1.5,4.65,0.19
Londres,LON,GB,51.5074,-0.1278,2025-12-29T17:00:00Z,2025-12-29,17:00,2,122.56,0,5.64,83.93,2.15,1.28,3.65,0.17
Londres,LON,GB,51.5074,-0.1278,2025-12-29T18:00:00Z,2025-12-29,18:00,2,122.25,0,5.27,85.12,2.01,1.1,2.94,0.16
Londres,LON,GB,51.5074,-0.1278,2025-12-29T19:00:00Z,2025-12-29,19:00,2,121.79,0,5,85.54,1.93,1,2.78,0.18
Londres,LON,GB,51.5074,-0.1278,2025-12-29T20:00:00Z,2025-12-29,20:00,2,121.85,0,5.09,85.35,1.94,0.97,2.82,0.19
Londres,LON,GB,51.5074,-0.1278,2025-12-29T21:00:00Z,2025-12-29,21:00,2,122.67,0,5.54,84.84,2,1.02,2.98,0.19
Londres,LON,GB,51.5074,-0.1278,2025-12-29T22:00:00Z,2025-12-29,22:00,2,124.04,0,6.41,83.3,2.2,1.15,3.4,0.2
Londres,LON,GB,51.5074,-0.1278,2025-12-29T23:00:00Z,2025-12-29,23:00,2,125.86,0,7.37,80.91,2.47,1.34,3.94,0.19
Londres,LON,GB,51.5074,-0.1278,2025-12-30T00:00:00Z,2025-12-30,00:00,2,127.49,0,7.73,78.68,2.6,1.47,4.31,0.18
Londres,LON,GB,51.5074,-0.1278,2025-12-30T01:00:00Z,2025-12-30,01:00,2,128.21,0,7.05,77.8,2.47,1.51,4.5,0.16
Londres,LON,GB,51.5074,-0.1278,2025-12-30T02:00:00Z,2025-12-30,02:00,2,127.62,0,5.45,79.44,2.07,1.47,4.67,0.14
Londres,LON,GB,51.5074,-0.1278,2025-12-30T03:00:00Z,2025-12-30,03:00,2,125.98,0,3.85,81.89,1.65,1.43,4.95,0.12
Londres,LON,GB,51.5074,-0.1278,2025-12-30T04:00:00Z,2025-12-30,04:00,2,123.9,0,2.71,84.2,1.31,1.4,5.19,0.1
Londres,LON,GB,51.5074,-0.1278,2025-12-30T05:00:00Z,2025-12-30,05:00,2,122.33,0,2.42,85.31,1.26,1.4,5.34,0.1
Londres,LON,GB,51.5074,-0.1278,2025-12-30T06:00:00Z,2025-12-30,06:00,2,121.53,0,2.4,86.1,1.28,1.41,5.48,0.1
Londres,LON,GB,51.5074,-0.1278,2025-12-30T07:00:00Z,2025-12-30,07:00,2,121.42,0,2.44,87.3,1.31,1.38,5.39,0.1
Londres,LON,GB,51.5074,-0.1278,2025-12-30T08:00:00Z,2025-12-30,08:00,2,121.89,0,2.56,88.77,1.34,1.31,5.07,0.11
Londres,LON,GB,51.5074,-0.1278,2025-12-30T09:00:00Z,2025-12-30,09:00,2,122.75,0,2.8,89.66,1.39,1.22,4.58,0.12
Londres,LON,GB,51.5074,-0.1278,2025-12-30T10:00:00Z,2025-12-30,10:00,2,123.1,0.02,3.17,89.7,1.42,1.12,3.97,0.13
Londres,LON,GB,51.5074,-0.1278,2025-12-30T11:00:00Z,2025-12-30,11:00,2,123.6,0.05,3.5,88.89,1.45,1.04,3.44,0.14
Londres,LON,GB,51.5074,-0.1278,2025-12-30T12:00:00Z,2025-12-30,12:00,2,123.63,0.09,3.69,87.51,1.49,0.97,3.09,0.14
Londres,LON,GB,51.5074,-0.1278,2025-12-30T13:00:00Z,2025-12-30,13:00,2,123.25,0.13,3.75,85.95,1.54,0.92,2.89,0.15
Londres,LON,GB,51.5074,-0.1278,2025-12-30T14:00:00Z,2025-12-30,14:00,2,123.23,0.14,3.89,84.7,1.63,0.91,2.86,0.17
Londres,LON,GB,51.5074,-0.1278,2025-12-30T15:00:00Z,2025-12-30,15:00,2,123.31,0.1,4.12,83.86,1.72,0.9,2.87,0.19
Londres,LON,GB,51.5074,-0.1278,2025-12-30T16:00:00Z,2025-12-30,16:00,2,124.2,0.02,4.49,83.31,1.83,0.89,2.91,0.21
Londres,LON,GB,51.5074,-0.1278,2025-12-30T17:00:00Z,2025-12-30,17:00,2,125.33,0,4.8,82.86,1.96,0.89,2.96,0.23
Londres,LON,GB,51.5074,-0.1278,2025-12-30T18:00:00Z,2025-12-30,18:00,2,127.04,0,5.25,82.57,2.09,0.92,3.05,0.24
Londres,LON,GB,51.5074,-0.1278,2025-12-30T19:00:00Z,2025-12-30,19:00,2,128.28,0,5.82,81.89,2.17,0.97,3.21,0.25
Londres,LON,GB,51.5074,-0.1278,2025-12-30T20:00:00Z,2025-12-30,20:00,2,129.92,0,6.5,80.96,2.23,1.04,3.48,0.27
Londres,LON,GB,51.5074,-0.1278,2025-12-30T21:00:00Z,2025-12-30,21:00,2,131.37,0,7.12,80.03,2.24,1.1,3.64,0.28
Londres,LON,GB,51.5074,-0.1278,2025-12-30T22:00:00Z,2025-12-30,22:00,2,132.03,0,7.39,79.33,2.18,1.12,3.62,0.27
Londres,LON,GB,51.5074,-0.1278,2025-12-30T23:00:00Z,2025-12-30,23:00,2,132.97,0,7.51,79.46,2.15,1.15,3.62,0.25
Londres,LON,GB,51.5074,-0.1278,2025-12-31T00:00:00Z,2025-12-31,00:00,2,133.72,0,7.43,80.09,2.1,1.17,3.61,0.23
Londres,LON,GB,51.5074,-0.1278,2025-12-31T01:00:00Z,2025-12-31,01:00,2,134.29,0,7.27,80.63,2.07,1.18,3.6,0.21
Londres,LON,GB,51.5074,-0.1278,2025-12-31T02:00:00Z,2025-12-31,02:00,2,134.77,0,7.14,80.94,2.12,1.21,3.64,0.22
Londres,LON,GB,51.5074,-0.1278,2025-12-31T03:00:00Z,2025-12-31,03:00,2,135.06,0,6.94,81.16,2.24,1.23,3.69,0.23
Londres,LON,GB,51.5074,-0.1278,2025-12-31T04:00:00Z,2025-12-31,04:00,2,134.71,0,6.79,80.6,2.4,1.34,3.86,0.23
Londres,LON,GB,51.5074,-0.1278,2025-12-31T05:00:00Z,2025-12-31,05:00,2,134.61,0,6.67,80.27,2.56,1.49,4.11,0.23
Londres,LON,GB,51.5074,-0.1278,2025-12-31T06:00:00Z,2025-12-31,06:00,2,134.31,0,6.57,80.1,2.71,1.64,4.37,0.23
Londres,LON,GB,51.5074,-0.1278,2025-12-31T07:00:00Z,2025-12-31,07:00,2,134.14,0,6.58,79.78,2.86,1.83,4.67,0.21
Londres,LON,GB,51.5074,-0.1278,2025-12-31T08:00:00Z,2025-12-31,08:00,2,134.29,0,6.89,78.98,3.09,2.1,5.04,0.2
Londres,LON,GB,51.5074,-0.1278,2025-12-31T09:00:00Z,2025-12-31,09:00,2,134.54,0.02,7.51,78.02,3.4,2.41,5.43,0.19
Londres,LON,GB,51.5074,-0.1278,2025-12-31T10:00:00Z,2025-12-31,10:00,2,134.72,0.3,8.43,77.76,3.72,2.57,5.62,0.21
Londres,LON,GB,51.5074,-0.1278,2025-12-31T11:00:00Z,2025-12-31,11:00,2,135.21,0.73,8.85,77.13,4.07,2.68,5.76,0.22
Londres,LON,GB,51.5074,-0.1278,2025-12-31T12:00:00Z,2025-12-31,12:00,2,135.7,1.07,9.29,76.33,4.38,2.8,5.88,0.22
Londres,LON,GB,51.5074,-0.1278,2025-12-31T13:00:00Z,2025-12-31,13:00,2,136.26,1.23,9.89,75.68,4.74,2.8,5.85,0.24
Londres,LON,GB,51.5074,-0.1278,2025-12-31T14:00:00Z,2025-12-31,14:00,2,136.2,1.13,10.9,74.68,5.12,2.81,5.79,0.25
Londres,LON,GB,51.5074,-0.1278,2025-12-31T15:00:00Z,2025-12-31,15:00,2,136.05,0.77,12.36,73.2,5.49,2.83,5.75,0.26
Londres,LON,GB,51.5074,-0.1278,2025-12-31T16:00:00Z,2025-12-31,16:00,2,136.71,0.16,14.08,71.48,5.82,2.94,5.79,0.27
Londres,LON,GB,51.5074,-0.1278,2025-12-31T17:00:00Z,2025-12-31,17:00,2,136.44,0,13.9,70.86,5.8,2.92,5.66,0.28
Londres,LON,GB,51.5074,-0.1278,2025-12-31T18:00:00Z,2025-12-31,18:00,2,135.69,0,12.79,71.73,5.37,3,5.56,0.26
Londres,LON,GB,51.5074,-0.1278,2025-12-31T19:00:00Z,2025-12-31,19:00,2,134.97,0,11.38,73.19,4.73,3.1,5.47,0.25
Londres,LON,GB,51.5074,-0.1278,2025-12-31T20:00:00Z,2025-12-31,20:00,2,134.2,0,10.13,74.51,4.21,3.4,5.57,0.23
Londres,LON,GB,51.5074,-0.1278,2025-12-31T21:00:00Z,2025-12-31,21:00,2,133.62,0,9.01,75.83,3.81,3.65,5.65,0.22
Londres,LON,GB,51.5074,-0.1278,2025-12-31T22:00:00Z,2025-12-31,22:00,2,132.58,0,7.94,77.36,3.48,3.62,5.46,0.22
Londres,LON,GB,51.5074,-0.1278,2025-12-31T23:00:00Z,2025-12-31,23:00,2,131.29,0,6.93,79.17,3.14,3.3,4.98,0.23
Londres,LON,GB,51.5074,-0.1278,2026-01-01T00:00:00Z,2026-01-01,00:00,2,130,0,6.06,80.73,2.83,2.99,4.56,0.23
Londres,LON,GB,51.5074,-0.1278,2026-01-02T01:00:00Z,2026-01-02,01:00,2,125.62,0,3.08,83.91,1.19,0.5,0.83,0.14
Londres,LON,GB,51.5074,-0.1278,2026-01-02T02:00:00Z,2026-01-02,02:00,2,124.97,0,2.86,83.53,1.16,0.5,0.78,0.13
Londres,LON,GB,51.5074,-0.1278,2026-01-02T03:00:00Z,2026-01-02,03:00,2,123.94,0,2.71,82.83,1.15,0.5,0.76,0.12
Londres,LON,GB,51.5074,-0.1278,2026-01-02T04:00:00Z,2026-01-02,04:00,2,123.83,0,2.68,82.19,1.18,0.5,0.86,0.13
Londres,LON,GB,51.5074,-0.1278,2026-01-02T05:00:00Z,2026-01-02,05:00,2,124.54,0,2.77,81.45,1.23,0.5,1.11,0.15
Londres,LON,GB,51.5074,-0.1278,2026-01-02T06:00:00Z,2026-01-02,06:00,2,125.53,0,2.64,81.36,1.18,0.5,1.28,0.15
Londres,LON,GB,51.5074,-0.1278,2026-01-02T07:00:00Z,2026-01-02,07:00,2,126.19,0,2.33,81.45,1,0.5,1.03,0.12
Londres,LON,GB,51.5074,-0.1278,2026-01-02T08:00:00Z,2026-01-02,08:00,2,127.65,0,2.6,80.73,1.02,0.5,0.8,0.11
Londres,LON,GB,51.5074,-0.1278,2026-01-02T09:00:00Z,2026-01-02,09:00,2,129.59,0,3.08,79.45,1.12,0.5,0.66,0.12
Londres,LON,GB,51.5074,-0.1278,2026-01-02T10:00:00Z,2026-01-02,10:00,2,129.92,0.04,3.2,79.38,1.13,0.5,0.56,0.12
Londres,LON,GB,51.5074,-0.1278,2026-01-02T11:00:00Z,2026-01-02,11:00,2,129.39,0.15,3.01,81.32,1.16,0.5,0.54,0.14
Londres,LON,GB,51.5074,-0.1278,2026-01-02T12:00:00Z,2026-01-02,12:00,2,128.01,0.27,2.8,85.45,1.19,0.5,0.54,0.16
Londres,LON,GB,51.5074,-0.1278,2026-01-02T13:00:00Z,2026-01-02,13:00,2,125.75,0.28,2.65,90.86,1.19,0.5,0.58,0.19
Londres,LON,GB,51.5074,-0.1278,2026-01-02T14:00:00Z,2026-01-02,14:00,2,124.31,0.21,2.78,94.89,1.23,0.5,0.66,0.21
Londres,LON,GB,51.5074,-0.1278,2026-01-02T15:00:00Z,2026-01-02,15:00,2,123.73,0.12,3,96.81,1.28,0.5,0.75,0.25
Londres,LON,GB,51.5074,-0.1278,2026-01-02T16:00:00Z,2026-01-02,16:00,2,123.51,0.03,3.31,96.3,1.37,0.5,0.85,0.31
Londres,LON,GB,51.5074,-0.1278,2026-01-02T17:00:00Z,2026-01-02,17:00,2,123.68,0,3.41,95.13,1.43,0.5,0.94,0.37
Londres,LON,GB,51.5074,-0.1278,2026-01-02T18:00:00Z,2026-01-02,18:00,2,123.46,0,3.33,94.29,1.4,0.5,0.97,0.37
Londres,LON,GB,51.5074,-0.1278,2026-01-02T19:00:00Z,2026-01-02,19:00,2,123.19,0,3.45,93.49,1.47,0.5,0.97,0.39
Londres,LON,GB,51.5074,-0.1278,2026-01-02T20:00:00Z,2026-01-02,20:00,2,123.54,0,3.78,92.66,1.64,0.5,0.99,0.42
Londres,LON,GB,51.5074,-0.1278,2026-01-02T21:00:00Z,2026-01-02,21:00,2,124.27,0,3.93,91.58,1.69,0.5,1,0.4
Londres,LON,GB,51.5074,-0.1278,2026-01-02T22:00:00Z,2026-01-02,22:00,2,125.13,0,3.96,90.28,1.65,0.5,1,0.38
Londres,LON,GB,51.5074,-0.1278,2026-01-02T23:00:00Z,2026-01-02,23:00,2,126.5,0,3.99,88.61,1.64,0.5,1.02,0.37
Londres,LON,GB,51.5074,-0.1278,2026-01-03T00:00:00Z,2026-01-03,00:00,2,128.17,0,4.04,87.19,1.65,0.5,1.04,0.37
Londres,LON,GB,51.5074,-0.1278,2026-01-03T01:00:00Z,2026-01-03,01:00,2,128.95,0,3.9,86.31,1.59,0.5,1.03,0.35
Londres,LON,GB,51.5074,-0.1278,2026-01-03T02:00:00Z,2026-01-03,02:00,2,129.05,0,3.43,86.39,1.42,0.5,0.94,0.32
Londres,LON,GB,51.5074,-0.1278,2026-01-03T03:00:00Z,2026-01-03,03:00,2,127.63,0,2.89,87.29,1.23,0.5,0.83,0.28
Londres,LON,GB,51.5074,-0.1278,2026-01-03T04:00:00Z,2026-01-03,04:00,2,125.32,0,2.35,89.77,1.04,0.5,0.71,0.24
Londres,LON,GB,51.5074,-0.1278,2026-01-03T05:00:00Z,2026-01-03,05:00,2,123.53,0,2.1,92.13,0.98,0.5,0.64,0.24
Londres,LON,GB,51.5074,-0.1278,2026-01-03T06:00:00Z,2026-01-03,06:00,2,122.98,0,2.02,92.79,0.99,0.5,0.61,0.26
Londres,LON,GB,51.5074,-0.1278,2026-01-03T07:00:00Z,2026-01-03,07:00,2,122.88,0,2.03,92.53,1.02,0.5,0.6,0.3
Londres,LON,GB,51.5074,-0.1278,2026-01-03T08:00:00Z,2026-01-03,08:00,2,123.8,0,2.12,91.92,1.05,0.5,0.61,0.34
Londres,LON,GB,51.5074,-0.1278,2026-01-03T09:00:00Z,2026-01-03,09:00,2,125.2,0.01,2.27,90.75,1.08,0.5,0.65,0.37
Londres,LON,GB,51.5074,-0.1278,2026-01-03T10:00:00Z,2026-01-03,10:00,2,126.6,0.08,2.37,89.08,1.1,0.5,0.7,0.39
Londres,LON,GB,51.5074,-0.1278,2026-01-03T11:00:00Z,2026-01-03,11:00,2,127.44,0.17,2.32,87.34,1.11,0.5,0.74,0.39
Londres,LON,GB,51.5074,-0.1278,2026-01-03T12:00:00Z,2026-01-03,12:00,2,128.08,0.23,2.31,85.51,1.11,0.5,0.76,0.38
Londres,LON,GB,51.5074,-0.1278,2026-01-03T13:00:00Z,2026-01-03,13:00,2,128.37,0.26,2.41,84.2,1.15,0.5,0.77,0.38
Londres,LON,GB,51.5074,-0.1278,2026-01-03T14:00:00Z,2026-01-03,14:00,2,129.17,0.27,2.85,83.1,1.31,0.5,0.83,0.45
Londres,LON,GB,51.5074,-0.1278,2026-01-03T15:00:00Z,2026-01-03,15:00,2,129.78,0.2,3.32,81.92,1.46,0.5,0.87,0.51
Londres,LON,GB,51.5074,-0.1278,2026-01-03T16:00:00Z,2026-01-03,16:00,2,130.29,0.05,3.91,80.47,1.62,0.5,0.91,0.56
Londres,LON,GB,51.5074,-0.1278,2026-01-03T17:00:00Z,2026-01-03,17:00,2,130.7,0,4.08,79.32,1.7,0.5,0.89,0.58
Londres,LON,GB,51.5074,-0.1278,2026-01-03T18:00:00Z,2026-01-03,18:00,2,130.73,0,4.02,78.99,1.72,0.5,0.84,0.57
Londres,LON,GB,51.5074,-0.1278,2026-01-03T19:00:00Z,2026-01-03,19:00,2,130.46,0,3.76,78.65,1.67,0.5,0.78,0.52
Londres,LON,GB,51.5074,-0.1278,2026-01-03T20:00:00Z,2026-01-03,20:00,2,131.13,0,3.6,77.64,1.64,0.5,0.8,0.48
Londres,LON,GB,51.5074,-0.1278,2026-01-03T21:00:00Z,2026-01-03,21:00,2,132.28,0,3.49,77.12,1.6,0.5,0.86,0.46
Londres,LON,GB,51.5074,-0.1278,2026-01-03T22:00:00Z,2026-01-03,22:00,2,132.86,0,3.71,76.85,1.72,0.5,0.97,0.5
Londres,LON,GB,51.5074,-0.1278,2026-01-03T23:00:00Z,2026-01-03,23:00,2,133.15,0,4.05,77.48,1.9,0.5,1.07,0.57
Londres,LON,GB,51.5074,-0.1278,2026-01-04T00:00:00Z,2026-01-04,00:00,2,133.06,0,4.08,79.27,1.95,0.5,1.11,0.62
Londres,LON,GB,51.5074,-0.1278,2026-01-04T01:00:00Z,2026-01-04,01:00,2,131.99,0,3.9,81.21,1.92,0.5,1.09,0.64
Londres,LON,GB,51.5074,-0.1278,2026-01-04T02:00:00Z,2026-01-04,02:00,2,131.38,0,3.58,83.47,1.83,0.5,1.05,0.63
Londres,LON,GB,51.5074,-0.1278,2026-01-04T03:00:00Z,2026-01-04,03:00,2,130.97,0,3.3,84.83,1.75,0.5,1.01,0.61
Londres,LON,GB,51.5074,-0.1278,2026-01-04T04:00:00Z,2026-01-04,04:00,2,130.1,0,2.84,86.07,1.52,0.5,0.89,0.53
Londres,LON,GB,51.5074,-0.1278,2026-01-04T05:00:00Z,2026-01-04,05:00,2,129.75,0,2.63,86.93,1.41,0.5,0.82,0.48
Londres,LON,GB,51.5074,-0.1278,2026-01-04T06:00:00Z,2026-01-04,06:00,2,129.3,0,2.56,87.22,1.38,0.5,0.76,0.46
Londres,LON,GB,51.5074,-0.1278,2026-01-04T07:00:00Z,2026-01-04,07:00,2,129.42,0,2.54,87.74,1.36,0.5,0.69,0.44
Londres,LON,GB,51.5074,-0.1278,2026-01-04T08:00:00Z,2026-01-04,08:00,2,129.25,0,2.58,87.94,1.35,0.5,0.64,0.41
Londres,LON,GB,51.5074,-0.1278,2026-01-04T09:00:00Z,2026-01-04,09:00,2,129.07,0.01,2.7,87.97,1.36,0.5,0.6,0.39
Londres,LON,GB,51.5074,-0.1278,2026-01-04T10:00:00Z,2026-01-04,10:00,2,129.08,0.1,2.75,88.56,1.34,0.5,0.56,0.36
Londres,LON,GB,51.5074,-0.1278,2026-01-04T11:00:00Z,2026-01-04,11:00,2,128.98,0.21,2.66,88.66,1.37,0.5,0.55,0.34
Londres,LON,GB,51.5074,-0.1278,2026-01-04T12:00:00Z,2026-01-04,12:00,2,128.97,0.29,2.62,88.51,1.38,0.5,0.56,0.32
Londres,LON,GB,51.5074,-0.1278,2026-01-04T13:00:00Z,2026-01-04,13:00,2,129.35,0.3,2.61,88.6,1.38,0.5,0.56,0.29
Londres,LON,GB,51.5074,-0.1278,2026-01-04T14:00:00Z,2026-01-04,14:00,2,129.53,0.26,2.7,88.44,1.35,0.5,0.56,0.25
Londres,LON,GB,51.5074,-0.1278,2026-01-04T15:00:00Z,2026-01-04,15:00,2,129.51,0.16,2.83,88.2,1.31,0.5,0.55,0.22
Londres,LON,GB,51.5074,-0.1278,2026-01-04T16:00:00Z,2026-01-04,16:00,2,130,0.04,3.1,87.49,1.3,0.5,0.55,0.2
Londres,LON,GB,51.5074,-0.1278,2026-01-04T17:00:00Z,2026-01-04,17:00,2,130.03,0,3.07,86.55,1.27,0.5,0.53,0.2
Londres,LON,GB,51.5074,-0.1278,2026-01-04T18:00:00Z,2026-01-04,18:00,2,129.77,0,2.96,85.36,1.23,0.5,0.51,0.2
Londres,LON,GB,51.5074,-0.1278,2026-01-04T19:00:00Z,2026-01-04,19:00,2,129.74,0,2.96,84.69,1.21,0.5,0.5,0.21
Londres,LON,GB,51.5074,-0.1278,2026-01-04T20:00:00Z,2026-01-04,20:00,2,130.01,0,3.02,84.19,1.2,0.5,0.5,0.22
Londres,LON,GB,51.5074,-0.1278,2026-01-04T21:00:00Z,2026-01-04,21:00,2,130.2,0,3.02,84.43,1.21,0.5,0.53,0.24
Londres,LON,GB,51.5074,-0.1278,2026-01-04T22:00:00Z,2026-01-04,22:00,2,130.3,0,2.92,85.09,1.2,0.5,0.55,0.26
Londres,LON,GB,51.5074,-0.1278,2026-01-04T23:00:00Z,2026-01-04,23:00,2,130.32,0,2.85,85.92,1.2,0.5,0.56,0.27
Londres,LON,GB,51.5074,-0.1278,2026-01-05T00:00:00Z,2026-01-05,00:00,2,130.63,0,2.81,86.51,1.19,0.5,0.57,0.29
Londres,LON,GB,51.5074,-0.1278,2026-01-05T01:00:00Z,2026-01-05,01:00,2,130.66,0,2.73,86.87,1.18,0.5,0.56,0.3
Londres,LON,GB,51.5074,-0.1278,2026-01-05T02:00:00Z,2026-01-05,02:00,2,130.23,0,2.68,86.45,1.19,0.5,0.54,0.32
Londres,LON,GB,51.5074,-0.1278,2026-01-05T03:00:00Z,2026-01-05,03:00,2,129.98,0,2.65,85.86,1.2,0.5,0.51,0.34
Londres,LON,GB,51.5074,-0.1278,2026-01-05T04:00:00Z,2026-01-05,04:00,2,130.48,0,2.67,85.87,1.23,0.5,0.5,0.34
Londres,LON,GB,51.5074,-0.1278,2026-01-05T05:00:00Z,2026-01-05,05:00,2,131.53,0,2.78,85.76,1.28,0.5,0.5,0.35
Londres,LON,GB,51.5074,-0.1278,2026-01-05T06:00:00Z,2026-01-05,06:00,2,132.4,0,2.9,85.81,1.36,0.5,0.5,0.36
Londres,LON,GB,51.5074,-0.1278,2026-01-05T07:00:00Z,2026-01-05,07:00,2,132.31,0,3.01,85.61,1.43,0.5,0.5,0.37
Londres,LON,GB,51.5074,-0.1278,2026-01-05T08:00:00Z,2026-01-05,08:00,2,132.04,0,3.24,86.07,1.55,0.5,0.52,0.39
Londres,LON,GB,51.5074,-0.1278,2026-01-05T09:00:00Z,2026-01-05,09:00,2,131.76,0.01,3.55,87.18,1.73,0.5,0.58,0.42
Londres,LON,GB,51.5074,-0.1278,2026-01-05T10:00:00Z,2026-01-05,10:00,2,131.02,0.13,3.8,88.09,1.88,0.5,0.66,0.44
Londres,LON,GB,51.5074,-0.1278,2026-01-05T11:00:00Z,2026-01-05,11:00,2,131.09,0.28,3.65,88.05,1.96,0.5,0.73,0.45
Londres,LON,GB,51.5074,-0.1278,2026-01-05T12:00:00Z,2026-01-05,12:00,2,131.91,0.38,3.46,86.36,1.94,0.5,0.78,0.42
Londres,LON,GB,51.5074,-0.1278,2026-01-05T13:00:00Z,2026-01-05,13:00,2,132.39,0.43,3.54,83.24,1.98,0.5,0.84,0.41
Londres,LON,GB,51.5074,-0.1278,2026-01-05T14:00:00Z,2026-01-05,14:00,2,133.07,0.43,4.22,79.74,2.24,0.5,0.94,0.48
Londres,LON,GB,51.5074,-0.1278,2026-01-05T15:00:00Z,2026-01-05,15:00,2,133.09,0.31,5,76.41,2.41,0.5,1,0.55
Londres,LON,GB,51.5074,-0.1278,2026-01-05T16:00:00Z,2026-01-05,16:00,2,133.42,0.07,5.83,73.47,2.53,0.5,1.04,0.61
Londres,LON,GB,51.5074,-0.1278,2026-01-05T17:00:00Z,2026-01-05,17:00,2,133.57,0,6.01,71.26,2.59,0.5,1.07,0.65
Londres,LON,GB,51.5074,-0.1278,2026-01-05T18:00:00Z,2026-01-05,18:00,2,134.68,0,6.14,70.19,2.7,0.5,1.09,0.68
Londres,LON,GB,51.5074,-0.1278,2026-01-05T19:00:00Z,2026-01-05,19:00,2,137.92,0,8.22,66.4,3.64,0.73,1.57,0.87
Londres,LON,GB,51.5074,-0.1278,2026-01-05T20:00:00Z,2026-01-05,20:00,2,142.9,0,11.67,60.62,5.14,1.65,2.78,1.11
Londres,LON,GB,51.5074,-0.1278,2026-01-05T21:00:00Z,2026-01-05,21:00,1,146.25,0,13.77,56.9,6.08,2.55,3.87,1.21
Londres,LON,GB,51.5074,-0.1278,2026-01-05T22:00:00Z,2026-01-05,22:00,1,148.12,0,15.25,53.93,6.78,3.38,4.83,1.27
Londres,LON,GB,51.5074,-0.1278,2026-01-05T23:00:00Z,2026-01-05,23:00,1,150.32,0,16.52,51.52,7.44,4.16,5.74,1.32
Londres,LON,GB,51.5074,-0.1278,2026-01-06T00:00:00Z,2026-01-06,00:00,1,150.78,0,16.95,50.6,7.75,4.72,6.36,1.31
Londres,LON,GB,51.5074,-0.1278,2026-01-06T01:00:00Z,2026-01-06,01:00,1,150.45,0,16.46,50.95,7.75,4.94,6.58,1.24
Londres,LON,GB,51.5074,-0.1278,2026-01-06T02:00:00Z,2026-01-06,02:00,1,149.15,0,15.35,52.58,7.53,4.81,6.39,1.16
Londres,LON,GB,51.5074,-0.1278,2026-01-06T03:00:00Z,2026-01-06,03:00,1,147.26,0,13.91,55.12,7.19,4.5,5.98,1.07
Londres,LON,GB,51.5074,-0.1278,2026-01-06T04:00:00Z,2026-01-06,04:00,1,145.22,0,12.11,58.63,6.69,4.05,5.4,0.98
Londres,LON,GB,51.5074,-0.1278,2026-01-06T05:00:00Z,2026-01-06,05:00,2,143.12,0,10.34,62.25,6.07,3.53,4.73,0.89
Londres,LON,GB,51.5074,-0.1278,2026-01-06T06:00:00Z,2026-01-06,06:00,2,141.42,0,8.85,65.12,5.37,2.98,4.05,0.82
Londres,LON,GB,51.5074,-0.1278,2026-01-06T07:00:00Z,2026-01-06,07:00,2,138.4,0,6.15,69.94,3.61,1.7,2.44,0.66
Londres,LON,GB,51.5074,-0.1278,2026-01-06T08:00:00Z,2026-01-06,08:00,2,136.01,0,4.98,71.5,2.71,0.91,1.49,0.57
Londres,LON,GB,51.5074,-0.1278,2026-01-06T09:00:00Z,2026-01-06,09:00,2,134,0.01,4.59,72.81,2.33,0.51,0.96,0.54
Londres,LON,GB,51.5074,-0.1278,2026-01-06T10:00:00Z,2026-01-06,10:00,2,131.59,0.09,3.73,77.8,1.74,0.5,0.6,0.39
Londres,LON,GB,51.5074,-0.1278,2026-01-06T11:00:00Z,2026-01-06,11:00,2,129.24,0.11,2.92,82.83,1.34,0.5,0.5,0.26
Londres,LON,GB,51.5074,-0.1278,2026-01-06T12:00:00Z,2026-01-06,12:00,2,127.76,0.08,2.55,86.21,1.2,0.5,0.5,0.19
Londres,LON,GB,51.5074,-0.1278,2026-01-06T13:00:00Z,2026-01-06,13:00,2,127.17,0.05,2.34,88.62,1.13,0.5,0.5,0.14
Londres,LON,GB,51.5074,-0.1278,2026-01-06T14:00:00Z,2026-01-06,14:00,2,125.74,0.04,2.16,89.26,1.06,0.5,0.5,0.11
Londres,LON,GB,51.5074,-0.1278,2026-01-06T15:00:00Z,2026-01-06,15:00,2,124.14,0.02,2.07,89.16,1,0.5,0.5,0.09
Londres,LON,GB,51.5074,-0.1278,2026-01-06T16:00:00Z,2026-01-06,16:00,2,124.39,0,2.05,89.98,0.96,0.5,0.5,0.08
Londres,LON,GB,51.5074,-0.1278,2026-01-06T17:00:00Z,2026-01-06,17:00,2,124.23,0,2.07,89.92,0.92,0.5,0.5,0.06
Londres,LON,GB,51.5074,-0.1278,2026-01-06T18:00:00Z,2026-01-06,18:00,2,124.34,0,2.07,90.11,0.9,0.5,0.5,0.06
Londres,LON,GB,51.5074,-0.1278,2026-01-06T19:00:00Z,2026-01-06,19:00,2,123.97,0,2,90.06,0.91,0.5,0.54,0.05
Londres,LON,GB,51.5074,-0.1278,2026-01-06T20:00:00Z,2026-01-06,20:00,2,123.58,0,1.99,89.36,0.98,0.5,0.63,0.05
Londres,LON,GB,51.5074,-0.1278,2026-01-06T21:00:00Z,2026-01-06,21:00,2,123.48,0,2.05,88.35,1.01,0.5,0.78,0.07
Londres,LON,GB,51.5074,-0.1278,2026-01-06T22:00:00Z,2026-01-06,22:00,2,124.94,0,2.15,87.77,1.03,0.5,0.85,0.1
Londres,LON,GB,51.5074,-0.1278,2026-01-06T23:00:00Z,2026-01-06,23:00,2,125.15,0,2.27,86.17,1.01,0.5,0.99,0.13
Londres,LON,GB,51.5074,-0.1278,2026-01-07T00:00:00Z,2026-01-07,00:00,2,125.26,0,2.29,84.81,0.98,0.5,1.17,0.12
Londres,LON,GB,51.5074,-0.1278,2026-01-07T01:00:00Z,2026-01-07,01:00,2,125.01,0,2.31,83.4,0.94,0.51,1.19,0.09
Londres,LON,GB,51.5074,-0.1278,2026-01-07T02:00:00Z,2026-01-07,02:00,2,124.68,0,2.33,82.42,0.87,0.51,1.15,0.07
Londres,LON,GB,51.5074,-0.1278,2026-01-07T03:00:00Z,2026-01-07,03:00,2,124.53,0,2.3,82.17,0.83,0.52,1.11,0.06
Londres,LON,GB,51.5074,-0.1278,2026-01-07T04:00:00Z,2026-01-07,04:00,2,125.48,0,2.41,82.17,0.91,0.54,1.2,0.07
Londres,LON,GB,51.5074,-0.1278,2026-01-07T05:00:00Z,2026-01-07,05:00,2,126.48,0,2.78,81.87,1.11,0.56,1.32,0.1
Londres,LON,GB,51.5074,-0.1278,2026-01-07T06:00:00Z,2026-01-07,06:00,2,129.55,0,3.17,81.73,1.3,0.62,1.59,0.18
Londres,LON,GB,51.5074,-0.1278,2026-01-07T07:00:00Z,2026-01-07,07:00,2,132.33,0,3.16,82.23,1.36,0.67,1.99,0.24
Londres,LON,GB,51.5074,-0.1278,2026-01-07T08:00:00Z,2026-01-07,08:00,2,131.63,0,3.07,81.59,1.32,0.66,2.15,0.24
Londres,LON,GB,51.5074,-0.1278,2026-01-07T09:00:00Z,2026-01-07,09:00,2,130.17,0.01,2.96,80.95,1.22,0.6,2,0.22
Londres,LON,GB,51.5074,-0.1278,2026-01-07T10:00:00Z,2026-01-07,10:00,2,128.51,0.11,2.74,80.65,1.14,0.52,1.72,0.2
Londres,LON,GB,51.5074,-0.1278,2026-01-07T11:00:00Z,2026-01-07,11:00,2,128.17,0.23,2.59,80.86,1.17,0.5,1.51,0.19
Londres,LON,GB,51.5074,-0.1278,2026-01-07T12:00:00Z,2026-01-07,12:00,2,128.1,0.32,2.7,81.14,1.27,0.5,1.47,0.2
Londres,LON,GB,51.5074,-0.1278,2026-01-07T13:00:00Z,2026-01-07,13:00,2,128.23,0.35,2.79,81.91,1.31,0.5,1.52,0.23
Londres,LON,GB,51.5074,-0.1278,2026-01-07T14:00:00Z,2026-01-07,14:00,2,128.34,0.31,3.03,82.34,1.36,0.5,1.7,0.28
Londres,LON,GB,51.5074,-0.1278,2026-01-07T15:00:00Z,2026-01-07,15:00,2,128.64,0.21,3.28,82.62,1.42,0.53,1.88,0.32
Londres,LON,GB,51.5074,-0.1278,2026-01-07T16:00:00Z,2026-01-07,16:00,2,129.14,0.04,3.48,83.22,1.46,0.53,1.94,0.35
Londres,LON,GB,51.5074,-0.1278,2026-01-07T17:00:00Z,2026-01-07,17:00,2,129.2,0,3.48,83.36,1.52,0.54,1.97,0.38
Londres,LON,GB,51.5074,-0.1278,2026-01-07T18:00:00Z,2026-01-07,18:00,2,128.97,0,3.5,83.17,1.55,0.54,2.02,0.39
Londres,LON,GB,51.5074,-0.1278,2026-01-07T19:00:00Z,2026-01-07,19:00,2,128.61,0,3.67,82.07,1.65,0.56,2.02,0.38
Londres,LON,GB,51.5074,-0.1278,2026-01-07T20:00:00Z,2026-01-07,20:00,2,128.31,0,4.04,80.15,1.83,0.59,1.93,0.36
Londres,LON,GB,51.5074,-0.1278,2026-01-07T21:00:00Z,2026-01-07,21:00,2,127.54,0,4.35,78.48,1.99,0.61,1.7,0.31
Londres,LON,GB,51.5074,-0.1278,2026-01-07T22:00:00Z,2026-01-07,22:00,2,127.95,0,6.08,75.39,2.72,0.69,1.5,0.25
Londres,LON,GB,51.5074,-0.1278,2026-01-07T23:00:00Z,2026-01-07,23:00,2,128.79,0,9.11,70.49,3.9,0.87,1.53,0.21
Londres,LON,GB,51.5074,-0.1278,2026-01-08T00:00:00Z,2026-01-08,00:00,2,129.54,0,11.56,66.63,4.87,1.05,1.65,0.16
Londres,LON,GB,51.5074,-0.1278,2026-01-08T01:00:00Z,2026-01-08,01:00,2,129.89,0,13.34,63.85,5.59,1.23,1.81,0.12
Londres,LON,GB,51.5074,-0.1278,2026-01-08T02:00:00Z,2026-01-08,02:00,2,130.13,0,14.87,60.37,6.06,1.42,2.03,0.09
Londres,LON,GB,51.5074,-0.1278,2026-01-08T03:00:00Z,2026-01-08,03:00,1,129.72,0,15.05,57.79,5.8,1.55,2.22,0.08
Londres,LON,GB,51.5074,-0.1278,2026-01-08T04:00:00Z,2026-01-08,04:00,1,129.05,0,12.44,59.9,4.82,1.46,2.22,0.08
Londres,LON,GB,51.5074,-0.1278,2026-01-08T05:00:00Z,2026-01-08,05:00,2,129.25,0,11.17,62.78,4.33,1.4,2.27,0.1
Londres,LON,GB,51.5074,-0.1278,2026-01-08T06:00:00Z,2026-01-08,06:00,2,128.06,0,7.71,69.26,3.11,1.1,2.08,0.15
Londres,LON,GB,51.5074,-0.1278,2026-01-08T07:00:00Z,2026-01-08,07:00,2,126.35,0,3.77,77.23,1.62,0.72,1.79,0.2
Londres,LON,GB,51.5074,-0.1278,2026-01-08T08:00:00Z,2026-01-08,08:00,2,126.75,0,3.25,80.94,1.45,0.66,1.82,0.21
Londres,LON,GB,51.5074,-0.1278,2026-01-08T09:00:00Z,2026-01-08,09:00,2,126.86,0,3.12,83.61,1.45,0.62,1.81,0.21
Londres,LON,GB,51.5074,-0.1278,2026-01-08T10:00:00Z,2026-01-08,10:00,2,126.61,0.01,2.93,86.28,1.42,0.54,1.39,0.16
Londres,LON,GB,51.5074,-0.1278,2026-01-08T11:00:00Z,2026-01-08,11:00,2,126.27,0.02,3.15,88.15,1.45,0.51,1.02,0.1
Londres,LON,GB,51.5074,-0.1278,2026-01-08T12:00:00Z,2026-01-08,12:00,2,126.02,0.03,3.6,90.09,1.57,0.51,0.85,0.07
Londres,LON,GB,51.5074,-0.1278,2026-01-08T13:00:00Z,2026-01-08,13:00,2,125.3,0.04,4.15,91.42,1.62,0.57,0.79,0.05
Londres,LON,GB,51.5074,-0.1278,2026-01-08T14:00:00Z,2026-01-08,14:00,2,124.03,0.03,5.02,86.98,1.61,0.74,0.93,0.05
Londres,LON,GB,51.5074,-0.1278,2026-01-08T15:00:00Z,2026-01-08,15:00,2,122.77,0.02,5.86,76.26,1.47,1.03,1.28,0.06
Londres,LON,GB,51.5074,-0.1278,2026-01-08T16:00:00Z,2026-01-08,16:00,2,120.62,0.01,5.47,73.36,1.24,1.17,1.52,0.05
Londres,LON,GB,51.5074,-0.1278,2026-01-08T17:00:00Z,2026-01-08,17:00,2,115.05,0,4.04,79.6,1.04,1.07,1.51,0.05
Londres,LON,GB,51.5074,-0.1278,2026-01-08T18:00:00Z,2026-01-08,18:00,2,110.62,0,3.01,84.3,0.9,1.17,1.73,0.05
Londres,LON,GB,51.5074,-0.1278,2026-01-08T19:00:00Z,2026-01-08,19:00,2,111.22,0,2.58,87.17,0.9,1.72,2.81,0.06
Londres,LON,GB,51.5074,-0.1278,2026-01-08T20:00:00Z,2026-01-08,20:00,2,114.01,0,2.22,87.09,0.87,2.11,4.14,0.07
Londres,LON,GB,51.5074,-0.1278,2026-01-08T21:00:00Z,2026-01-08,21:00,2,119.6,0,1.96,86.46,0.78,2.25,5.4,0.06
Londres,LON,GB,51.5074,-0.1278,2026-01-08T22:00:00Z,2026-01-08,22:00,2,118.61,0,2.18,80.59,0.67,2.13,5.35,0.03
Londres,LON,GB,51.5074,-0.1278,2026-01-08T23:00:00Z,2026-01-08,23:00,2,120.16,0,2.99,76.51,0.76,2.03,5.05,0.02
Londres,LON,GB,51.5074,-0.1278,2026-01-09T00:00:00Z,2026-01-09,00:00,2,119.46,0,3.56,75.62,0.95,2.01,4.4,0.06
Londres,LON,GB,51.5074,-0.1278,2026-01-09T01:00:00Z,2026-01-09,01:00,2,125.23,0,6.39,69.08,1.32,2.44,5.12,0.14
Londres,LON,GB,51.5074,-0.1278,2026-01-09T02:00:00Z,2026-01-09,02:00,1,139.69,0,10.09,58.46,1.58,2.25,5.02,0.2
Londres,LON,GB,51.5074,-0.1278,2026-01-09T03:00:00Z,2026-01-09,03:00,1,153.24,0,10.62,53.22,1.48,1.73,4.34,0.23
Londres,LON,GB,51.5074,-0.1278,2026-01-09T04:00:00Z,2026-01-09,04:00,1,161.18,0,9.93,47.97,1.18,1.29,3.52,0.21
Londres,LON,GB,51.5074,-0.1278,2026-01-09T05:00:00Z,2026-01-09,05:00,1,160.77,0,8.53,47.67,1.05,0.97,2.72,0.14
Londres,LON,GB,51.5074,-0.1278,2026-01-09T06:00:00Z,2026-01-09,06:00,1,156.83,0,6.63,50.59,1,0.83,2.24,0.12
Londres,LON,GB,51.5074,-0.1278,2026-01-09T07:00:00Z,2026-01-09,07:00,1,153.11,0,5.26,53.56,0.94,0.66,1.85,0.11
Londres,LON,GB,51.5074,-0.1278,2026-01-09T08:00:00Z,2026-01-09,08:00,1,152.06,0,4.91,54.97,0.99,0.55,1.58,0.12
Londres,LON,GB,51.5074,-0.1278,2026-01-09T09:00:00Z,2026-01-09,09:00,1,151.75,0,5.02,55.47,1.06,0.51,1.35,0.14
Londres,LON,GB,51.5074,-0.1278,2026-01-09T10:00:00Z,2026-01-09,10:00,1,150.53,0.02,5.19,56.62,1.14,0.5,1.23,0.15
Londres,LON,GB,51.5074,-0.1278,2026-01-09T11:00:00Z,2026-01-09,11:00,1,149.69,0.07,5.44,57.85,1.24,0.5,1.22,0.17
Londres,LON,GB,51.5074,-0.1278,2026-01-09T12:00:00Z,2026-01-09,12:00,1,148.67,0.11,5.61,58.73,1.33,0.5,1.2,0.19
Londres,LON,GB,51.5074,-0.1278,2026-01-09T13:00:00Z,2026-01-09,13:00,1,147.81,0.12,5.75,59.19,1.42,0.5,1.27,0.22
Londres,LON,GB,51.5074,-0.1278,2026-01-09T14:00:00Z,2026-01-09,14:00,1,147.12,0.08,5.9,59.69,1.5,0.5,1.27,0.26
Londres,LON,GB,51.5074,-0.1278,2026-01-09T15:00:00Z,2026-01-09,15:00,2,146.98,0.04,6.13,60.19,1.55,0.5,1.2,0.28
Londres,LON,GB,51.5074,-0.1278,2026-01-09T16:00:00Z,2026-01-09,16:00,2,145.98,0.01,6.28,61.04,1.58,0.5,1.13,0.28
Londres,LON,GB,51.5074,-0.1278,2026-01-09T17:00:00Z,2026-01-09,17:00,2,145.23,0,6.33,61.76,1.59,0.5,1.09,0.28
Londres,LON,GB,51.5074,-0.1278,2026-01-09T18:00:00Z,2026-01-09,18:00,2,144.76,0,6.34,62.4,1.59,0.5,1.06,0.3
Londres,LON,GB,51.5074,-0.1278,2026-01-09T19:00:00Z,2026-01-09,19:00,2,143.35,0,6.08,63.04,1.55,0.5,1.05,0.32
Londres,LON,GB,51.5074,-0.1278,2026-01-09T20:00:00Z,2026-01-09,20:00,2,143.62,0,6.33,62.8,1.69,0.5,1.14,0.35
Londres,LON,GB,51.5074,-0.1278,2026-01-09T21:00:00Z,2026-01-09,21:00,2,144.27,0,6.47,62.64,1.8,0.5,1.21,0.37
Londres,LON,GB,51.5074,-0.1278,2026-01-09T22:00:00Z,2026-01-09,22:00,2,144.16,0,6.41,62.39,1.85,0.5,1.24,0.36
Londres,LON,GB,51.5074,-0.1278,2026-01-09T23:00:00Z,2026-01-09,23:00,2,144.71,0,6.23,62.46,1.86,0.51,1.28,0.36
Londres,LON,GB,51.5074,-0.1278,2026-01-10T00:00:00Z,2026-01-10,00:00,2,144.88,0,5.97,62.86,1.84,0.53,1.3,0.35
Londres,LON,GB,51.5074,-0.1278,2026-01-10T01:00:00Z,2026-01-10,01:00,2,144.6,0,5.53,63.51,1.75,0.53,1.28,0.32
Londres,LON,GB,51.5074,-0.1278,2026-01-10T02:00:00Z,2026-01-10,02:00,2,145.09,0,5.12,64.65,1.66,0.56,1.27,0.28
Londres,LON,GB,51.5074,-0.1278,2026-01-10T03:00:00Z,2026-01-10,03:00,2,145.68,0,4.76,65.88,1.58,0.55,1.23,0.26
Londres,LON,GB,51.5074,-0.1278,2026-01-10T04:00:00Z,2026-01-10,04:00,2,145.63,0,5.1,65.58,1.78,0.62,1.4,0.25
Londres,LON,GB,51.5074,-0.1278,2026-01-10T05:00:00Z,2026-01-10,05:00,2,146.27,0,5.94,64.31,2.18,0.92,1.86,0.26
Londres,LON,GB,51.5074,-0.1278,2026-01-10T06:00:00Z,2026-01-10,06:00,2,146.91,0,6.45,63.94,2.53,1.4,2.47,0.27
Londres,LON,GB,51.5074,-0.1278,2026-01-10T07:00:00Z,2026-01-10,07:00,2,146.4,0,6.79,64.05,2.83,1.88,3.05,0.31
Londres,LON,GB,51.5074,-0.1278,2026-01-10T08:00:00Z,2026-01-10,08:00,2,147.23,0,7.23,64.53,3.03,2.25,3.51,0.38
Londres,LON,GB,51.5074,-0.1278,2026-01-10T09:00:00Z,2026-01-10,09:00,2,148.24,0.03,7.69,64.89,3.18,2.51,3.87,0.45
Londres,LON,GB,51.5074,-0.1278,2026-01-10T10:00:00Z,2026-01-10,10:00,2,147.84,0.38,7.74,66.52,3.2,2.5,3.89,0.49
Londres,LON,GB,51.5074,-0.1278,2026-01-10T11:00:00Z,2026-01-10,11:00,2,147.74,0.78,7.12,68.9,3.04,2.25,3.63,0.48
Londres,LON,GB,51.5074,-0.1278,2026-01-10T12:00:00Z,2026-01-10,12:00,2,147.45,0.96,6.56,71.49,2.83,1.93,3.27,0.43
Londres,LON,GB,51.5074,-0.1278,2026-01-10T13:00:00Z,2026-01-10,13:00,2,144.46,0.8,5.47,75.59,2.3,1.22,2.32,0.37
Londres,LON,GB,51.5074,-0.1278,2026-01-10T14:00:00Z,2026-01-10,14:00,2,142.73,0.61,5.11,77.26,2.09,0.84,1.81,0.33
Londres,LON,GB,51.5074,-0.1278,2026-01-10T15:00:00Z,2026-01-10,15:00,2,142.05,0.41,5.41,76.8,2.1,0.75,1.69,0.32
Londres,LON,GB,51.5074,-0.1278,2026-01-10T16:00:00Z,2026-01-10,16:00,2,143.27,0.12,6.53,74.57,2.3,0.82,1.85,0.33
Londres,LON,GB,51.5074,-0.1278,2026-01-10T17:00:00Z,2026-01-10,17:00,2,145.25,0,7.78,71.07,2.7,0.97,2.18,0.36
Londres,LON,GB,51.5074,-0.1278,2026-01-10T18:00:00Z,2026-01-10,18:00,2,146.75,0,8.63,68.48,3.07,1.18,2.54,0.39
Londres,LON,GB,51.5074,-0.1278,2026-01-10T19:00:00Z,2026-01-10,19:00,2,148.66,0,9.76,65.72,3.54,1.67,3.21,0.38
Londres,LON,GB,51.5074,-0.1278,2026-01-10T20:00:00Z,2026-01-10,20:00,2,150.59,0,11.05,62.81,4.09,2.32,4.08,0.35
Londres,LON,GB,51.5074,-0.1278,2026-01-10T21:00:00Z,2026-01-10,21:00,2,152.04,0,11.84,60.97,4.48,2.88,4.79,0.29
Londres,LON,GB,51.5074,-0.1278,2026-01-10T22:00:00Z,2026-01-10,22:00,2,151.37,0,11.66,60.47,4.59,3,4.95,0.24
Londres,LON,GB,51.5074,-0.1278,2026-01-10T23:00:00Z,2026-01-10,23:00,2,149.63,0,10.84,61.17,4.5,2.71,4.58,0.21
Londres,LON,GB,51.5074,-0.1278,2026-01-11T00:00:00Z,2026-01-11,00:00,2,147.42,0,9.77,62.44,4.32,2.24,3.94,0.19
Londres,LON,GB,51.5074,-0.1278,2026-01-11T01:00:00Z,2026-01-11,01:00,2,145.07,0,8.67,64.02,4.12,1.66,3.13,0.19
Londres,LON,GB,51.5074,-0.1278,2026-01-11T02:00:00Z,2026-01-11,02:00,2,142.58,0,7.75,64.92,3.95,1.22,2.46,0.2
Londres,LON,GB,51.5074,-0.1278,2026-01-11T03:00:00Z,2026-01-11,03:00,2,140.87,0,6.92,65.41,3.71,1.01,2.09,0.23
Londres,LON,GB,51.5074,-0.1278,2026-01-11T04:00:00Z,2026-01-11,04:00,2,140.38,0,6.12,65.97,3.37,1.04,2.05,0.26
Londres,LON,GB,51.5074,-0.1278,2026-01-11T05:00:00Z,2026-01-11,05:00,2,140.26,0,5.52,66.03,3.01,1.08,2.15,0.29
Londres,LON,GB,51.5074,-0.1278,2026-01-11T06:00:00Z,2026-01-11,06:00,2,140.13,0,4.98,65.92,2.63,1.16,2.37,0.3
Londres,LON,GB,51.5074,-0.1278,2026-01-11T07:00:00Z,2026-01-11,07:00,2,140.64,0,4.73,65.85,2.39,1.32,2.74,0.32
Londres,LON,GB,51.5074,-0.1278,2026-01-11T08:00:00Z,2026-01-11,08:00,2,140.81,0,4.81,64.5,2.33,1.66,3.32,0.35
Londres,LON,GB,51.5074,-0.1278,2026-01-11T09:00:00Z,2026-01-11,09:00,2,141.56,0,4.95,62.98,2.29,2.21,4.04,0.42
Londres,LON,GB,51.5074,-0.1278,2026-01-11T10:00:00Z,2026-01-11,10:00,2,143.23,0.01,5.07,62.28,2.19,2.65,4.59,0.49
Londres,LON,GB,51.5074,-0.1278,2026-01-11T11:00:00Z,2026-01-11,11:00,2,144.11,0.04,4.95,62.61,1.98,2.56,4.56,0.55
Londres,LON,GB,51.5074,-0.1278,2026-01-11T12:00:00Z,2026-01-11,12:00,2,144.14,0.05,4.64,63.76,1.76,2.16,4.17,0.6
Londres,LON,GB,51.5074,-0.1278,2026-01-11T13:00:00Z,2026-01-11,13:00,2,143.14,0.05,4.26,65.59,1.43,1.53,3.04,0.52
Londres,LON,GB,51.5074,-0.1278,2026-01-11T14:00:00Z,2026-01-11,14:00,2,141.78,0.03,4.09,66.81,1.2,1.33,2.46,0.36
Londres,LON,GB,51.5074,-0.1278,2026-01-11T15:00:00Z,2026-01-11,15:00,2,140.61,0.02,3.94,67.47,1.13,1.29,2.34,0.32
Londres,LON,GB,51.5074,-0.1278,2026-01-11T16:00:00Z,2026-01-11,16:00,2,139.99,0.01,3.77,68.99,1.11,1.27,2.23,0.29
Londres,LON,GB,51.5074,-0.1278,2026-01-11T17:00:00Z,2026-01-11,17:00,2,138.91,0,3.7,69.63,1.04,1.26,2.1,0.21
Londres,LON,GB,51.5074,-0.1278,2026-01-11T18:00:00Z,2026-01-11,18:00,2,138.48,0,3.71,69.94,0.98,1.23,2.03,0.16
Londres,LON,GB,51.5074,-0.1278,2026-01-11T19:00:00Z,2026-01-11,19:00,2,137.84,0,3.74,71.51,0.97,1.2,2.03,0.13
Londres,LON,GB,51.5074,-0.1278,2026-01-11T20:00:00Z,2026-01-11,20:00,2,135.52,0,3.81,72.27,1.02,1.15,2,0.13
Londres,LON,GB,51.5074,-0.1278,2026-01-11T21:00:00Z,2026-01-11,21:00,2,132.47,0,3.88,72.55,1.07,1.08,1.93,0.13
Londres,LON,GB,51.5074,-0.1278,2026-01-11T22:00:00Z,2026-01-11,22:00,2,130.11,0,4.12,72.26,1.15,1.1,1.94,0.12
Londres,LON,GB,51.5074,-0.1278,2026-01-11T23:00:00Z,2026-01-11,23:00,2,125.56,0,4.46,71.17,1.33,1.31,2.25,0.1
Londres,LON,GB,51.5074,-0.1278,2026-01-12T00:00:00Z,2026-01-12,00:00,2,120.18,0,4.65,71.57,1.55,1.68,2.83,0.08
Londres,LON,GB,51.5074,-0.1278,2026-01-12T01:00:00Z,2026-01-12,01:00,2,117.47,0,4.7,73.6,1.8,2.2,4.12,0.07
Londres,LON,GB,51.5074,-0.1278,2026-01-12T02:00:00Z,2026-01-12,02:00,2,117.21,0,4.62,75.19,1.94,2.63,5.53,0.08
Londres,LON,GB,51.5074,-0.1278,2026-01-12T03:00:00Z,2026-01-12,03:00,2,118.44,0,4.52,76.4,1.96,2.79,6.17,0.08
Londres,LON,GB,51.5074,-0.1278,2026-01-12T04:00:00Z,2026-01-12,04:00,2,119.57,0,4.35,77.28,1.95,2.71,6.26,0.09
Londres,LON,GB,51.5074,-0.1278,2026-01-12T05:00:00Z,2026-01-12,05:00,2,120.35,0,4.24,77.62,1.97,2.54,6.2,0.11
Londres,LON,GB,51.5074,-0.1278,2026-01-12T06:00:00Z,2026-01-12,06:00,2,120.57,0,4.16,77.57,1.96,2.39,5.83,0.15
Londres,LON,GB,51.5074,-0.1278,2026-01-12T07:00:00Z,2026-01-12,07:00,2,120.69,0,4.14,77.19,1.94,2.24,5.14,0.17
Londres,LON,GB,51.5074,-0.1278,2026-01-12T08:00:00Z,2026-01-12,08:00,2,121.45,0,4.25,76.89,1.88,2.03,4,0.15
Londres,LON,GB,51.5074,-0.1278,2026-01-12T09:00:00Z,2026-01-12,09:00,2,122.3,0,4.28,76.74,1.78,1.9,3.26,0.13
Londres,LON,GB,51.5074,-0.1278,2026-01-12T10:00:00Z,2026-01-12,10:00,2,123.58,0.01,4.31,76.82,1.68,1.7,2.69,0.12
Londres,LON,GB,51.5074,-0.1278,2026-01-12T11:00:00Z,2026-01-12,11:00,2,124.46,0.04,4.53,76.63,1.7,1.49,2.31,0.11
Londres,LON,GB,51.5074,-0.1278,2026-01-12T12:00:00Z,2026-01-12,12:00,2,125.06,0.08,4.92,76.45,1.81,1.37,2.11,0.1
Londres,LON,GB,51.5074,-0.1278,2026-01-12T13:00:00Z,2026-01-12,13:00,2,125.38,0.14,5.38,76.18,2,1.35,2.14,0.1
Londres,LON,GB,51.5074,-0.1278,2026-01-12T14:00:00Z,2026-01-12,14:00,2,125.14,0.12,6.05,75.67,2.27,1.38,2.38,0.11
Londres,LON,GB,51.5074,-0.1278,2026-01-12T15:00:00Z,2026-01-12,15:00,2,124.81,0.07,6.46,75.4,2.45,1.44,2.69,0.14
Londres,LON,GB,51.5074,-0.1278,2026-01-12T16:00:00Z,2026-01-12,16:00,2,124.44,0.02,6.54,75.79,2.5,1.48,2.83,0.15
Londres,LON,GB,51.5074,-0.1278,2026-01-12T17:00:00Z,2026-01-12,17:00,2,124.22,0,6.33,76.3,2.46,1.49,2.85,0.16
Londres,LON,GB,51.5074,-0.1278,2026-01-12T18:00:00Z,2026-01-12,18:00,2,124.36,0,6.2,76.57,2.45,1.49,2.92,0.17
Londres,LON,GB,51.5074,-0.1278,2026-01-12T19:00:00Z,2026-01-12,19:00,2,124.34,0,6.13,76.3,2.45,1.48,2.97,0.18
Londres,LON,GB,51.5074,-0.1278,2026-01-12T20:00:00Z,2026-01-12,20:00,2,124.44,0,6.29,75.41,2.56,1.51,3.06,0.2
Londres,LON,GB,51.5074,-0.1278,2026-01-12T21:00:00Z,2026-01-12,21:00,2,124.53,0,6.57,74.12,2.69,1.55,3.11,0.21
Londres,LON,GB,51.5074,-0.1278,2026-01-12T22:00:00Z,2026-01-12,22:00,2,124.89,0,6.82,72.66,2.8,1.6,3.2,0.24
Londres,LON,GB,51.5074,-0.1278,2026-01-12T23:00:00Z,2026-01-12,23:00,2,125.69,0,6.97,71.42,2.82,1.66,3.27,0.28
Londres,LON,GB,51.5074,-0.1278,2026-01-13T00:00:00Z,2026-01-13,00:00,2,126.76,0,7.07,70.51,2.81,1.73,3.41,0.32
Londres,LON,GB,51.5074,-0.1278,2026-01-13T01:00:00Z,2026-01-13,01:00,2,127.82,0,8.1,67.19,3.2,1.92,3.83,0.39
Londres,LON,GB,51.5074,-0.1278,2026-01-13T02:00:00Z,2026-01-13,02:00,2,128.94,0,9.57,63,3.75,2.18,4.36,0.46
Londres,LON,GB,51.5074,-0.1278,2026-01-13T03:00:00Z,2026-01-13,03:00,2,129.33,0,10.39,60.27,4.03,2.38,4.77,0.49
Londres,LON,GB,51.5074,-0.1278,2026-01-13T04:00:00Z,2026-01-13,04:00,1,128.58,0,10.78,58.32,4.17,2.54,5,0.48
Londres,LON,GB,51.5074,-0.1278,2026-01-13T05:00:00Z,2026-01-13,05:00,1,127.08,0,10.54,57.12,4.01,2.55,4.68,0.39
Londres,LON,GB,51.5074,-0.1278,2026-01-13T06:00:00Z,2026-01-13,06:00,1,125.12,0,9.86,56.4,3.64,2.39,3.94,0.3
Londres,LON,GB,51.5074,-0.1278,2026-01-13T07:00:00Z,2026-01-13,07:00,1,123.68,0,8.81,56.42,2.87,2.02,2.81,0.19
Londres,LON,GB,51.5074,-0.1278,2026-01-13T08:00:00Z,2026-01-13,08:00,1,123.6,0,7.81,56.5,2.29,1.73,2.17,0.14
Londres,LON,GB,51.5074,-0.1278,2026-01-13T09:00:00Z,2026-01-13,09:00,1,125.09,0,7.08,56.34,2.03,1.61,2.07,0.14
Londres,LON,GB,51.5074,-0.1278,2026-01-13T10:00:00Z,2026-01-13,10:00,1,129.13,0.03,6.71,56.29,1.96,1.64,2.24,0.18
Londres,LON,GB,51.5074,-0.1278,2026-01-13T11:00:00Z,2026-01-13,11:00,1,135.98,0.08,6.9,55.55,2.1,1.92,2.72,0.26
Londres,LON,GB,51.5074,-0.1278,2026-01-13T12:00:00Z,2026-01-13,12:00,1,144.13,0.16,7.37,54.29,2.24,2.42,3.4,0.33
Londres,LON,GB,51.5074,-0.1278,2026-01-13T13:00:00Z,2026-01-13,13:00,1,151.2,0.2,8.18,52.56,2.39,2.98,4.09,0.37
Londres,LON,GB,51.5074,-0.1278,2026-01-13T14:00:00Z,2026-01-13,14:00,1,157.55,0.16,9.24,50.44,2.48,3.43,4.5,0.35
Londres,LON,GB,51.5074,-0.1278,2026-01-13T15:00:00Z,2026-01-13,15:00,1,162.43,0.09,10.26,48.44,2.54,3.78,4.75,0.3
Londres,LON,GB,51.5074,-0.1278,2026-01-13T16:00:00Z,2026-01-13,16:00,1,164.88,0.02,11.36,46.4,2.67,3.97,4.79,0.24
Londres,LON,GB,51.5074,-0.1278,2026-01-13T17:00:00Z,2026-01-13,17:00,1,164.91,0,12.56,44.46,2.9,3.95,4.6,0.19
Londres,LON,GB,51.5074,-0.1278,2026-01-13T18:00:00Z,2026-01-13,18:00,1,162.9,0,13.57,43.04,3.12,3.82,4.36,0.16
Londres,LON,GB,51.5074,-0.1278,2026-01-13T19:00:00Z,2026-01-13,19:00,1,159.08,0,14.64,41.99,3.35,3.62,4.1,0.14
Londres,LON,GB,51.5074,-0.1278,2026-01-13T20:00:00Z,2026-01-13,20:00,1,154.01,0,16.08,40.87,3.64,3.38,3.86,0.13
Londres,LON,GB,51.5074,-0.1278,2026-01-13T21:00:00Z,2026-01-13,21:00,1,148.93,0.01,17.63,39.41,3.93,3.13,3.63,0.12
Londres,LON,GB,51.5074,-0.1278,2026-01-13T22:00:00Z,2026-01-13,22:00,1,145.26,0.02,20.18,35.96,4.46,3.03,3.59,0.12
Londres,LON,GB,51.5074,-0.1278,2026-01-13T23:00:00Z,2026-01-13,23:00,1,145.61,0.04,24.28,29.72,5.13,3.15,3.76,0.12
Londres,LON,GB,51.5074,-0.1278,2026-01-14T00:00:00Z,2026-01-14,00:00,1,147.44,0.06,26.83,24.98,5.15,3.07,3.71,0.12
Londres,LON,GB,51.5074,-0.1278,2026-01-14T01:00:00Z,2026-01-14,01:00,1,148.55,0.02,23.4,27.38,4.58,2.66,3.48,0.15
Londres,LON,GB,51.5074,-0.1278,2026-01-14T02:00:00Z,2026-01-14,02:00,1,149.87,0.01,20.32,32.08,4.58,2.38,3.5,0.19
Londres,LON,GB,51.5074,-0.1278,2026-01-14T03:00:00Z,2026-01-14,03:00,1,150.45,0,17.92,37.52,4.61,2.22,3.64,0.2
Londres,LON,GB,51.5074,-0.1278,2026-01-14T04:00:00Z,2026-01-14,04:00,1,149.94,0,16.32,41.65,4.59,2.13,3.86,0.2
Londres,LON,GB,51.5074,-0.1278,2026-01-14T05:00:00Z,2026-01-14,05:00,1,150.04,0,15.72,44.03,4.79,2.16,4.23,0.2
Londres,LON,GB,51.5074,-0.1278,2026-01-14T06:00:00Z,2026-01-14,06:00,1,150.89,0,15.73,44.78,5.11,2.29,4.72,0.2
Londres,LON,GB,51.5074,-0.1278,2026-01-14T07:00:00Z,2026-01-14,07:00,1,151.69,0,16.14,43.95,5.48,2.55,5.33,0.19
Londres,LON,GB,51.5074,-0.1278,2026-01-14T08:00:00Z,2026-01-14,08:00,1,153.55,0,17.08,41.88,5.82,2.84,6.01,0.18
Londres,LON,GB,51.5074,-0.1278,2026-01-14T09:00:00Z,2026-01-14,09:00,1,155.6,0.06,18.26,39.08,6.03,3.26,6.73,0.15
Londres,LON,GB,51.5074,-0.1278,2026-01-14T10:00:00Z,2026-01-14,10:00,1,156.95,0.55,18.96,36.82,5.93,3.56,7.07,0.13
Londres,LON,GB,51.5074,-0.1278,2026-01-14T11:00:00Z,2026-01-14,11:00,1,157.4,0.96,19,34.25,5.65,3.71,6.91,0.13
Londres,LON,GB,51.5074,-0.1278,2026-01-14T12:00:00Z,2026-01-14,12:00,1,157.86,0.93,19.25,31.17,5.34,3.97,6.64,0.12
Londres,LON,GB,51.5074,-0.1278,2026-01-14T13:00:00Z,2026-01-14,13:00,1,160.37,1.17,19.87,28,5.27,4.4,6.51,0.12
Londres,LON,GB,51.5074,-0.1278,2026-01-14T14:00:00Z,2026-01-14,14:00,1,164.38,1.99,20.58,24.38,5.43,5.11,6.89,0.14
Londres,LON,GB,51.5074,-0.1278,2026-01-14T15:00:00Z,2026-01-14,15:00,1,169.48,2.1,21.45,21.42,5.41,5.82,7.5,0.19
Londres,LON,GB,51.5074,-0.1278,2026-01-14T16:00:00Z,2026-01-14,16:00,1,172.76,0.82,22.54,20.79,5.32,6.26,8.13,0.25
Londres,LON,GB,51.5074,-0.1278,2026-01-14T17:00:00Z,2026-01-14,17:00,1,169,0.03,19.89,26.4,4.85,6.01,8.25,0.33
Londres,LON,GB,51.5074,-0.1278,2026-01-14T18:00:00Z,2026-01-14,18:00,1,163.2,0,14.63,36.84,4.13,5.21,7.77,0.42
Londres,LON,GB,51.5074,-0.1278,2026-01-14T19:00:00Z,2026-01-14,19:00,1,161.38,0,9.7,47.91,2.89,3.99,5.79,0.42
Londres,LON,GB,51.5074,-0.1278,2026-01-14T20:00:00Z,2026-01-14,20:00,1,165.39,0,8.19,51.03,2.31,3.27,4.34,0.36
Londres,LON,GB,51.5074,-0.1278,2026-01-14T21:00:00Z,2026-01-14,21:00,1,170.32,0,7.39,51.96,2,2.66,3.42,0.31
Londres,LON,GB,51.5074,-0.1278,2026-01-14T22:00:00Z,2026-01-14,22:00,1,171.29,0,6.68,53.81,1.85,2.04,2.68,0.24
Londres,LON,GB,51.5074,-0.1278,2026-01-14T23:00:00Z,2026-01-14,23:00,1,164.78,0,6.89,54.98,1.94,1.74,2.36,0.15
Londres,LON,GB,51.5074,-0.1278,2026-01-15T00:00:00Z,2026-01-15,00:00,1,151.66,0,7.17,57.86,2.05,1.62,2.31,0.08
Londres,LON,GB,51.5074,-0.1278,2026-01-15T01:00:00Z,2026-01-15,01:00,2,137.76,0,6.61,65.06,2.17,1.47,2.43,0.05
Londres,LON,GB,51.5074,-0.1278,2026-01-15T02:00:00Z,2026-01-15,02:00,2,131.95,0,5.55,73.09,2.2,1.3,2.6,0.07
Londres,LON,GB,51.5074,-0.1278,2026-01-15T03:00:00Z,2026-01-15,03:00,2,130.8,0,4.77,77.61,2.1,1.23,2.71,0.12
Londres,LON,GB,51.5074,-0.1278,2026-01-15T04:00:00Z,2026-01-15,04:00,2,130.18,0,4.16,79.41,1.79,1.2,2.39,0.15
Londres,LON,GB,51.5074,-0.1278,2026-01-15T05:00:00Z,2026-01-15,05:00,2,129.55,0,3.87,79.21,1.52,1.12,1.91,0.14
Londres,LON,GB,51.5074,-0.1278,2026-01-15T06:00:00Z,2026-01-15,06:00,2,129.11,0,3.72,78.29,1.36,0.99,1.59,0.11
Londres,LON,GB,51.5074,-0.1278,2026-01-15T07:00:00Z,2026-01-15,07:00,2,129.16,0,3.53,78.1,1.2,0.81,1.23,0.09
Londres,LON,GB,51.5074,-0.1278,2026-01-15T08:00:00Z,2026-01-15,08:00,2,129.41,0,3.27,78.88,1.05,0.67,1,0.07
Londres,LON,GB,51.5074,-0.1278,2026-01-15T09:00:00Z,2026-01-15,09:00,2,130.02,0,3.07,79.73,0.98,0.65,0.96,0.07
Londres,LON,GB,51.5074,-0.1278,2026-01-15T10:00:00Z,2026-01-15,10:00,2,129.82,0.01,2.91,80.54,0.91,0.68,1,0.06
Londres,LON,GB,51.5074,-0.1278,2026-01-15T11:00:00Z,2026-01-15,11:00,2,128.79,0.02,2.85,81.44,0.87,0.77,1.14,0.06
Londres,LON,GB,51.5074,-0.1278,2026-01-15T12:00:00Z,2026-01-15,12:00,2,129.05,0.03,2.98,80.29,0.87,0.92,1.35,0.06
Londres,LON,GB,51.5074,-0.1278,2026-01-15T13:00:00Z,2026-01-15,13:00,2,131.26,0.03,3.08,77.88,0.86,0.98,1.46,0.06
Londres,LON,GB,51.5074,-0.1278,2026-01-15T14:00:00Z,2026-01-15,14:00,2,133.28,0.03,3.07,75,0.83,0.93,1.4,0.07
Londres,LON,GB,51.5074,-0.1278,2026-01-15T15:00:00Z,2026-01-15,15:00,2,135.57,0.01,3.03,71.82,0.8,0.84,1.28,0.07
Londres,LON,GB,51.5074,-0.1278,2026-01-15T16:00:00Z,2026-01-15,16:00,2,140.2,0,3.08,68.75,0.79,0.76,1.16,0.07
Londres,LON,GB,51.5074,-0.1278,2026-01-15T17:00:00Z,2026-01-15,17:00,2,143.98,0,3.26,65.56,0.83,0.73,1.14,0.07
Londres,LON,GB,51.5074,-0.1278,2026-01-15T18:00:00Z,2026-01-15,18:00,2,146.64,0,3.49,64.73,0.88,0.8,1.26,0.08
Londres,LON,GB,51.5074,-0.1278,2026-01-15T19:00:00Z,2026-01-15,19:00,2,146.76,0,3.84,65.81,1.05,0.87,1.48,0.1
Londres,LON,GB,51.5074,-0.1278,2026-01-15T20:00:00Z,2026-01-15,20:00,2,144.6,0,4.5,68.48,1.4,0.96,1.68,0.11
Londres,LON,GB,51.5074,-0.1278,2026-01-15T21:00:00Z,2026-01-15,21:00,2,140.49,0,5.48,73.77,1.85,0.95,1.72,0.08
Londres,LON,GB,51.5074,-0.1278,2026-01-15T22:00:00Z,2026-01-15,22:00,2,134.5,0,5.6,76.88,1.98,0.76,1.54,0.07
Londres,LON,GB,51.5074,-0.1278,2026-01-15T23:00:00Z,2026-01-15,23:00,2,133.1,0,5.05,78.27,1.83,0.63,1.33,0.09
Londres,LON,GB,51.5074,-0.1278,2026-01-16T00:00:00Z,2026-01-16,00:00,2,132.53,0,4.65,78.48,1.73,0.62,1.27,0.1
Londres,LON,GB,51.5074,-0.1278,2026-01-16T01:00:00Z,2026-01-16,01:00,2,129.9,0,3.56,82.06,1.41,0.51,1.05,0.07
Londres,LON,GB,51.5074,-0.1278,2026-01-16T02:00:00Z,2026-01-16,02:00,2,128.34,0,2.84,85.76,1.28,0.5,0.89,0.05
Londres,LON,GB,51.5074,-0.1278,2026-01-16T03:00:00Z,2026-01-16,03:00,2,128.45,0,2.64,86.54,1.27,0.5,0.89,0.07
Londres,LON,GB,51.5074,-0.1278,2026-01-16T04:00:00Z,2026-01-16,04:00,2,129.22,0,2.62,84.94,1.24,0.5,0.86,0.11
Londres,LON,GB,51.5074,-0.1278,2026-01-16T05:00:00Z,2026-01-16,05:00,2,130.46,0,2.78,82.97,1.23,0.5,0.92,0.15
Londres,LON,GB,51.5074,-0.1278,2026-01-16T06:00:00Z,2026-01-16,06:00,2,130.67,0,2.86,81.95,1.24,0.52,0.95,0.18
Londres,LON,GB,51.5074,-0.1278,2026-01-16T07:00:00Z,2026-01-16,07:00,2,129.71,0,2.84,82.31,1.25,0.51,0.99,0.19
Londres,LON,GB,51.5074,-0.1278,2026-01-16T08:00:00Z,2026-01-16,08:00,2,128.94,0,2.83,83.55,1.27,0.5,1.07,0.2
Londres,LON,GB,51.5074,-0.1278,2026-01-16T09:00:00Z,2026-01-16,09:00,2,128.46,0,2.9,84.4,1.31,0.51,1.2,0.22
Londres,LON,GB,51.5074,-0.1278,2026-01-16T10:00:00Z,2026-01-16,10:00,2,128.89,0.07,3.23,83.71,1.44,0.59,1.5,0.28
Londres,LON,GB,51.5074,-0.1278,2026-01-16T11:00:00Z,2026-01-16,11:00,2,130.5,0.22,3.49,82.21,1.6,0.69,1.75,0.35
Londres,LON,GB,51.5074,-0.1278,2026-01-16T12:00:00Z,2026-01-16,12:00,2,131.92,0.39,3.53,81.19,1.67,0.75,1.78,0.36
Londres,LON,GB,51.5074,-0.1278,2026-01-16T13:00:00Z,2026-01-16,13:00,2,132.92,0.42,3.66,80.06,1.71,0.81,1.73,0.34
Londres,LON,GB,51.5074,-0.1278,2026-01-16T14:00:00Z,2026-01-16,14:00,2,133.7,0.28,4.18,78.1,1.78,0.9,1.74,0.33
Londres,LON,GB,51.5074,-0.1278,2026-01-16T15:00:00Z,2026-01-16,15:00,2,134.28,0.11,4.78,76.39,1.92,1.03,1.89,0.32
Londres,LON,GB,51.5074,-0.1278,2026-01-16T16:00:00Z,2026-01-16,16:00,2,134.14,0.01,4.47,77.32,1.88,1.04,1.92,0.3
Londres,LON,GB,51.5074,-0.1278,2026-01-16T17:00:00Z,2026-01-16,17:00,2,133.74,0,3.77,79.61,1.72,0.91,1.75,0.27
Londres,LON,GB,51.5074,-0.1278,2026-01-16T18:00:00Z,2026-01-16,18:00,2,134.46,0,3.47,80.31,1.62,0.84,1.68,0.27
Londres,LON,GB,51.5074,-0.1278,2026-01-16T19:00:00Z,2026-01-16,19:00,2,136.04,0,3.48,79.68,1.57,0.83,1.62,0.27
Londres,LON,GB,51.5074,-0.1278,2026-01-16T20:00:00Z,2026-01-16,20:00,2,138.21,0,3.88,77.22,1.64,0.91,1.68,0.29
Londres,LON,GB,51.5074,-0.1278,2026-01-16T21:00:00Z,2026-01-16,21:00,2,139.83,0,4.23,75.17,1.7,0.96,1.66,0.29
Londres,LON,GB,51.5074,-0.1278,2026-01-16T22:00:00Z,2026-01-16,22:00,2,141.93,0,4.72,72.96,1.82,1.02,1.63,0.29
Londres,LON,GB,51.5074,-0.1278,2026-01-16T23:00:00Z,2026-01-16,23:00,2,144.52,0,5.33,70.28,1.97,1.13,1.67,0.3
Londres,LON,GB,51.5074,-0.1278,2026-01-17T00:00:00Z,2026-01-17,00:00,2,146.73,0,5.59,68.56,2.04,1.16,1.66,0.3
Londres,LON,GB,51.5074,-0.1278,2026-01-17T01:00:00Z,2026-01-17,01:00,2,147.07,0,5.56,67.47,1.99,1.14,1.56,0.28
Londres,LON,GB,51.5074,-0.1278,2026-01-17T02:00:00Z,2026-01-17,02:00,2,147.01,0,5.27,67,1.86,1.06,1.44,0.29
Londres,LON,GB,51.5074,-0.1278,2026-01-17T03:00:00Z,2026-01-17,03:00,2,146.58,0,4.91,66.94,1.76,0.99,1.37,0.3
Londres,LON,GB,51.5074,-0.1278,2026-01-17T04:00:00Z,2026-01-17,04:00,2,143.28,0,4.26,69.93,1.62,0.88,1.25,0.29
Londres,LON,GB,51.5074,-0.1278,2026-01-17T05:00:00Z,2026-01-17,05:00,2,143.37,0,4.36,69.97,1.75,0.91,1.33,0.33
Londres,LON,GB,51.5074,-0.1278,2026-01-17T06:00:00Z,2026-01-17,06:00,2,145.42,0,4.72,68.33,1.9,1.01,1.45,0.37
Londres,LON,GB,51.5074,-0.1278,2026-01-17T07:00:00Z,2026-01-17,07:00,2,147.87,0,5.21,65.66,2.07,1.12,1.59,0.4
Londres,LON,GB,51.5074,-0.1278,2026-01-17T08:00:00Z,2026-01-17,08:00,2,152.59,0,5.9,61.46,2.32,1.27,1.79,0.42
Londres,LON,GB,51.5074,-0.1278,2026-01-17T09:00:00Z,2026-01-17,09:00,1,157.6,0.02,6.51,57.42,2.54,1.42,1.97,0.41
Londres,LON,GB,51.5074,-0.1278,2026-01-17T10:00:00Z,2026-01-17,10:00,1,163.35,0.27,7.02,53.93,2.83,1.6,2.21,0.42
Londres,LON,GB,51.5074,-0.1278,2026-01-17T11:00:00Z,2026-01-17,11:00,1,169.1,0.66,7.37,51.32,3.22,1.82,2.5,0.41
Londres,LON,GB,51.5074,-0.1278,2026-01-17T12:00:00Z,2026-01-17,12:00,1,172.6,1,7.55,50.35,3.57,2.01,2.74,0.39
Londres,LON,GB,51.5074,-0.1278,2026-01-17T13:00:00Z,2026-01-17,13:00,1,174.04,1.01,7.91,50.34,3.84,2.15,2.9,0.35
Londres,LON,GB,51.5074,-0.1278,2026-01-17T14:00:00Z,2026-01-17,14:00,1,174.34,0.7,8.55,50.54,4.05,2.23,2.99,0.32
Londres,LON,GB,51.5074,-0.1278,2026-01-17T15:00:00Z,2026-01-17,15:00,1,172.38,0.32,9.03,51.17,4.26,2.25,3.01,0.27
Londres,LON,GB,51.5074,-0.1278,2026-01-17T16:00:00Z,2026-01-17,16:00,1,170.37,0.05,9.03,52.04,4.35,2.28,3.03,0.22
Londres,LON,GB,51.5074,-0.1278,2026-01-17T17:00:00Z,2026-01-17,17:00,1,173.01,0,8.66,52.65,4.2,2.52,3.31,0.18
Londres,LON,GB,51.5074,-0.1278,2026-01-17T18:00:00Z,2026-01-17,18:00,1,181.3,0,8.64,51.84,3.86,3.09,4.01,0.16
Londres,LON,GB,51.5074,-0.1278,2026-01-17T19:00:00Z,2026-01-17,19:00,1,191.99,0,8.67,50.5,3.22,3.73,4.89,0.15
Londres,LON,GB,51.5074,-0.1278,2026-01-17T20:00:00Z,2026-01-17,20:00,1,200.38,0,8.76,49.03,2.66,3.99,5.41,0.17
Londres,LON,GB,51.5074,-0.1278,2026-01-17T21:00:00Z,2026-01-17,21:00,1,205.38,0,8.95,47.56,2.34,3.98,5.62,0.18
Londres,LON,GB,51.5074,-0.1278,2026-01-17T22:00:00Z,2026-01-17,22:00,1,208.54,0,9.05,46.98,2.23,3.85,5.68,0.19
Londres,LON,GB,51.5074,-0.1278,2026-01-17T23:00:00Z,2026-01-17,23:00,1,209.67,0,9.17,46.1,2.34,3.83,5.88,0.19
Londres,LON,GB,51.5074,-0.1278,2026-01-18T00:00:00Z,2026-01-18,00:00,1,207.23,0,9.15,45.33,2.47,3.94,6.2,0.19
Londres,LON,GB,51.5074,-0.1278,2026-01-18T01:00:00Z,2026-01-18,01:00,1,202.53,0,9.37,43.6,2.65,4.11,6.6,0.2
Londres,LON,GB,51.5074,-0.1278,2026-01-18T02:00:00Z,2026-01-18,02:00,1,198.21,0,9.9,40.7,2.78,4.48,7.24,0.23
Londres,LON,GB,51.5074,-0.1278,2026-01-18T03:00:00Z,2026-01-18,03:00,1,198.4,0,10.21,38.48,2.7,5.19,8.18,0.24
Londres,LON,GB,51.5074,-0.1278,2026-01-18T04:00:00Z,2026-01-18,04:00,1,203.83,0,10.45,37.47,2.57,6.23,9.33,0.25
Londres,LON,GB,51.5074,-0.1278,2026-01-18T05:00:00Z,2026-01-18,05:00,1,212.23,0,10.69,37.02,2.58,7.22,10.28,0.24
Londres,LON,GB,51.5074,-0.1278,2026-01-18T06:00:00Z,2026-01-18,06:00,1,218.57,0,10.77,37.09,2.68,7.72,10.62,0.22
Londres,LON,GB,51.5074,-0.1278,2026-01-18T07:00:00Z,2026-01-18,07:00,1,223.79,0,11.03,37.12,2.88,7.79,10.49,0.21
Londres,LON,GB,51.5074,-0.1278,2026-01-18T08:00:00Z,2026-01-18,08:00,1,230.34,0,12,36.03,3.23,7.73,10.29,0.21
Londres,LON,GB,51.5074,-0.1278,2026-01-18T09:00:00Z,2026-01-18,09:00,1,238.21,0.04,13.64,34.18,3.68,7.79,10.25,0.22
Londres,LON,GB,51.5074,-0.1278,2026-01-18T10:00:00Z,2026-01-18,10:00,1,246.4,0.57,15.52,32.46,4.25,7.87,10.23,0.25
Londres,LON,GB,51.5074,-0.1278,2026-01-18T11:00:00Z,2026-01-18,11:00,1,252.47,2,16.27,31.88,4.92,7.89,10.23,0.3
Londres,LON,GB,51.5074,-0.1278,2026-01-18T12:00:00Z,2026-01-18,12:00,1,255.72,3.6,15.85,33.13,5.43,8.09,10.43,0.3
Londres,LON,GB,51.5074,-0.1278,2026-01-18T13:00:00Z,2026-01-18,13:00,1,255.99,3.88,16.96,33.37,5.89,8.25,10.57,0.3
Londres,LON,GB,51.5074,-0.1278,2026-01-18T14:00:00Z,2026-01-18,14:00,1,255.52,2.79,19.69,31.23,6.22,8.51,10.88,0.3
Londres,LON,GB,51.5074,-0.1278,2026-01-18T15:00:00Z,2026-01-18,15:00,1,258.43,1.24,22.96,27.53,6.37,9.38,11.91,0.31
Londres,LON,GB,51.5074,-0.1278,2026-01-18T16:00:00Z,2026-01-18,16:00,2,267.43,0.3,25.44,23.98,6.47,11.45,14.18,0.29
Londres,LON,GB,51.5074,-0.1278,2026-01-18T17:00:00Z,2026-01-18,17:00,2,280.85,0.08,26.8,21.06,6.53,14.28,17.22,0.28
Londres,LON,GB,51.5074,-0.1278,2026-01-18T18:00:00Z,2026-01-18,18:00,2,294.28,0.09,27.31,19.28,6.52,17.31,20.44,0.27
Londres,LON,GB,51.5074,-0.1278,2026-01-18T19:00:00Z,2026-01-18,19:00,2,305.32,0.11,27.15,18.32,6.46,19.77,23.07,0.26
Londres,LON,GB,51.5074,-0.1278,2026-01-18T20:00:00Z,2026-01-18,20:00,2,313.02,0.12,27.83,17.34,6.51,20.99,24.41,0.27
Londres,LON,GB,51.5074,-0.1278,2026-01-18T21:00:00Z,2026-01-18,21:00,2,322.59,0.12,29.89,15.4,6.74,21.54,25.11,0.29
Londres,LON,GB,51.5074,-0.1278,2026-01-18T22:00:00Z,2026-01-18,22:00,2,331.44,0.12,31.96,14,6.95,21.68,25.54,0.28
Londres,LON,GB,51.5074,-0.1278,2026-01-18T23:00:00Z,2026-01-18,23:00,2,333.22,0.14,32.95,13.37,6.96,20.97,24.96,0.28
Londres,LON,GB,51.5074,-0.1278,2026-01-19T00:00:00Z,2026-01-19,00:00,2,326.01,0.13,31.86,14.4,6.69,19.42,23.24,0.27
Londres,LON,GB,51.5074,-0.1278,2026-01-19T01:00:00Z,2026-01-19,01:00,2,309.97,0.1,29.16,16.69,6.18,16.87,20.14,0.28
Londres,LON,GB,51.5074,-0.1278,2026-01-19T02:00:00Z,2026-01-19,02:00,2,289.77,0.08,25.76,18.95,5.64,13.57,16.07,0.34
Londres,LON,GB,51.5074,-0.1278,2026-01-19T03:00:00Z,2026-01-19,03:00,2,268.86,0.06,22.45,20.95,5.22,10.56,12.37,0.39
Londres,LON,GB,51.5074,-0.1278,2026-01-19T04:00:00Z,2026-01-19,04:00,1,247.67,0.05,18.28,24.27,4.75,8.22,9.56,0.39
Londres,LON,GB,51.5074,-0.1278,2026-01-19T05:00:00Z,2026-01-19,05:00,1,232.18,0.03,15.13,27.8,4.46,6.61,7.75,0.4
Londres,LON,GB,51.5074,-0.1278,2026-01-19T06:00:00Z,2026-01-19,06:00,1,222.67,0.02,13.14,30.54,4.24,5.48,6.56,0.45
Londres,LON,GB,51.5074,-0.1278,2026-01-19T07:00:00Z,2026-01-19,07:00,1,217.09,0.01,11.33,33.23,3.73,4.62,5.62,0.47
Londres,LON,GB,51.5074,-0.1278,2026-01-19T08:00:00Z,2026-01-19,08:00,1,214.87,0.01,10.28,34.73,3.43,4.1,5.07,0.47
Londres,LON,GB,51.5074,-0.1278,2026-01-19T09:00:00Z,2026-01-19,09:00,1,215.46,0.07,9.82,35.6,3.33,3.87,4.86,0.47
Londres,LON,GB,51.5074,-0.1278,2026-01-19T10:00:00Z,2026-01-19,10:00,1,217.75,0.59,9.16,36.81,3.34,3.82,4.86,0.48
Londres,LON,GB,51.5074,-0.1278,2026-01-19T11:00:00Z,2026-01-19,11:00,1,220.07,1.02,9.15,37.26,3.55,3.82,4.98,0.47
Londres,LON,GB,51.5074,-0.1278,2026-01-19T12:00:00Z,2026-01-19,12:00,1,220.34,1.21,9.54,37.52,3.79,3.85,5.14,0.47
Londres,LON,GB,51.5074,-0.1278,2026-01-19T13:00:00Z,2026-01-19,13:00,1,218.67,1.13,9.98,37.8,3.91,3.88,5.28,0.46
Londres,LON,GB,51.5074,-0.1278,2026-01-19T14:00:00Z,2026-01-19,14:00,1,215.06,0.78,10.18,38.67,3.81,3.82,5.26,0.45
Londres,LON,GB,51.5074,-0.1278,2026-01-19T15:00:00Z,2026-01-19,15:00,1,211.08,0.35,10.04,40.46,3.58,3.57,4.93,0.43
Londres,LON,GB,51.5074,-0.1278,2026-01-19T16:00:00Z,2026-01-19,16:00,1,204.11,0.06,8.78,45.18,2.89,2.76,3.62,0.33
Londres,LON,GB,51.5074,-0.1278,2026-01-19T17:00:00Z,2026-01-19,17:00,1,199.56,0,7.77,48.49,2.31,2.25,2.69,0.22
Londres,LON,GB,51.5074,-0.1278,2026-01-19T18:00:00Z,2026-01-19,18:00,1,198.76,0,7.21,49.44,1.94,1.93,2.21,0.17
Londres,LON,GB,51.5074,-0.1278,2026-01-19T19:00:00Z,2026-01-19,19:00,1,199.14,0,6.99,49.12,1.8,1.71,1.98,0.18
Londres,LON,GB,51.5074,-0.1278,2026-01-19T20:00:00Z,2026-01-19,20:00,1,199.96,0,7.11,47.49,1.85,1.61,1.96,0.22
Londres,LON,GB,51.5074,-0.1278,2026-01-19T21:00:00Z,2026-01-19,21:00,1,201.52,0,7.2,45.15,1.84,1.55,1.97,0.29
Londres,LON,GB,51.5074,-0.1278,2026-01-19T22:00:00Z,2026-01-19,22:00,1,202.91,0,7.36,42.24,1.89,1.59,2.11,0.39
Londres,LON,GB,51.5074,-0.1278,2026-01-19T23:00:00Z,2026-01-19,23:00,1,203.38,0,7.83,39.93,2.1,1.83,2.49,0.45
Londres,LON,GB,51.5074,-0.1278,2026-01-20T00:00:00Z,2026-01-20,00:00,1,200.11,0,8.05,39.63,2.37,2.15,2.97,0.46
Londres,LON,GB,51.5074,-0.1278,2026-01-20T01:00:00Z,2026-01-20,01:00,1,191.32,0,7.74,42.04,2.55,2.33,3.25,0.42
Londres,LON,GB,51.5074,-0.1278,2026-01-20T02:00:00Z,2026-01-20,02:00,1,183.38,0,7.22,44.35,2.55,2.32,3.3,0.42
Londres,LON,GB,51.5074,-0.1278,2026-01-20T03:00:00Z,2026-01-20,03:00,1,176.01,0,6.48,46.94,2.38,2.14,3.2,0.45
Londres,LON,GB,51.5074,-0.1278,2026-01-20T04:00:00Z,2026-01-20,04:00,1,166.84,0,5.35,52.54,1.91,1.67,2.61,0.43
Londres,LON,GB,51.5074,-0.1278,2026-01-20T05:00:00Z,2026-01-20,05:00,1,163.89,0,4.99,54.93,1.72,1.43,2.35,0.43
Londres,LON,GB,51.5074,-0.1278,2026-01-20T06:00:00Z,2026-01-20,06:00,1,161.88,0,4.68,57.11,1.63,1.25,2.21,0.43
Londres,LON,GB,51.5074,-0.1278,2026-01-20T07:00:00Z,2026-01-20,07:00,1,160.04,0,4.33,59.6,1.59,1.11,2.13,0.43
Londres,LON,GB,51.5074,-0.1278,2026-01-20T08:00:00Z,2026-01-20,08:00,2,159.12,0,4.08,61.61,1.56,1.05,2.15,0.4
Londres,LON,GB,51.5074,-0.1278,2026-01-20T09:00:00Z,2026-01-20,09:00,2,159.5,0.02,4.06,62.82,1.61,1.09,2.34,0.36
Londres,LON,GB,51.5074,-0.1278,2026-01-20T10:00:00Z,2026-01-20,10:00,2,159.98,0.15,3.99,63.91,1.74,1.17,2.6,0.32
Londres,LON,GB,51.5074,-0.1278,2026-01-20T11:00:00Z,2026-01-20,11:00,2,160.38,0.26,3.79,65.13,1.89,1.21,2.8,0.29
Londres,LON,GB,51.5074,-0.1278,2026-01-20T12:00:00Z,2026-01-20,12:00,2,159.84,0.3,3.51,66.74,1.94,1.21,2.95,0.27
Londres,LON,GB,51.5074,-0.1278,2026-01-20T13:00:00Z,2026-01-20,13:00,2,159.08,0.26,3.3,68.66,1.86,1.19,2.97,0.25
Londres,LON,GB,51.5074,-0.1278,2026-01-20T14:00:00Z,2026-01-20,14:00,2,157.73,0.24,3.13,70.47,1.69,1.11,2.71,0.24
Londres,LON,GB,51.5074,-0.1278,2026-01-20T15:00:00Z,2026-01-20,15:00,2,156.02,0.17,3.15,71.25,1.57,1.01,2.36,0.24
Londres,LON,GB,51.5074,-0.1278,2026-01-20T16:00:00Z,2026-01-20,16:00,2,155.45,0.06,3.26,72.03,1.48,0.92,2.02,0.24
Londres,LON,GB,51.5074,-0.1278,2026-01-20T17:00:00Z,2026-01-20,17:00,2,154.34,0,3.22,72.82,1.37,0.87,1.89,0.24
Londres,LON,GB,51.5074,-0.1278,2026-01-20T18:00:00Z,2026-01-20,18:00,2,152.87,0,3.08,73.85,1.28,0.86,1.92,0.26
Londres,LON,GB,51.5074,-0.1278,2026-01-20T19:00:00Z,2026-01-20,19:00,2,150.93,0,2.91,75.8,1.1,0.86,1.65,0.23
Londres,LON,GB,51.5074,-0.1278,2026-01-20T20:00:00Z,2026-01-20,20:00,2,148.54,0,2.79,77.39,0.9,0.88,1.52,0.15
Londres,LON,GB,51.5074,-0.1278,2026-01-20T21:00:00Z,2026-01-20,21:00,2,146.9,0,2.72,79.23,0.79,0.89,1.52,0.1
Londres,LON,GB,51.5074,-0.1278,2026-01-20T22:00:00Z,2026-01-20,22:00,2,145.27,0,2.66,81.08,0.74,0.82,1.46,0.07
Londres,LON,GB,51.5074,-0.1278,2026-01-20T23:00:00Z,2026-01-20,23:00,2,143.03,0,2.64,83.03,0.77,0.75,1.27,0.08
Londres,LON,GB,51.5074,-0.1278,2026-01-21T00:00:00Z,2026-01-21,00:00,2,139.85,0,2.59,84.26,0.84,0.65,1.05,0.09
Londres,LON,GB,51.5074,-0.1278,2026-01-21T01:00:00Z,2026-01-21,01:00,2,137.02,0,2.76,84.07,1.05,0.63,1.09,0.13
Londres,LON,GB,51.5074,-0.1278,2026-01-21T02:00:00Z,2026-01-21,02:00,2,136.01,0,3.01,83.57,1.28,0.67,1.25,0.17
Londres,LON,GB,51.5074,-0.1278,2026-01-21T03:00:00Z,2026-01-21,03:00,2,135.38,0,3.09,82.43,1.35,0.71,1.32,0.2
Londres,LON,GB,51.5074,-0.1278,2026-01-21T04:00:00Z,2026-01-21,04:00,2,136.16,0,3.14,81.18,1.31,0.76,1.25,0.18
Londres,LON,GB,51.5074,-0.1278,2026-01-21T05:00:00Z,2026-01-21,05:00,2,137.43,0,3.2,78.48,1.21,0.77,1.18,0.11
Londres,LON,GB,51.5074,-0.1278,2026-01-21T06:00:00Z,2026-01-21,06:00,2,139.24,0,3.23,74.37,1.13,0.77,1.2,0.07
Londres,LON,GB,51.5074,-0.1278,2026-01-21T07:00:00Z,2026-01-21,07:00,2,141.22,0,3.17,70.98,1.02,0.78,1.2,0.05
Londres,LON,GB,51.5074,-0.1278,2026-01-21T08:00:00Z,2026-01-21,08:00,2,142.35,0,3.07,71.28,0.96,0.84,1.33,0.06
Londres,LON,GB,51.5074,-0.1278,2026-01-21T09:00:00Z,2026-01-21,09:00,2,142.65,0,2.95,73.77,0.91,0.88,1.46,0.08
Londres,LON,GB,51.5074,-0.1278,2026-01-21T10:00:00Z,2026-01-21,10:00,2,142.45,0.01,2.93,75.69,0.92,0.94,1.73,0.12
Londres,LON,GB,51.5074,-0.1278,2026-01-21T11:00:00Z,2026-01-21,11:00,2,141.47,0.03,3.18,74.64,0.98,0.97,1.82,0.14
Londres,LON,GB,51.5074,-0.1278,2026-01-21T12:00:00Z,2026-01-21,12:00,2,141.22,0.06,3.43,72.97,1.03,1.04,1.87,0.15
Londres,LON,GB,51.5074,-0.1278,2026-01-21T13:00:00Z,2026-01-21,13:00,2,143.06,0.07,3.66,71.92,1.03,1.13,1.85,0.17
Londres,LON,GB,51.5074,-0.1278,2026-01-21T14:00:00Z,2026-01-21,14:00,2,146.83,0.06,3.79,71.58,1.04,1.19,1.9,0.2
Londres,LON,GB,51.5074,-0.1278,2026-01-21T15:00:00Z,2026-01-21,15:00,2,150.77,0.03,3.8,71.86,1.06,1.26,1.95,0.2
Londres,LON,GB,51.5074,-0.1278,2026-01-21T16:00:00Z,2026-01-21,16:00,2,153.59,0.01,3.8,72.52,1.14,1.36,2.16,0.2
Londres,LON,GB,51.5074,-0.1278,2026-01-21T17:00:00Z,2026-01-21,17:00,2,152.57,0,3.76,73.41,1.2,1.29,2.16,0.2
Londres,LON,GB,51.5074,-0.1278,2026-01-21T18:00:00Z,2026-01-21,18:00,2,149.19,0,3.69,74.21,1.18,1.18,2.01,0.19
Londres,LON,GB,51.5074,-0.1278,2026-01-21T19:00:00Z,2026-01-21,19:00,2,146.8,0,3.64,75.05,1.17,1.08,1.88,0.17
Londres,LON,GB,51.5074,-0.1278,2026-01-21T20:00:00Z,2026-01-21,20:00,2,146.12,0,3.63,75.3,1.2,1.04,1.82,0.16
Londres,LON,GB,51.5074,-0.1278,2026-01-21T21:00:00Z,2026-01-21,21:00,2,147.25,0,3.64,75.4,1.26,1.02,1.77,0.17
Londres,LON,GB,51.5074,-0.1278,2026-01-21T22:00:00Z,2026-01-21,22:00,2,148.19,0,3.6,75.65,1.31,1.04,1.79,0.19
Londres,LON,GB,51.5074,-0.1278,2026-01-21T23:00:00Z,2026-01-21,23:00,2,149.65,0,3.55,75.73,1.35,1.1,1.8,0.2
Londres,LON,GB,51.5074,-0.1278,2026-01-22T00:00:00Z,2026-01-22,00:00,2,151.29,0,3.43,75.42,1.34,1.14,1.78,0.19
Londres,LON,GB,51.5074,-0.1278,2026-01-22T01:00:00Z,2026-01-22,01:00,2,151.84,0,3.19,75.35,1.24,1.05,1.56,0.16
Londres,LON,GB,51.5074,-0.1278,2026-01-22T02:00:00Z,2026-01-22,02:00,2,152.2,0,2.98,75.43,1.19,0.98,1.41,0.14
Londres,LON,GB,51.5074,-0.1278,2026-01-22T03:00:00Z,2026-01-22,03:00,2,151.84,0,2.83,75.58,1.16,0.94,1.32,0.14
Londres,LON,GB,51.5074,-0.1278,2026-01-22T04:00:00Z,2026-01-22,04:00,2,150.59,0,2.67,75.75,1.13,0.82,1.15,0.12
Londres,LON,GB,51.5074,-0.1278,2026-01-22T05:00:00Z,2026-01-22,05:00,2,148.62,0,2.59,75.06,1.12,0.7,1.01,0.12
Londres,LON,GB,51.5074,-0.1278,2026-01-22T06:00:00Z,2026-01-22,06:00,2,147.2,0,2.53,74.07,1.13,0.61,0.95,0.12
Londres,LON,GB,51.5074,-0.1278,2026-01-22T07:00:00Z,2026-01-22,07:00,2,145.82,0,2.55,73.09,1.19,0.57,0.92,0.13
Londres,LON,GB,51.5074,-0.1278,2026-01-22T08:00:00Z,2026-01-22,08:00,2,143.91,0,2.68,72.2,1.25,0.55,0.89,0.13
Londres,LON,GB,51.5074,-0.1278,2026-01-22T09:00:00Z,2026-01-22,09:00,2,141.37,0,2.83,71.79,1.3,0.51,0.84,0.13
Londres,LON,GB,51.5074,-0.1278,2026-01-22T10:00:00Z,2026-01-22,10:00,2,138.14,0.01,3.05,71.18,1.37,0.51,0.78,0.12
Londres,LON,GB,51.5074,-0.1278,2026-01-22T11:00:00Z,2026-01-22,11:00,2,135.67,0.05,3.41,70.4,1.43,0.52,0.79,0.11
Londres,LON,GB,51.5074,-0.1278,2026-01-22T12:00:00Z,2026-01-22,12:00,2,132.93,0.1,3.73,68.91,1.47,0.56,0.83,0.12
Londres,LON,GB,51.5074,-0.1278,2026-01-22T13:00:00Z,2026-01-22,13:00,2,129.99,0.16,3.92,67.26,1.49,0.58,0.85,0.14
Londres,LON,GB,51.5074,-0.1278,2026-01-22T14:00:00Z,2026-01-22,14:00,2,127.4,0.18,3.85,66.85,1.45,0.53,0.82,0.13
Londres,LON,GB,51.5074,-0.1278,2026-01-22T15:00:00Z,2026-01-22,15:00,2,124.99,0.13,3.67,69.55,1.4,0.51,0.88,0.08
Londres,LON,GB,51.5074,-0.1278,2026-01-22T16:00:00Z,2026-01-22,16:00,2,123.28,0.06,3.41,71.9,1.29,0.5,0.92,0.04
Londres,LON,GB,51.5074,-0.1278,2026-01-22T17:00:00Z,2026-01-22,17:00,2,123.89,0,3.26,72.56,1.21,0.5,0.91,0.02
Londres,LON,GB,51.5074,-0.1278,2026-01-22T18:00:00Z,2026-01-22,18:00,2,126.97,0,2.95,73.54,1.11,0.5,0.93,0.03
Londres,LON,GB,51.5074,-0.1278,2026-01-22T19:00:00Z,2026-01-22,19:00,2,130.22,0,2.59,74.12,1.05,0.5,1,0.04
Londres,LON,GB,51.5074,-0.1278,2026-01-22T20:00:00Z,2026-01-22,20:00,2,132.82,0,2.35,74.86,1.08,0.5,1.11,0.05
Londres,LON,GB,51.5074,-0.1278,2026-01-22T21:00:00Z,2026-01-22,21:00,2,133.61,0,2.27,76.14,1.13,0.5,1.23,0.06
Londres,LON,GB,51.5074,-0.1278,2026-01-22T22:00:00Z,2026-01-22,22:00,2,132.94,0,2.34,78.52,1.19,0.5,1.31,0.09
Londres,LON,GB,51.5074,-0.1278,2026-01-22T23:00:00Z,2026-01-22,23:00,2,132.65,0,2.56,80.05,1.22,0.53,1.33,0.18
Londres,LON,GB,51.5074,-0.1278,2026-01-23T00:00:00Z,2026-01-23,00:00,2,133.36,0,2.74,79.7,1.16,0.56,1.31,0.28
Londres,LON,GB,51.5074,-0.1278,2026-01-23T01:00:00Z,2026-01-23,01:00,2,135.57,0,3.53,76.27,1.44,0.8,1.68,0.35
Londres,LON,GB,51.5074,-0.1278,2026-01-23T02:00:00Z,2026-01-23,02:00,2,138.63,0,4.63,71.63,2.04,1.3,2.52,0.34
Londres,LON,GB,51.5074,-0.1278,2026-01-23T03:00:00Z,2026-01-23,03:00,2,139.42,0,4.85,71.61,2.32,1.56,3.08,0.27
Londres,LON,GB,51.5074,-0.1278,2026-01-23T04:00:00Z,2026-01-23,04:00,2,138.62,0,4.27,74.86,1.94,1.4,2.59,0.18
Londres,LON,GB,51.5074,-0.1278,2026-01-23T05:00:00Z,2026-01-23,05:00,2,136.61,0,3.48,77.78,1.32,1.12,1.93,0.1
Londres,LON,GB,51.5074,-0.1278,2026-01-23T06:00:00Z,2026-01-23,06:00,2,136.06,0,3.06,77.57,1.03,1,1.8,0.06
Londres,LON,GB,51.5074,-0.1278,2026-01-23T07:00:00Z,2026-01-23,07:00,2,135.79,0,2.59,78.38,0.91,0.84,1.75,0.06
Londres,LON,GB,51.5074,-0.1278,2026-01-23T08:00:00Z,2026-01-23,08:00,2,135.35,0,2.45,78.1,0.99,0.75,1.61,0.09
Londres,LON,GB,51.5074,-0.1278,2026-01-23T09:00:00Z,2026-01-23,09:00,2,136,0,2.55,77.2,1.05,0.69,1.41,0.14
Londres,LON,GB,51.5074,-0.1278,2026-01-23T10:00:00Z,2026-01-23,10:00,2,136.24,0.02,2.48,77.88,1.03,0.61,1.28,0.19
Londres,LON,GB,51.5074,-0.1278,2026-01-23T11:00:00Z,2026-01-23,11:00,2,135.81,0.03,2.58,78.59,1.13,0.65,1.42,0.22
Londres,LON,GB,51.5074,-0.1278,2026-01-23T12:00:00Z,2026-01-23,12:00,2,134.37,0.05,2.64,80.01,1.2,0.66,1.52,0.24
Londres,LON,GB,51.5074,-0.1278,2026-01-23T13:00:00Z,2026-01-23,13:00,2,131.97,0.1,2.5,82.17,1.19,0.66,1.61,0.25
Londres,LON,GB,51.5074,-0.1278,2026-01-23T14:00:00Z,2026-01-23,14:00,2,129.42,0.12,2.13,84.45,1.04,0.59,1.53,0.24
Londres,LON,GB,51.5074,-0.1278,2026-01-23T15:00:00Z,2026-01-23,15:00,2,128.24,0.1,1.86,84.78,0.92,0.52,1.38,0.23
Londres,LON,GB,51.5074,-0.1278,2026-01-23T16:00:00Z,2026-01-23,16:00,2,128.89,0.05,1.79,83.15,0.85,0.5,1.21,0.22
Londres,LON,GB,51.5074,-0.1278,2026-01-23T17:00:00Z,2026-01-23,17:00,2,130.47,0,1.84,81.28,0.86,0.5,1.17,0.21
Londres,LON,GB,51.5074,-0.1278,2026-01-23T18:00:00Z,2026-01-23,18:00,2,132.4,0,1.89,79.79,0.9,0.5,1.21,0.22
Londres,LON,GB,51.5074,-0.1278,2026-01-23T19:00:00Z,2026-01-23,19:00,2,133.91,0,2.02,78.47,0.98,0.5,1.35,0.26
Londres,LON,GB,51.5074,-0.1278,2026-01-23T20:00:00Z,2026-01-23,20:00,2,135.34,0,2.24,77.47,1.09,0.51,1.54,0.3
Londres,LON,GB,51.5074,-0.1278,2026-01-23T21:00:00Z,2026-01-23,21:00,2,136.51,0,2.4,76.39,1.15,0.52,1.67,0.33
Londres,LON,GB,51.5074,-0.1278,2026-01-23T22:00:00Z,2026-01-23,22:00,2,136.68,0,2.49,75.62,1.19,0.55,1.76,0.35
Londres,LON,GB,51.5074,-0.1278,2026-01-23T23:00:00Z,2026-01-23,23:00,2,137.32,0,2.55,75.56,1.23,0.58,1.86,0.36
Londres,LON,GB,51.5074,-0.1278,2026-01-24T00:00:00Z,2026-01-24,00:00,2,137.77,0,2.58,75.74,1.27,0.62,1.97,0.35
Londres,LON,GB,51.5074,-0.1278,2026-01-24T01:00:00Z,2026-01-24,01:00,2,137.05,0,2.57,75.64,1.27,0.66,2,0.34
Londres,LON,GB,51.5074,-0.1278,2026-01-24T02:00:00Z,2026-01-24,02:00,2,136.71,0,2.58,75.34,1.26,0.7,2.11,0.34
Londres,LON,GB,51.5074,-0.1278,2026-01-24T03:00:00Z,2026-01-24,03:00,2,136.27,0,2.53,75.51,1.2,0.69,2.1,0.32
Londres,LON,GB,51.5074,-0.1278,2026-01-24T04:00:00Z,2026-01-24,04:00,2,135.13,0,2.42,76.01,1.15,0.64,2.07,0.29
Londres,LON,GB,51.5074,-0.1278,2026-01-24T05:00:00Z,2026-01-24,05:00,2,134.19,0,2.39,75.89,1.15,0.61,2.04,0.25
Londres,LON,GB,51.5074,-0.1278,2026-01-24T06:00:00Z,2026-01-24,06:00,2,134.09,0,2.42,75.94,1.2,0.6,2.02,0.23
Londres,LON,GB,51.5074,-0.1278,2026-01-24T07:00:00Z,2026-01-24,07:00,2,135.03,0,2.55,75.76,1.29,0.63,2.08,0.21
Londres,LON,GB,51.5074,-0.1278,2026-01-24T08:00:00Z,2026-01-24,08:00,2,137.11,0,2.84,75.85,1.43,0.71,2.17,0.21
Londres,LON,GB,51.5074,-0.1278,2026-01-24T09:00:00Z,2026-01-24,09:00,2,138.64,0.02,3.12,76.01,1.54,0.76,2.18,0.2
Londres,LON,GB,51.5074,-0.1278,2026-01-24T10:00:00Z,2026-01-24,10:00,2,139.16,0.16,3.2,75.88,1.61,0.78,2.12,0.2
Londres,LON,GB,51.5074,-0.1278,2026-01-24T11:00:00Z,2026-01-24,11:00,2,139.51,0.29,3.17,75.48,1.67,0.81,2.08,0.2
Londres,LON,GB,51.5074,-0.1278,2026-01-24T12:00:00Z,2026-01-24,12:00,2,139.57,0.37,3.16,74.83,1.7,0.87,2.11,0.21
Londres,LON,GB,51.5074,-0.1278,2026-01-24T13:00:00Z,2026-01-24,13:00,2,139.55,0.24,3.42,73.9,1.69,0.94,2.14,0.22
Londres,LON,GB,51.5074,-0.1278,2026-01-24T14:00:00Z,2026-01-24,14:00,2,138.89,0.2,3.43,73.24,1.63,0.96,2.1,0.24
Londres,LON,GB,51.5074,-0.1278,2026-01-24T15:00:00Z,2026-01-24,15:00,2,137.68,0.1,3.36,73.53,1.52,0.88,1.91,0.25
Londres,LON,GB,51.5074,-0.1278,2026-01-24T16:00:00Z,2026-01-24,16:00,2,137.09,0.01,3.06,75.08,1.27,0.7,1.35,0.22
Londres,LON,GB,51.5074,-0.1278,2026-01-24T17:00:00Z,2026-01-24,17:00,2,136.83,0,2.64,77.35,1.02,0.54,0.99,0.18
Londres,LON,GB,51.5074,-0.1278,2026-01-24T18:00:00Z,2026-01-24,18:00,2,137.21,0,2.53,78.51,0.9,0.5,0.86,0.15
Londres,LON,GB,51.5074,-0.1278,2026-01-24T19:00:00Z,2026-01-24,19:00,2,137.54,0,2.52,78.86,0.85,0.5,0.75,0.12
Londres,LON,GB,51.5074,-0.1278,2026-01-24T20:00:00Z,2026-01-24,20:00,2,138.2,0,2.66,78.23,0.86,0.5,0.68,0.1
Londres,LON,GB,51.5074,-0.1278,2026-01-24T21:00:00Z,2026-01-24,21:00,2,139.04,0,2.88,76.9,0.93,0.5,0.64,0.1
Londres,LON,GB,51.5074,-0.1278,2026-01-24T22:00:00Z,2026-01-24,22:00,2,139.3,0,2.96,75.71,0.96,0.5,0.61,0.09
Londres,LON,GB,51.5074,-0.1278,2026-01-24T23:00:00Z,2026-01-24,23:00,2,139.34,0,3.07,74.26,1.05,0.5,0.66,0.11
Londres,LON,GB,51.5074,-0.1278,2026-01-25T00:00:00Z,2026-01-25,00:00,2,139.02,0,3.09,73.14,1.12,0.5,0.73,0.11
Londres,LON,GB,51.5074,-0.1278,2026-01-25T01:00:00Z,2026-01-25,01:00,2,137.9,0,2.92,73.76,1.17,0.5,0.89,0.1
Londres,LON,GB,51.5074,-0.1278,2026-01-25T02:00:00Z,2026-01-25,02:00,2,137.17,0,2.87,75.02,1.23,0.53,1.22,0.13
Londres,LON,GB,51.5074,-0.1278,2026-01-25T03:00:00Z,2026-01-25,03:00,2,137.45,0,3.01,75.5,1.3,0.68,1.64,0.2
Londres,LON,GB,51.5074,-0.1278,2026-01-25T04:00:00Z,2026-01-25,04:00,2,138.55,0,3.13,74.94,1.31,0.8,1.99,0.27
Londres,LON,GB,51.5074,-0.1278,2026-01-25T05:00:00Z,2026-01-25,05:00,2,139.55,0,3.02,75.25,1.22,0.84,2.15,0.28
Londres,LON,GB,51.5074,-0.1278,2026-01-25T06:00:00Z,2026-01-25,06:00,2,139.35,0,2.71,76.9,1.1,0.8,2.07,0.23
Londres,LON,GB,51.5074,-0.1278,2026-01-25T07:00:00Z,2026-01-25,07:00,2,140.39,0,3.01,75.5,1.31,0.85,2.06,0.21
Londres,LON,GB,51.5074,-0.1278,2026-01-25T08:00:00Z,2026-01-25,08:00,2,141.95,0,3.68,71.2,1.67,1,2.06,0.19
Londres,LON,GB,51.5074,-0.1278,2026-01-25T09:00:00Z,2026-01-25,09:00,2,142.95,0,3.98,68.88,1.81,1.05,1.97,0.15
Londres,LON,GB,51.5074,-0.1278,2026-01-25T10:00:00Z,2026-01-25,10:00,2,143.44,0.02,4.02,67.87,1.63,0.91,1.57,0.11
Londres,LON,GB,51.5074,-0.1278,2026-01-25T11:00:00Z,2026-01-25,11:00,2,144.16,0.05,3.95,68.33,1.4,0.71,1.14,0.07
Londres,LON,GB,51.5074,-0.1278,2026-01-25T12:00:00Z,2026-01-25,12:00,2,144.88,0.08,3.92,69.11,1.25,0.56,0.88,0.04
Londres,LON,GB,51.5074,-0.1278,2026-01-25T13:00:00Z,2026-01-25,13:00,2,145.28,0.09,3.82,70.47,1.15,0.5,0.69,0.03
Londres,LON,GB,51.5074,-0.1278,2026-01-25T14:00:00Z,2026-01-25,14:00,2,145.73,0.08,3.91,70.43,1.15,0.5,0.56,0.03
Londres,LON,GB,51.5074,-0.1278,2026-01-25T15:00:00Z,2026-01-25,15:00,2,146.55,0.05,4.21,69.05,1.2,0.5,0.5,0.03
Londres,LON,GB,51.5074,-0.1278,2026-01-25T16:00:00Z,2026-01-25,16:00,2,147.52,0.01,4.56,67.73,1.27,0.5,0.5,0.03
Londres,LON,GB,51.5074,-0.1278,2026-01-25T17:00:00Z,2026-01-25,17:00,2,148.48,0,4.86,67.03,1.35,0.5,0.5,0.03
Londres,LON,GB,51.5074,-0.1278,2026-01-25T18:00:00Z,2026-01-25,18:00,2,150.35,0,5.18,66.34,1.41,0.5,0.5,0.03
Londres,LON,GB,51.5074,-0.1278,2026-01-25T19:00:00Z,2026-01-25,19:00,2,153.93,0,5.43,65.34,1.42,0.5,0.5,0.04
Londres,LON,GB,51.5074,-0.1278,2026-01-25T20:00:00Z,2026-01-25,20:00,2,158.11,0,5.75,63.88,1.46,0.5,0.57,0.05
Londres,LON,GB,51.5074,-0.1278,2026-01-25T21:00:00Z,2026-01-25,21:00,2,161.73,0,6,62.34,1.51,0.52,0.71,0.06
Londres,LON,GB,51.5074,-0.1278,2026-01-25T22:00:00Z,2026-01-25,22:00,2,163.89,0,6.11,60.69,1.51,0.61,0.87,0.07
Londres,LON,GB,51.5074,-0.1278,2026-01-25T23:00:00Z,2026-01-25,23:00,1,165.87,0,6.12,59.35,1.52,0.73,1.1,0.09
Londres,LON,GB,51.5074,-0.1278,2026-01-26T00:00:00Z,2026-01-26,00:00,1,168.41,0,6.12,58.08,1.53,0.88,1.39,0.13
Londres,LON,GB,51.5074,-0.1278,2026-01-26T01:00:00Z,2026-01-26,01:00,1,170.61,0,6.06,57.06,1.57,1.02,1.67,0.16
Londres,LON,GB,51.5074,-0.1278,2026-01-26T02:00:00Z,2026-01-26,02:00,1,173.02,0,5.99,56.29,1.62,1.13,1.85,0.19
Londres,LON,GB,51.5074,-0.1278,2026-01-26T03:00:00Z,2026-01-26,03:00,1,175.25,0,5.86,55.55,1.61,1.2,1.93,0.2
Londres,LON,GB,51.5074,-0.1278,2026-01-26T04:00:00Z,2026-01-26,04:00,1,176.48,0,5.69,54.51,1.59,1.26,2,0.22
Londres,LON,GB,51.5074,-0.1278,2026-01-26T05:00:00Z,2026-01-26,05:00,1,177.45,0,5.61,53.65,1.64,1.33,2.1,0.24
Londres,LON,GB,51.5074,-0.1278,2026-01-26T06:00:00Z,2026-01-26,06:00,1,178.42,0,5.58,53.14,1.7,1.42,2.2,0.26
Londres,LON,GB,51.5074,-0.1278,2026-01-26T07:00:00Z,2026-01-26,07:00,1,178.46,0,5.48,53.2,1.72,1.49,2.2,0.25
Londres,LON,GB,51.5074,-0.1278,2026-01-26T08:00:00Z,2026-01-26,08:00,1,177.2,0,5.32,54.04,1.71,1.42,2,0.25
Londres,LON,GB,51.5074,-0.1278,2026-01-26T09:00:00Z,2026-01-26,09:00,1,174.81,0.01,5.12,55.49,1.7,1.29,1.76,0.24
Londres,LON,GB,51.5074,-0.1278,2026-01-26T10:00:00Z,2026-01-26,10:00,1,170.11,0.05,4.93,57.79,1.76,1.08,1.48,0.23
Londres,LON,GB,51.5074,-0.1278,2026-01-26T11:00:00Z,2026-01-26,11:00,2,164.03,0.11,4.81,60.45,1.95,1.02,1.44,0.21
Londres,LON,GB,51.5074,-0.1278,2026-01-26T12:00:00Z,2026-01-26,12:00,2,157.95,0.17,4.94,63.39,2.2,1.06,1.54,0.2
Londres,LON,GB,51.5074,-0.1278,2026-01-26T13:00:00Z,2026-01-26,13:00,2,153.42,0.2,5.46,66.63,2.54,1.19,1.73,0.19
Londres,LON,GB,51.5074,-0.1278,2026-01-26T14:00:00Z,2026-01-26,14:00,2,150.41,0.17,6.15,69.24,2.84,1.38,1.98,0.18
Londres,LON,GB,51.5074,-0.1278,2026-01-26T15:00:00Z,2026-01-26,15:00,2,148.52,0.1,6.63,71.53,3,1.57,2.26,0.18
Londres,LON,GB,51.5074,-0.1278,2026-01-26T16:00:00Z,2026-01-26,16:00,2,146.34,0.03,6.55,73.21,2.94,1.65,2.49,0.18
Londres,LON,GB,51.5074,-0.1278,2026-01-26T17:00:00Z,2026-01-26,17:00,2,143.89,0,5.79,73.65,2.71,1.6,2.55,0.2
Londres,LON,GB,51.5074,-0.1278,2026-01-26T18:00:00Z,2026-01-26,18:00,2,142.28,0,5.05,72.11,2.56,1.52,2.55,0.26
Londres,LON,GB,51.5074,-0.1278,2026-01-26T19:00:00Z,2026-01-26,19:00,2,143.67,0,4.57,70.36,2.36,1.44,2.24,0.25
Londres,LON,GB,51.5074,-0.1278,2026-01-26T20:00:00Z,2026-01-26,20:00,2,145.95,0,4.52,68.64,2.03,1.43,1.98,0.2
Londres,LON,GB,51.5074,-0.1278,2026-01-26T21:00:00Z,2026-01-26,21:00,2,148.03,0,4.49,67.63,1.68,1.39,1.85,0.15
Londres,LON,GB,51.5074,-0.1278,2026-01-26T22:00:00Z,2026-01-26,22:00,2,149.93,0,4.37,67.49,1.35,1.41,1.81,0.1
Londres,LON,GB,51.5074,-0.1278,2026-01-26T23:00:00Z,2026-01-26,23:00,2,151.83,0,4.26,66.57,1.1,1.44,1.81,0.06
Londres,LON,GB,51.5074,-0.1278,2026-01-27T00:00:00Z,2026-01-27,00:00,2,152.99,0,4.04,65.8,0.93,1.43,1.84,0.04
Londres,LON,GB,51.5074,-0.1278,2026-01-27T01:00:00Z,2026-01-27,01:00,2,151.37,0,3.67,66.05,0.81,1.28,1.75,0.03
Londres,LON,GB,51.5074,-0.1278,2026-01-27T02:00:00Z,2026-01-27,02:00,2,148.09,0,3.29,66.53,0.76,1.12,1.65,0.03
Londres,LON,GB,51.5074,-0.1278,2026-01-27T03:00:00Z,2026-01-27,03:00,2,145.72,0,3.02,67.01,0.72,1,1.61,0.03
Londres,LON,GB,51.5074,-0.1278,2026-01-27T04:00:00Z,2026-01-27,04:00,2,144.18,0,2.9,67.59,0.74,0.92,1.58,0.04
Londres,LON,GB,51.5074,-0.1278,2026-01-27T05:00:00Z,2026-01-27,05:00,2,141.35,0,2.82,67.5,0.8,0.83,1.49,0.04
Londres,LON,GB,51.5074,-0.1278,2026-01-27T06:00:00Z,2026-01-27,06:00,2,138.99,0,2.8,66.94,0.85,0.77,1.41,0.05
Londres,LON,GB,51.5074,-0.1278,2026-01-27T07:00:00Z,2026-01-27,07:00,2,138.62,0,2.89,66.49,0.92,0.76,1.4,0.07
Londres,LON,GB,51.5074,-0.1278,2026-01-27T08:00:00Z,2026-01-27,08:00,2,138.13,0,3.13,65.07,0.99,0.78,1.36,0.08
Londres,LON,GB,51.5074,-0.1278,2026-01-27T09:00:00Z,2026-01-27,09:00,2,136.2,0,3.38,64.35,1.01,0.82,1.3,0.1
Londres,LON,GB,51.5074,-0.1278,2026-01-27T10:00:00Z,2026-01-27,10:00,2,131.06,0.02,3.31,68.58,1.01,0.89,1.38,0.12
Londres,LON,GB,51.5074,-0.1278,2026-01-27T11:00:00Z,2026-01-27,11:00,2,128.48,0.03,3.09,74.89,1.04,0.98,1.54,0.15
Londres,LON,GB,51.5074,-0.1278,2026-01-27T12:00:00Z,2026-01-27,12:00,2,129.8,0.04,2.95,78.41,1.09,1.05,1.74,0.18
Londres,LON,GB,51.5074,-0.1278,2026-01-27T13:00:00Z,2026-01-27,13:00,2,130.85,0.05,2.7,80.16,1.13,1.03,2.04,0.21
Londres,LON,GB,51.5074,-0.1278,2026-01-27T14:00:00Z,2026-01-27,14:00,2,129.38,0.06,2.39,82.84,1.11,0.86,2.2,0.24
Londres,LON,GB,51.5074,-0.1278,2026-01-27T15:00:00Z,2026-01-27,15:00,2,127.73,0.05,2.16,86.31,1.05,0.65,2.02,0.24
Londres,LON,GB,51.5074,-0.1278,2026-01-27T16:00:00Z,2026-01-27,16:00,2,127.05,0.03,2.03,87.73,0.99,0.51,1.65,0.23
Londres,LON,GB,51.5074,-0.1278,2026-01-27T17:00:00Z,2026-01-27,17:00,2,127.81,0,1.95,87.72,0.92,0.5,1.34,0.2
Londres,LON,GB,51.5074,-0.1278,2026-01-27T18:00:00Z,2026-01-27,18:00,2,128.02,0,1.86,88.96,0.89,0.5,1.26,0.18
Londres,LON,GB,51.5074,-0.1278,2026-01-27T19:00:00Z,2026-01-27,19:00,2,127.13,0,1.82,91.29,0.87,0.5,1.13,0.16
Londres,LON,GB,51.5074,-0.1278,2026-01-27T20:00:00Z,2026-01-27,20:00,2,126.42,0,1.9,93.94,0.91,0.5,1.05,0.17
Londres,LON,GB,51.5074,-0.1278,2026-01-27T21:00:00Z,2026-01-27,21:00,2,126.26,0,2,96.21,0.96,0.5,1.02,0.2
Londres,LON,GB,51.5074,-0.1278,2026-01-27T22:00:00Z,2026-01-27,22:00,2,125.87,0,2.11,97.2,1.03,0.5,1.05,0.24
Londres,LON,GB,51.5074,-0.1278,2026-01-27T23:00:00Z,2026-01-27,23:00,2,127.19,0,2.29,97.38,1.12,0.5,1.12,0.27
Londres,LON,GB,51.5074,-0.1278,2026-01-28T00:00:00Z,2026-01-28,00:00,2,128.15,0,2.42,97.01,1.17,0.5,1.12,0.26
Londres,LON,GB,51.5074,-0.1278,2026-01-28T01:00:00Z,2026-01-28,01:00,2,128.92,0,2.49,95.69,1.2,0.5,1.02,0.23
Londres,LON,GB,51.5074,-0.1278,2026-01-28T02:00:00Z,2026-01-28,02:00,2,129.7,0,2.56,94.37,1.22,0.5,0.9,0.21
Londres,LON,GB,51.5074,-0.1278,2026-01-28T03:00:00Z,2026-01-28,03:00,2,130.3,0,2.63,93.04,1.24,0.5,0.84,0.21
Londres,LON,GB,51.5074,-0.1278,2026-01-28T04:00:00Z,2026-01-28,04:00,2,130.18,0,2.62,92.06,1.24,0.5,0.83,0.23
Londres,LON,GB,51.5074,-0.1278,2026-01-28T05:00:00Z,2026-01-28,05:00,2,130.82,0,2.64,91.67,1.26,0.5,0.8,0.24
Londres,LON,GB,51.5074,-0.1278,2026-01-28T06:00:00Z,2026-01-28,06:00,2,131.37,0,2.71,91.27,1.29,0.5,0.77,0.23
Londres,LON,GB,51.5074,-0.1278,2026-01-28T07:00:00Z,2026-01-28,07:00,2,131.54,0,2.92,90.39,1.39,0.5,0.77,0.23
Londres,LON,GB,51.5074,-0.1278,2026-01-28T08:00:00Z,2026-01-28,08:00,2,131.33,0,3.38,88.16,1.63,0.5,0.81,0.22
Londres,LON,GB,51.5074,-0.1278,2026-01-28T09:00:00Z,2026-01-28,09:00,2,130.85,0.02,3.92,85.38,1.86,0.5,0.84,0.2
Londres,LON,GB,51.5074,-0.1278,2026-01-28T10:00:00Z,2026-01-28,10:00,2,130.67,0.14,4.21,82.78,2.01,0.5,0.85,0.19
Londres,LON,GB,51.5074,-0.1278,2026-01-28T11:00:00Z,2026-01-28,11:00,2,130.62,0.31,4.06,80.44,2.02,0.5,0.86,0.19
Londres,LON,GB,51.5074,-0.1278,2026-01-28T12:00:00Z,2026-01-28,12:00,2,130.85,0.45,3.87,78.64,2.01,0.5,0.86,0.19
Londres,LON,GB,51.5074,-0.1278,2026-01-28T13:00:00Z,2026-01-28,13:00,2,130.98,0.51,3.8,77.32,2.01,0.5,0.88,0.19
Londres,LON,GB,51.5074,-0.1278,2026-01-28T14:00:00Z,2026-01-28,14:00,2,131.76,0.5,4.01,76.48,2.1,0.52,0.94,0.21
Londres,LON,GB,51.5074,-0.1278,2026-01-28T15:00:00Z,2026-01-28,15:00,2,132.81,0.39,4.54,75.47,2.23,0.56,1.02,0.22
Londres,LON,GB,51.5074,-0.1278,2026-01-28T16:00:00Z,2026-01-28,16:00,2,133.29,0.17,5.01,74.93,2.3,0.6,1.08,0.22
Londres,LON,GB,51.5074,-0.1278,2026-01-28T17:00:00Z,2026-01-28,17:00,2,133.39,0.01,5.09,74.7,2.29,0.62,1.1,0.2
Londres,LON,GB,51.5074,-0.1278,2026-01-28T18:00:00Z,2026-01-28,18:00,2,133.4,0,4.79,74.78,2.23,0.63,1.12,0.19
Londres,LON,GB,51.5074,-0.1278,2026-01-28T19:00:00Z,2026-01-28,19:00,2,133.24,0,4.29,75.11,2.09,0.61,1.1,0.18
Londres,LON,GB,51.5074,-0.1278,2026-01-28T20:00:00Z,2026-01-28,20:00,2,133,0,3.83,75.37,1.97,0.6,1.08,0.18
Londres,LON,GB,51.5074,-0.1278,2026-01-28T21:00:00Z,2026-01-28,21:00,2,133.22,0,3.49,75.78,2,0.6,1.1,0.18
Londres,LON,GB,51.5074,-0.1278,2026-01-28T22:00:00Z,2026-01-28,22:00,2,133.79,0,3.35,75.87,2.14,0.65,1.17,0.19
Londres,LON,GB,51.5074,-0.1278,2026-01-28T23:00:00Z,2026-01-28,23:00,2,135.44,0,3.64,75.31,2.39,0.78,1.38,0.2
Londres,LON,GB,51.5074,-0.1278,2026-01-29T00:00:00Z,2026-01-29,00:00,2,137.93,0,4.05,74.91,2.5,0.96,1.67,0.21
Londres,LON,GB,51.5074,-0.1278,2026-01-29T01:00:00Z,2026-01-29,01:00,2,140.42,0,4.47,74.43,2.49,1.15,1.97,0.23
Londres,LON,GB,51.5074,-0.1278,2026-01-29T02:00:00Z,2026-01-29,02:00,2,142.45,0,4.8,73.95,2.49,1.31,2.24,0.25
Londres,LON,GB,51.5074,-0.1278,2026-01-29T03:00:00Z,2026-01-29,03:00,2,143.92,0,4.95,73.48,2.51,1.42,2.42,0.27
Londres,LON,GB,51.5074,-0.1278,2026-01-29T04:00:00Z,2026-01-29,04:00,2,144.14,0,4.83,73.74,2.52,1.44,2.47,0.26
Londres,LON,GB,51.5074,-0.1278,2026-01-29T05:00:00Z,2026-01-29,05:00,2,143.67,0,4.68,74.09,2.55,1.43,2.49,0.25
Londres,LON,GB,51.5074,-0.1278,2026-01-29T06:00:00Z,2026-01-29,06:00,2,143,0,4.45,74.61,2.61,1.4,2.46,0.24
Londres,LON,GB,51.5074,-0.1278,2026-01-29T07:00:00Z,2026-01-29,07:00,2,141.67,0,4.02,75.67,2.6,1.28,2.29,0.23
Londres,LON,GB,51.5074,-0.1278,2026-01-29T08:00:00Z,2026-01-29,08:00,2,140.77,0,3.7,76.87,2.47,1.14,2.09,0.22
Londres,LON,GB,51.5074,-0.1278,2026-01-29T09:00:00Z,2026-01-29,09:00,2,140.52,0.04,3.64,77.52,2.32,1.04,1.98,0.22
Londres,LON,GB,51.5074,-0.1278,2026-01-29T10:00:00Z,2026-01-29,10:00,2,142.58,0.27,4.01,76.5,2.45,1.14,2.2,0.25
Londres,LON,GB,51.5074,-0.1278,2026-01-29T11:00:00Z,2026-01-29,11:00,2,147.98,0.62,4.68,73.66,2.78,1.52,2.83,0.29
Londres,LON,GB,51.5074,-0.1278,2026-01-29T12:00:00Z,2026-01-29,12:00,2,153.75,0.94,5.15,71.29,2.96,1.97,3.52,0.35
Londres,LON,GB,51.5074,-0.1278,2026-01-29T13:00:00Z,2026-01-29,13:00,2,158.12,0.9,5.67,69.75,3,2.37,4.03,0.39
Londres,LON,GB,51.5074,-0.1278,2026-01-29T14:00:00Z,2026-01-29,14:00,2,160.71,0.65,6.19,68.32,2.97,2.62,4.31,0.42
Londres,LON,GB,51.5074,-0.1278,2026-01-29T15:00:00Z,2026-01-29,15:00,2,162.56,0.28,6.8,66.82,2.9,2.56,4.22,0.46
Londres,LON,GB,51.5074,-0.1278,2026-01-29T16:00:00Z,2026-01-29,16:00,2,159.41,0.03,6.36,67.68,2.48,2.11,3.25,0.36
Londres,LON,GB,51.5074,-0.1278,2026-01-29T17:00:00Z,2026-01-29,17:00,2,155.14,0,5.47,68.46,2.05,1.66,2.48,0.27
Londres,LON,GB,51.5074,-0.1278,2026-01-29T18:00:00Z,2026-01-29,18:00,2,153.28,0,5.12,66.95,1.84,1.48,2.27,0.24
Londres,LON,GB,51.5074,-0.1278,2026-01-29T19:00:00Z,2026-01-29,19:00,2,154.41,0,5.09,64.99,1.63,1.4,2.08,0.19
Londres,LON,GB,51.5074,-0.1278,2026-01-29T20:00:00Z,2026-01-29,20:00,2,155.78,0,5.06,63.06,1.33,1.25,1.73,0.12
Londres,LON,GB,51.5074,-0.1278,2026-01-29T21:00:00Z,2026-01-29,21:00,2,155.31,0,4.79,62.15,1.11,1.05,1.44,0.08
Londres,LON,GB,51.5074,-0.1278,2026-01-29T22:00:00Z,2026-01-29,22:00,2,154.12,0,4.58,61.88,1.07,0.94,1.34,0.07
Londres,LON,GB,51.5074,-0.1278,2026-01-29T23:00:00Z,2026-01-29,23:00,2,153.68,0,4.72,60.32,1.17,0.95,1.37,0.08
Londres,LON,GB,51.5074,-0.1278,2026-01-30T00:00:00Z,2026-01-30,00:00,1,154.34,0,4.95,57.98,1.26,0.95,1.36,0.09
Londres,LON,GB,51.5074,-0.1278,2026-01-30T01:00:00Z,2026-01-30,01:00,1,155.9,0,5.21,55.98,1.29,0.97,1.34,0.1
Londres,LON,GB,51.5074,-0.1278,2026-01-30T02:00:00Z,2026-01-30,02:00,1,154.87,0,5.19,57.12,1.28,0.95,1.28,0.13
Londres,LON,GB,51.5074,-0.1278,2026-01-30T03:00:00Z,2026-01-30,03:00,2,149.28,0,4.77,64.53,1.29,0.91,1.21,0.15
Londres,LON,GB,51.5074,-0.1278,2026-01-30T04:00:00Z,2026-01-30,04:00,2,139.62,0,3.96,79.79,1.29,0.75,1.06,0.14
Londres,LON,GB,51.5074,-0.1278,2026-01-30T05:00:00Z,2026-01-30,05:00,2,130.76,0,3.26,93.19,1.36,0.55,0.94,0.12
Londres,LON,GB,51.5074,-0.1278,2026-01-30T06:00:00Z,2026-01-30,06:00,2,128.01,0,2.97,93.5,1.41,0.5,0.93,0.1
Londres,LON,GB,51.5074,-0.1278,2026-01-30T07:00:00Z,2026-01-30,07:00,2,129.09,0,2.9,85.1,1.4,0.5,0.9,0.07
Londres,LON,GB,51.5074,-0.1278,2026-01-30T08:00:00Z,2026-01-30,08:00,2,129.32,0,2.82,80.06,1.33,0.5,0.94,0.06
Londres,LON,GB,51.5074,-0.1278,2026-01-30T09:00:00Z,2026-01-30,09:00,2,128.73,0.02,2.67,82.23,1.26,0.53,1.14,0.05
Londres,LON,GB,51.5074,-0.1278,2026-01-30T10:00:00Z,2026-01-30,10:00,2,128.63,0.11,2.8,86.3,1.41,0.58,1.5,0.08
Londres,LON,GB,51.5074,-0.1278,2026-01-30T11:00:00Z,2026-01-30,11:00,2,130.13,0.25,3.4,85.92,1.73,0.73,1.9,0.2
Londres,LON,GB,51.5074,-0.1278,2026-01-30T12:00:00Z,2026-01-30,12:00,2,132.99,0.39,3.95,82.34,1.89,0.89,2.15,0.34
Londres,LON,GB,51.5074,-0.1278,2026-01-30T13:00:00Z,2026-01-30,13:00,2,135.51,0.37,4.27,78.87,1.71,0.95,1.9,0.35
Londres,LON,GB,51.5074,-0.1278,2026-01-30T14:00:00Z,2026-01-30,14:00,2,137.15,0.23,4.28,78.58,1.4,0.9,1.5,0.23
Londres,LON,GB,51.5074,-0.1278,2026-01-30T15:00:00Z,2026-01-30,15:00,2,137.77,0.08,4.37,80.87,1.25,0.85,1.39,0.14
Londres,LON,GB,51.5074,-0.1278,2026-01-30T16:00:00Z,2026-01-30,16:00,2,136.64,0.02,4.18,84.46,1.12,0.73,1.22,0.09
Londres,LON,GB,51.5074,-0.1278,2026-01-30T17:00:00Z,2026-01-30,17:00,2,134.2,0,3.94,86.23,1.07,0.64,1.15,0.09
Londres,LON,GB,51.5074,-0.1278,2026-01-30T18:00:00Z,2026-01-30,18:00,2,131.94,0,3.36,88.86,1.05,0.66,1.34,0.14
Londres,LON,GB,51.5074,-0.1278,2026-01-30T19:00:00Z,2026-01-30,19:00,2,131.86,0,2.79,92.68,1.08,0.84,2.24,0.18
Londres,LON,GB,51.5074,-0.1278,2026-01-30T20:00:00Z,2026-01-30,20:00,2,132.76,0,2.56,95.37,1.15,0.96,2.98,0.17
Londres,LON,GB,51.5074,-0.1278,2026-01-30T21:00:00Z,2026-01-30,21:00,2,132.66,0,2.45,97.14,1.13,0.85,2.73,0.14
Londres,LON,GB,51.5074,-0.1278,2026-01-30T22:00:00Z,2026-01-30,22:00,2,131.8,0,2.28,97.32,1.06,0.66,2.08,0.12
Londres,LON,GB,51.5074,-0.1278,2026-01-30T23:00:00Z,2026-01-30,23:00,2,131.84,0,2.23,96.87,1.05,0.53,1.59,0.12
Londres,LON,GB,51.5074,-0.1278,2026-01-31T00:00:00Z,2026-01-31,00:00,2,132.14,0,2.26,96.26,1.07,0.5,1.28,0.12
Londres,LON,GB,51.5074,-0.1278,2026-01-31T01:00:00Z,2026-01-31,01:00,2,132.21,0,2.33,95.2,1.11,0.5,1.04,0.13
Londres,LON,GB,51.5074,-0.1278,2026-01-31T02:00:00Z,2026-01-31,02:00,2,133.14,0,2.49,93.53,1.17,0.5,1,0.15
Londres,LON,GB,51.5074,-0.1278,2026-01-31T03:00:00Z,2026-01-31,03:00,2,133.88,0,2.7,91.14,1.26,0.5,1.07,0.18
Londres,LON,GB,51.5074,-0.1278,2026-01-31T04:00:00Z,2026-01-31,04:00,2,134.58,0,3.12,87.54,1.46,0.56,1.29,0.23
Londres,LON,GB,51.5074,-0.1278,2026-01-31T05:00:00Z,2026-01-31,05:00,2,135.79,0,3.66,84.3,1.68,0.66,1.53,0.3
Londres,LON,GB,51.5074,-0.1278,2026-01-31T06:00:00Z,2026-01-31,06:00,2,136.64,0,4.04,81.76,1.81,0.75,1.69,0.35
Londres,LON,GB,51.5074,-0.1278,2026-01-31T07:00:00Z,2026-01-31,07:00,2,136.96,0,4.63,79.31,2.05,0.88,2.01,0.44
Londres,LON,GB,51.5074,-0.1278,2026-01-31T08:00:00Z,2026-01-31,08:00,2,137.21,0,5.28,77.59,2.32,1,2.24,0.51
Londres,LON,GB,51.5074,-0.1278,2026-01-31T09:00:00Z,2026-01-31,09:00,2,137.56,0.01,5.72,77.29,2.43,1.03,2.17,0.51
Londres,LON,GB,51.5074,-0.1278,2026-01-31T10:00:00Z,2026-01-31,10:00,2,137.27,0.1,5.94,78.09,2.38,0.97,1.85,0.47
Londres,LON,GB,51.5074,-0.1278,2026-01-31T11:00:00Z,2026-01-31,11:00,2,138,0.26,5.75,79.54,2.25,0.87,1.49,0.39
Londres,LON,GB,51.5074,-0.1278,2026-01-31T12:00:00Z,2026-01-31,12:00,2,138.82,0.4,5.52,81.23,2.14,0.78,1.21,0.31
Londres,LON,GB,51.5074,-0.1278,2026-01-31T13:00:00Z,2026-01-31,13:00,2,138.7,0.31,5.44,82.07,1.96,0.69,0.98,0.23
Londres,LON,GB,51.5074,-0.1278,2026-01-31T14:00:00Z,2026-01-31,14:00,2,138.67,0.23,5.24,82.84,1.81,0.65,0.88,0.19
Londres,LON,GB,51.5074,-0.1278,2026-01-31T15:00:00Z,2026-01-31,15:00,2,138.63,0.13,5.25,82.26,1.77,0.65,0.87,0.18
Londres,LON,GB,51.5074,-0.1278,2026-01-31T16:00:00Z,2026-01-31,16:00,2,137.85,0.06,4.88,82.96,1.67,0.62,0.84,0.17
Londres,LON,GB,51.5074,-0.1278,2026-01-31T17:00:00Z,2026-01-31,17:00,2,137.07,0.01,4.7,83.01,1.73,0.61,0.85,0.18
Londres,LON,GB,51.5074,-0.1278,2026-01-31T18:00:00Z,2026-01-31,18:00,2,136.75,0,4.63,82.35,1.87,0.62,0.89,0.18
Londres,LON,GB,51.5074,-0.1278,2026-01-31T19:00:00Z,2026-01-31,19:00,2,136.67,0,4.66,81.8,2,0.62,0.92,0.18
Londres,LON,GB,51.5074,-0.1278,2026-01-31T20:00:00Z,2026-01-31,20:00,2,136.45,0,4.75,81.04,2.13,0.64,0.97,0.16
Londres,LON,GB,51.5074,-0.1278,2026-01-31T21:00:00Z,2026-01-31,21:00,2,135.76,0,4.78,79.81,2.2,0.66,1,0.15
Londres,LON,GB,51.5074,-0.1278,2026-01-31T22:00:00Z,2026-01-31,22:00,2,134.56,0,4.7,78.05,2.18,0.65,0.98,0.14
Londres,LON,GB,51.5074,-0.1278,2026-01-31T23:00:00Z,2026-01-31,23:00,2,133.01,0,4.36,76.67,2.01,0.6,0.9,0.12
Londres,LON,GB,51.5074,-0.1278,2026-02-01T00:00:00Z,2026-02-01,00:00,2,131.74,0,3.97,75.28,1.84,0.55,0.83,0.09
Londres,LON,GB,51.5074,-0.1278,2026-02-01T01:00:00Z,2026-02-01,01:00,2,132.31,0,3.35,74.2,1.58,0.5,0.74,0.07
Londres,LON,GB,51.5074,-0.1278,2026-02-01T02:00:00Z,2026-02-01,02:00,2,136.38,0,3.24,71.85,1.55,0.5,0.72,0.07
Londres,LON,GB,51.5074,-0.1278,2026-02-01T03:00:00Z,2026-02-01,03:00,2,142.76,0,3.37,68.95,1.58,0.5,0.73,0.07
Londres,LON,GB,51.5074,-0.1278,2026-02-01T04:00:00Z,2026-02-01,04:00,2,149.38,0,3.64,66.08,1.6,0.5,0.71,0.07
Londres,LON,GB,51.5074,-0.1278,2026-02-01T05:00:00Z,2026-02-01,05:00,2,152.76,0,4.08,63.49,1.62,0.51,0.73,0.07
Londres,LON,GB,51.5074,-0.1278,2026-02-01T06:00:00Z,2026-02-01,06:00,2,152.81,0,4.39,62,1.6,0.59,0.81,0.07
Londres,LON,GB,51.5074,-0.1278,2026-02-01T07:00:00Z,2026-02-01,07:00,2,149.39,0,5.25,60.85,1.81,0.75,0.98,0.08
Londres,LON,GB,51.5074,-0.1278,2026-02-01T08:00:00Z,2026-02-01,08:00,2,146.01,0,6.11,60.99,2.01,0.89,1.12,0.1
Londres,LON,GB,51.5074,-0.1278,2026-02-01T09:00:00Z,2026-02-01,09:00,2,144.2,0.01,6.4,62.55,2.07,0.94,1.16,0.11
Londres,LON,GB,51.5074,-0.1278,2026-02-01T10:00:00Z,2026-02-01,10:00,2,143.22,0.04,6.37,64,2.09,0.96,1.18,0.13
Londres,LON,GB,51.5074,-0.1278,2026-02-01T11:00:00Z,2026-02-01,11:00,2,143.35,0.09,6.17,65.09,2.05,1.01,1.26,0.17
Londres,LON,GB,51.5074,-0.1278,2026-02-01T12:00:00Z,2026-02-01,12:00,2,144.22,0.13,6.04,65.7,2,1.09,1.36,0.23
Londres,LON,GB,51.5074,-0.1278,2026-02-01T13:00:00Z,2026-02-01,13:00,2,144.22,0.16,6.01,66.85,2.03,1.14,1.46,0.29
Londres,LON,GB,51.5074,-0.1278,2026-02-01T14:00:00Z,2026-02-01,14:00,2,143.24,0.14,6.66,67.34,2.31,1.19,1.52,0.29
Londres,LON,GB,51.5074,-0.1278,2026-02-01T15:00:00Z,2026-02-01,15:00,2,141.71,0.1,7.49,68.06,2.61,1.22,1.56,0.28
Londres,LON,GB,51.5074,-0.1278,2026-02-01T16:00:00Z,2026-02-01,16:00,2,140.12,0.05,8.29,69.16,2.8,1.22,1.53,0.23
Londres,LON,GB,51.5074,-0.1278,2026-02-01T17:00:00Z,2026-02-01,17:00,2,138.92,0,8.48,70.32,2.81,1.14,1.42,0.17
Londres,LON,GB,51.5074,-0.1278,2026-02-01T18:00:00Z,2026-02-01,18:00,2,140.49,0,7.68,69.18,2.52,0.93,1.18,0.14
Londres,LON,GB,51.5074,-0.1278,2026-02-01T19:00:00Z,2026-02-01,19:00,2,144.71,0,5.88,67.34,1.85,0.68,0.99,0.18
Londres,LON,GB,51.5074,-0.1278,2026-02-01T20:00:00Z,2026-02-01,20:00,2,146.85,0,5.58,68.94,1.88,0.66,1.09,0.27
Londres,LON,GB,51.5074,-0.1278,2026-02-01T21:00:00Z,2026-02-01,21:00,2,145.83,0,5.87,75.24,2.03,0.71,1.25,0.33
Londres,LON,GB,51.5074,-0.1278,2026-02-01T22:00:00Z,2026-02-01,22:00,2,143.11,0,5.98,79.7,2.14,0.74,1.39,0.38
Londres,LON,GB,51.5074,-0.1278,2026-02-01T23:00:00Z,2026-02-01,23:00,2,141.56,0,6.07,81.29,2.28,0.77,1.51,0.42
Londres,LON,GB,51.5074,-0.1278,2026-02-02T00:00:00Z,2026-02-02,00:00,2,140.48,0,6.07,81.45,2.38,0.78,1.56,0.45
Londres,LON,GB,51.5074,-0.1278,2026-02-02T01:00:00Z,2026-02-02,01:00,2,139.49,0,6.36,79.52,2.61,0.79,1.58,0.45
Londres,LON,GB,51.5074,-0.1278,2026-02-02T02:00:00Z,2026-02-02,02:00,2,140.45,0,7.5,72.28,3.11,0.88,1.73,0.45
Londres,LON,GB,51.5074,-0.1278,2026-02-02T03:00:00Z,2026-02-02,03:00,2,143.99,0,9.17,60.72,3.41,1.28,2.2,0.39
Londres,LON,GB,51.5074,-0.1278,2026-02-02T04:00:00Z,2026-02-02,04:00,1,151.94,0,11.16,49.77,3.3,1.62,2.71,0.34
Londres,LON,GB,51.5074,-0.1278,2026-02-02T05:00:00Z,2026-02-02,05:00,1,154.44,0,11.27,47.37,2.95,1.62,2.87,0.3
Londres,LON,GB,51.5074,-0.1278,2026-02-02T06:00:00Z,2026-02-02,06:00,1,149.37,0,8.84,56.07,2.6,1.34,2.7,0.26
Londres,LON,GB,51.5074,-0.1278,2026-02-02T07:00:00Z,2026-02-02,07:00,2,140.83,0,5.86,70.98,2.34,1.06,2.41,0.23
Londres,LON,GB,51.5074,-0.1278,2026-02-02T08:00:00Z,2026-02-02,08:00,2,135.82,0,4.63,80.4,2.33,0.98,2.19,0.22
Londres,LON,GB,51.5074,-0.1278,2026-02-02T09:00:00Z,2026-02-02,09:00,2,134.5,0.01,4.62,83.62,2.45,1.05,2.19,0.23
Londres,LON,GB,51.5074,-0.1278,2026-02-02T10:00:00Z,2026-02-02,10:00,2,135.67,0.04,4.77,84.84,2.48,1.18,2.31,0.27
Londres,LON,GB,51.5074,-0.1278,2026-02-02T11:00:00Z,2026-02-02,11:00,2,138.86,0.09,4.76,85.02,2.53,1.34,2.5,0.32
Londres,LON,GB,51.5074,-0.1278,2026-02-02T12:00:00Z,2026-02-02,12:00,2,141.78,0.13,4.63,84.32,2.56,1.48,2.65,0.36
Londres,LON,GB,51.5074,-0.1278,2026-02-02T13:00:00Z,2026-02-02,13:00,2,143.55,0.14,4.41,83.83,2.46,1.53,2.73,0.38
Londres,LON,GB,51.5074,-0.1278,2026-02-02T14:00:00Z,2026-02-02,14:00,2,145.56,0.13,4.32,83.07,2.22,1.57,2.86,0.39
Londres,LON,GB,51.5074,-0.1278,2026-02-02T15:00:00Z,2026-02-02,15:00,2,148.22,0.1,4.46,81.76,1.94,1.65,3.06,0.42
Londres,LON,GB,51.5074,-0.1278,2026-02-02T16:00:00Z,2026-02-02,16:00,2,149.75,0.03,4.64,78.2,1.77,1.72,3.24,0.45
Londres,LON,GB,51.5074,-0.1278,2026-02-02T17:00:00Z,2026-02-02,17:00,2,156.97,0,5.13,73.76,1.76,2.01,3.83,0.51
Londres,LON,GB,51.5074,-0.1278,2026-02-02T18:00:00Z,2026-02-02,18:00,2,179.99,0,7.39,69.49,1.95,2.99,5.53,0.62
Londres,LON,GB,51.5074,-0.1278,2026-02-02T19:00:00Z,2026-02-02,19:00,2,208.25,0,10.66,66.56,2.09,4.25,6.82,0.62
Londres,LON,GB,51.5074,-0.1278,2026-02-02T20:00:00Z,2026-02-02,20:00,2,214.24,0,11.07,64.49,1.9,4.42,6.53,0.55
Londres,LON,GB,51.5074,-0.1278,2026-02-02T21:00:00Z,2026-02-02,21:00,2,199.11,0,8.71,64.94,1.57,3.39,5.06,0.49
Londres,LON,GB,51.5074,-0.1278,2026-02-02T22:00:00Z,2026-02-02,22:00,2,181.58,0,6.47,66.8,1.31,2.62,3.87,0.34
Londres,LON,GB,51.5074,-0.1278,2026-02-02T23:00:00Z,2026-02-02,23:00,2,170.48,0,5.24,68.74,1.16,2.24,3.11,0.23
Londres,LON,GB,51.5074,-0.1278,2026-02-03T00:00:00Z,2026-02-03,00:00,2,165.62,0,4.76,69.72,1.12,2.08,2.83,0.18
Londres,LON,GB,51.5074,-0.1278,2026-02-03T01:00:00Z,2026-02-03,01:00,2,167.75,0,4.81,68.51,1.17,2.16,2.98,0.17
Londres,LON,GB,51.5074,-0.1278,2026-02-03T02:00:00Z,2026-02-03,02:00,2,174.66,0,5.22,65.82,1.27,2.45,3.43,0.18
Londres,LON,GB,51.5074,-0.1278,2026-02-03T03:00:00Z,2026-02-03,03:00,2,183.04,0,5.75,63.13,1.38,2.77,3.89,0.2
Londres,LON,GB,51.5074,-0.1278,2026-02-03T04:00:00Z,2026-02-03,04:00,2,190.53,0,6.26,60.5,1.44,2.97,3.96,0.2
Londres,LON,GB,51.5074,-0.1278,2026-02-03T05:00:00Z,2026-02-03,05:00,1,196.42,0,6.83,57.79,1.47,3.12,3.88,0.22
Londres,LON,GB,51.5074,-0.1278,2026-02-03T06:00:00Z,2026-02-03,06:00,1,203.04,0,7.5,54.82,1.53,3.37,4,0.25
Londres,LON,GB,51.5074,-0.1278,2026-02-03T07:00:00Z,2026-02-03,07:00,1,210.09,0,8.15,52.09,1.57,3.78,4.32,0.25
Londres,LON,GB,51.5074,-0.1278,2026-02-03T08:00:00Z,2026-02-03,08:00,1,217.21,0,8.75,50.12,1.61,4.43,4.9,0.26
Londres,LON,GB,51.5074,-0.1278,2026-02-03T09:00:00Z,2026-02-03,09:00,1,223.06,0.01,9.32,48.66,1.65,5.3,5.71,0.25
Londres,LON,GB,51.5074,-0.1278,2026-02-03T10:00:00Z,2026-02-03,10:00,1,224.76,0.07,9.88,47.89,1.69,5.51,5.86,0.28
Londres,LON,GB,51.5074,-0.1278,2026-02-03T11:00:00Z,2026-02-03,11:00,1,221.57,0.18,10.4,48.31,1.85,4.87,5.17,0.34
Londres,LON,GB,51.5074,-0.1278,2026-02-03T12:00:00Z,2026-02-03,12:00,1,214.17,0.29,10.73,50.34,2.12,4.03,4.32,0.38
Londres,LON,GB,51.5074,-0.1278,2026-02-03T13:00:00Z,2026-02-03,13:00,1,199.27,0.29,9.99,56.46,2.22,3,3.32,0.38
Londres,LON,GB,51.5074,-0.1278,2026-02-03T14:00:00Z,2026-02-03,14:00,2,180.36,0.18,8.59,63.85,2.18,1.93,2.29,0.36
Londres,LON,GB,51.5074,-0.1278,2026-02-03T15:00:00Z,2026-02-03,15:00,2,162.37,0.08,6.89,69.51,1.99,1.24,1.61,0.29
Londres,LON,GB,51.5074,-0.1278,2026-02-03T16:00:00Z,2026-02-03,16:00,2,148.92,0.02,4.87,72.71,1.6,0.72,1.06,0.26
Londres,LON,GB,51.5074,-0.1278,2026-02-03T17:00:00Z,2026-02-03,17:00,2,143.15,0,3.66,72.19,1.45,0.5,0.8,0.28
Londres,LON,GB,51.5074,-0.1278,2026-02-03T18:00:00Z,2026-02-03,18:00,2,141.97,0,3.25,69.87,1.39,0.5,0.69,0.34
Londres,LON,GB,51.5074,-0.1278,2026-02-03T19:00:00Z,2026-02-03,19:00,2,142.5,0,4.02,67.43,1.79,0.5,0.76,0.43
Londres,LON,GB,51.5074,-0.1278,2026-02-03T20:00:00Z,2026-02-03,20:00,2,143.66,0,5.49,64.24,2.45,0.57,1,0.56
Londres,LON,GB,51.5074,-0.1278,2026-02-03T21:00:00Z,2026-02-03,21:00,2,145.92,0,6.45,61.99,2.79,0.73,1.29,0.7
Londres,LON,GB,51.5074,-0.1278,2026-02-03T22:00:00Z,2026-02-03,22:00,2,148.57,0,6.85,60.61,2.96,0.93,1.68,0.83
Londres,LON,GB,51.5074,-0.1278,2026-02-03T23:00:00Z,2026-02-03,23:00,1,151.62,0,7.08,59.71,3.09,1.17,2.14,0.9
Londres,LON,GB,51.5074,-0.1278,2026-02-04T00:00:00Z,2026-02-04,00:00,1,154.85,0,7.35,58.42,3.21,1.44,2.6,0.9
Londres,LON,GB,51.5074,-0.1278,2026-02-04T01:00:00Z,2026-02-04,01:00,1,157.5,0,7.6,56.35,3.32,1.76,3.05,0.87
Londres,LON,GB,51.5074,-0.1278,2026-02-04T02:00:00Z,2026-02-04,02:00,1,159.91,0,7.8,53.68,3.44,2.05,3.45,0.84
Londres,LON,GB,51.5074,-0.1278,2026-02-04T03:00:00Z,2026-02-04,03:00,1,161.59,0,7.83,51.29,3.48,0,0,0.78
Londres,LON,GB,51.5074,-0.1278,2026-02-04T04:00:00Z,2026-02-04,04:00,1,163.25,0,7.69,50.23,3.41,2.1,3.51,0.67
Londres,LON,GB,51.5074,-0.1278,2026-02-04T05:00:00Z,2026-02-04,05:00,1,164.69,0,7.58,50.34,3.41,1.89,3.24,0.56
Londres,LON,GB,51.5074,-0.1278,2026-02-04T06:00:00Z,2026-02-04,06:00,1,166.14,0,7.39,51.08,3.41,1.75,3.01,0.48
Londres,LON,GB,51.5074,-0.1278,2026-02-04T07:00:00Z,2026-02-04,07:00,1,166.89,0,6.94,52.19,3.27,1.67,2.85,0.43
Londres,LON,GB,51.5074,-0.1278,2026-02-04T08:00:00Z,2026-02-04,08:00,1,168.42,0,6.58,52.52,3.02,1.68,2.87,0.43
Londres,LON,GB,51.5074,-0.1278,2026-02-04T09:00:00Z,2026-02-04,09:00,1,170.87,0.16,6.78,51.95,2.83,1.86,3.2,0.46
Londres,LON,GB,51.5074,-0.1278,2026-02-04T10:00:00Z,2026-02-04,10:00,1,175.1,0.62,6.79,51.39,2.75,0,0,0.5
Londres,LON,GB,51.5074,-0.1278,2026-02-04T11:00:00Z,2026-02-04,11:00,1,186.62,1.27,7.17,50.98,2.85,3.19,5.13,0.52
Londres,LON,GB,51.5074,-0.1278,2026-02-04T12:00:00Z,2026-02-04,12:00,1,208.06,2,8.72,50.26,3.01,5.08,7.61,0.51
Londres,LON,GB,51.5074,-0.1278,2026-02-04T13:00:00Z,2026-02-04,13:00,1,231.17,2.5,10.68,49.26,3.08,6.95,9.91,0.5
Londres,LON,GB,51.5074,-0.1278,2026-02-04T14:00:00Z,2026-02-04,14:00,1,245.28,2.55,12.06,48.32,2.96,7.89,10.98,0.49
Londres,LON,GB,51.5074,-0.1278,2026-02-04T15:00:00Z,2026-02-04,15:00,1,243.61,1.91,12.93,48.04,2.74,7.94,11.04,0.49
Londres,LON,GB,51.5074,-0.1278,2026-02-04T16:00:00Z,2026-02-04,16:00,1,238.66,0.55,14.11,47.89,2.57,7.7,10.9,0.55
Londres,LON,GB,51.5074,-0.1278,2026-02-04T17:00:00Z,2026-02-04,17:00,1,239.21,0.06,13.86,48.17,2.49,7.38,10.61,0.67
Londres,LON,GB,51.5074,-0.1278,2026-02-04T18:00:00Z,2026-02-04,18:00,1,234.84,0,12.1,50.71,2.38,6.51,9.45,0.78
Londres,LON,GB,51.5074,-0.1278,2026-02-04T19:00:00Z,2026-02-04,19:00,1,218.1,0,9.27,57.85,2.14,4.73,7.02,0.83
Londres,LON,GB,51.5074,-0.1278,2026-02-04T20:00:00Z,2026-02-04,20:00,2,202.46,0,7.2,63.83,1.94,3.41,5.28,0.75
Londres,LON,GB,51.5074,-0.1278,2026-02-04T21:00:00Z,2026-02-04,21:00,2,199.02,0,6.53,65.47,1.9,3.06,4.89,0.69
Londres,LON,GB,51.5074,-0.1278,2026-02-04T22:00:00Z,2026-02-04,22:00,2,205.72,0,7.02,63.59,1.99,3.81,5.79,0.63
Londres,LON,GB,51.5074,-0.1278,2026-02-04T23:00:00Z,2026-02-04,23:00,2,220.74,0,8.08,60.52,2.05,5.04,7,0.57
Londres,LON,GB,51.5074,-0.1278,2026-02-05T00:00:00Z,2026-02-05,00:00,1,236.3,0,8.91,57.92,1.95,5.57,7.27,0.54
Londres,LON,GB,51.5074,-0.1278,2026-02-05T01:00:00Z,2026-02-05,01:00,1,236.51,0,8.4,57.15,1.68,4.16,5.15,0.46
Londres,LON,GB,51.5074,-0.1278,2026-02-05T02:00:00Z,2026-02-05,02:00,1,229.57,0,7.8,56.08,1.41,3.25,3.87,0.32
Londres,LON,GB,51.5074,-0.1278,2026-02-05T03:00:00Z,2026-02-05,03:00,1,212.49,0,6.61,56.03,1.24,2.48,3.01,0.2
Londres,LON,GB,51.5074,-0.1278,2026-02-05T04:00:00Z,2026-02-05,04:00,1,191.81,0,5.41,56.64,1.18,1.75,2.23,0.13
Londres,LON,GB,51.5074,-0.1278,2026-02-05T05:00:00Z,2026-02-05,05:00,1,172.09,0,4.53,57.53,1.23,1.14,1.57,0.12
Londres,LON,GB,51.5074,-0.1278,2026-02-05T06:00:00Z,2026-02-05,06:00,1,158.55,0,4.08,59.76,1.33,0.8,1.2,0.14
Londres,LON,GB,51.5074,-0.1278,2026-02-05T07:00:00Z,2026-02-05,07:00,2,148.72,0,3.82,64.36,1.42,0.68,1.09,0.2
Londres,LON,GB,51.5074,-0.1278,2026-02-05T08:00:00Z,2026-02-05,08:00,2,142.22,0,3.84,69.1,1.59,0.71,1.21,0.28
Londres,LON,GB,51.5074,-0.1278,2026-02-05T09:00:00Z,2026-02-05,09:00,2,138.26,0.01,4.12,73.06,1.77,0.81,1.4,0.36
Londres,LON,GB,51.5074,-0.1278,2026-02-05T10:00:00Z,2026-02-05,10:00,2,136.46,0.06,4.48,76.25,1.97,0.94,1.69,0.44
Londres,LON,GB,51.5074,-0.1278,2026-02-05T11:00:00Z,2026-02-05,11:00,2,136.1,0.12,4.79,78.26,2.19,1.09,1.98,0.52
Londres,LON,GB,51.5074,-0.1278,2026-02-05T12:00:00Z,2026-02-05,12:00,2,136.36,0.17,5.02,79.19,2.33,1.19,2.08,0.53
Londres,LON,GB,51.5074,-0.1278,2026-02-05T13:00:00Z,2026-02-05,13:00,2,137.04,0.14,5.46,78.78,2.31,1.19,1.83,0.43
Londres,LON,GB,51.5074,-0.1278,2026-02-05T14:00:00Z,2026-02-05,14:00,2,137.5,0.14,6.09,76.33,2.25,1.12,1.52,0.3
Londres,LON,GB,51.5074,-0.1278,2026-02-05T15:00:00Z,2026-02-05,15:00,2,136.97,0.1,6.68,73.41,2.28,1.05,1.33,0.21
Londres,LON,GB,51.5074,-0.1278,2026-02-05T16:00:00Z,2026-02-05,16:00,2,136.03,0.05,6.96,70.92,2.24,1,1.22,0.16
Londres,LON,GB,51.5074,-0.1278,2026-02-05T17:00:00Z,2026-02-05,17:00,2,134.68,0.01,6.47,68.29,2.03,0.95,1.15,0.12
Londres,LON,GB,51.5074,-0.1278,2026-02-05T18:00:00Z,2026-02-05,18:00,2,134.14,0,5.5,65.19,1.71,0.85,1.04,0.09
Londres,LON,GB,51.5074,-0.1278,2026-02-05T19:00:00Z,2026-02-05,19:00,2,134.94,0,4.29,63.87,1.3,0.7,0.89,0.07
Londres,LON,GB,51.5074,-0.1278,2026-02-05T20:00:00Z,2026-02-05,20:00,2,138.33,0,3.98,63.54,1.15,0.74,0.94,0.07
Londres,LON,GB,51.5074,-0.1278,2026-02-05T21:00:00Z,2026-02-05,21:00,2,142.8,0,4.14,63.06,1.09,0.88,1.1,0.07
Londres,LON,GB,51.5074,-0.1278,2026-02-05T22:00:00Z,2026-02-05,22:00,2,145.53,0,4.25,62.29,1.12,0.95,1.18,0.07
Londres,LON,GB,51.5074,-0.1278,2026-02-05T23:00:00Z,2026-02-05,23:00,2,148.33,0,4.29,61.17,1.17,0.96,1.2,0.08
Londres,LON,GB,51.5074,-0.1278,2026-02-06T00:00:00Z,2026-02-06,00:00,1,153.31,0,4.59,59.74,1.24,1.08,1.32,0.11
Londres,LON,GB,51.5074,-0.1278,2026-02-06T01:00:00Z,2026-02-06,01:00,1,155.71,0,4.87,59.25,1.35,1.12,1.37,0.15
Londres,LON,GB,51.5074,-0.1278,2026-02-06T02:00:00Z,2026-02-06,02:00,1,156.45,0,5.2,58.91,1.52,1.04,1.3,0.19
Londres,LON,GB,51.5074,-0.1278,2026-02-06T03:00:00Z,2026-02-06,03:00,1,154.84,0,5.35,59.69,1.69,1,1.26,0.21
Londres,LON,GB,51.5074,-0.1278,2026-02-06T04:00:00Z,2026-02-06,04:00,2,151.63,0,5.36,61.8,1.84,0.99,1.29,0.24
Londres,LON,GB,51.5074,-0.1278,2026-02-06T05:00:00Z,2026-02-06,05:00,2,148.26,0,5.22,64.32,1.88,0.98,1.3,0.25
Londres,LON,GB,51.5074,-0.1278,2026-02-06T06:00:00Z,2026-02-06,06:00,2,145.62,0,5.22,65.2,1.86,0.93,1.25,0.25
Londres,LON,GB,51.5074,-0.1278,2026-02-06T07:00:00Z,2026-02-06,07:00,2,143.15,0,5.4,64.3,1.83,0.84,1.16,0.25
Londres,LON,GB,51.5074,-0.1278,2026-02-06T08:00:00Z,2026-02-06,08:00,2,139.96,0,5.46,63.94,1.83,0.83,1.17,0.23
Londres,LON,GB,51.5074,-0.1278,2026-02-06T09:00:00Z,2026-02-06,09:00,2,136.58,0.01,5.24,66.07,1.79,0.84,1.26,0.19
Londres,LON,GB,51.5074,-0.1278,2026-02-06T10:00:00Z,2026-02-06,10:00,2,132.28,0.06,4.67,69.76,1.68,0.83,1.38,0.15
Londres,LON,GB,51.5074,-0.1278,2026-02-06T11:00:00Z,2026-02-06,11:00,2,129.69,0.17,4.06,73.12,1.59,0.84,1.56,0.13
Londres,LON,GB,51.5074,-0.1278,2026-02-06T12:00:00Z,2026-02-06,12:00,2,129.37,0.26,3.59,75.64,1.52,0.83,1.66,0.12
Londres,LON,GB,51.5074,-0.1278,2026-02-06T13:00:00Z,2026-02-06,13:00,2,129.62,0.27,3.36,77.86,1.49,0.82,1.75,0.11
Londres,LON,GB,51.5074,-0.1278,2026-02-06T14:00:00Z,2026-02-06,14:00,2,130.25,0.21,3.36,79.55,1.5,0.82,1.82,0.13
Londres,LON,GB,51.5074,-0.1278,2026-02-06T15:00:00Z,2026-02-06,15:00,2,133.07,0.12,3.42,80.38,1.5,0.87,1.88,0.15
Londres,LON,GB,51.5074,-0.1278,2026-02-06T16:00:00Z,2026-02-06,16:00,2,136.58,0.05,3.51,79.4,1.53,0.93,1.94,0.17
Londres,LON,GB,51.5074,-0.1278,2026-02-06T17:00:00Z,2026-02-06,17:00,2,138.78,0.01,3.82,78.08,1.65,1.01,2.13,0.19
Londres,LON,GB,51.5074,-0.1278,2026-02-06T18:00:00Z,2026-02-06,18:00,2,137.34,0,4.14,78.56,1.79,1.1,2.45,0.24
Londres,LON,GB,51.5074,-0.1278,2026-02-06T19:00:00Z,2026-02-06,19:00,2,133.77,0,4.27,82.97,1.88,1.16,2.95,0.33
Londres,LON,GB,51.5074,-0.1278,2026-02-06T20:00:00Z,2026-02-06,20:00,2,130.32,0,4,90.85,1.82,1.17,3.29,0.49
Londres,LON,GB,51.5074,-0.1278,2026-02-06T21:00:00Z,2026-02-06,21:00,2,128.51,0,3.47,99.68,1.61,1.08,3.12,0.64
Londres,LON,GB,51.5074,-0.1278,2026-02-06T22:00:00Z,2026-02-06,22:00,3,128.01,0,3.02,106.13,1.43,0.9,2.57,0.69
Londres,LON,GB,51.5074,-0.1278,2026-02-06T23:00:00Z,2026-02-06,23:00,3,129.11,0,3.01,108.78,1.45,0.8,2.18,0.68
Londres,LON,GB,51.5074,-0.1278,2026-02-07T00:00:00Z,2026-02-07,00:00,3,130.66,0,3.07,109.02,1.5,0.77,2.02,0.63
Londres,LON,GB,51.5074,-0.1278,2026-02-07T01:00:00Z,2026-02-07,01:00,3,131.1,0,3.05,106.8,1.51,0.82,2.14,0.59
Londres,LON,GB,51.5074,-0.1278,2026-02-07T02:00:00Z,2026-02-07,02:00,3,131.16,0,2.9,103.78,1.47,0.92,2.52,0.57
Londres,LON,GB,51.5074,-0.1278,2026-02-07T03:00:00Z,2026-02-07,03:00,3,130.75,0,2.67,100.69,1.42,0.96,2.79,0.56
Londres,LON,GB,51.5074,-0.1278,2026-02-07T04:00:00Z,2026-02-07,04:00,2,130.03,0,2.24,99.44,1.17,0.74,1.93,0.41
Londres,LON,GB,51.5074,-0.1278,2026-02-07T05:00:00Z,2026-02-07,05:00,2,128.89,0,1.88,99.72,0.9,0.52,1.12,0.23
Londres,LON,GB,51.5074,-0.1278,2026-02-07T06:00:00Z,2026-02-07,06:00,3,128.66,0,1.72,100.23,0.78,0.5,0.85,0.18
Londres,LON,GB,51.5074,-0.1278,2026-02-07T07:00:00Z,2026-02-07,07:00,3,128.41,0,1.69,101.27,0.75,0.5,0.74,0.15
Londres,LON,GB,51.5074,-0.1278,2026-02-07T08:00:00Z,2026-02-07,08:00,3,128.13,0,1.83,101.27,0.77,0.5,0.71,0.14
Londres,LON,GB,51.5074,-0.1278,2026-02-07T09:00:00Z,2026-02-07,09:00,2,128.22,0.01,2.07,98.43,0.84,0.51,0.79,0.14
Londres,LON,GB,51.5074,-0.1278,2026-02-07T10:00:00Z,2026-02-07,10:00,2,129.9,0.04,2.34,92.96,0.94,0.55,0.98,0.16
Londres,LON,GB,51.5074,-0.1278,2026-02-07T11:00:00Z,2026-02-07,11:00,2,132.62,0.13,2.54,87.73,1.05,0.57,1.11,0.21
Londres,LON,GB,51.5074,-0.1278,2026-02-07T12:00:00Z,2026-02-07,12:00,2,136.36,0.22,2.65,84,1.12,0.58,1.18,0.25
Londres,LON,GB,51.5074,-0.1278,2026-02-07T13:00:00Z,2026-02-07,13:00,2,140.4,0.31,2.81,81.25,1.23,0.65,1.34,0.29
Londres,LON,GB,51.5074,-0.1278,2026-02-07T14:00:00Z,2026-02-07,14:00,2,144.19,0.38,3.14,79.09,1.43,0.79,1.55,0.35
Londres,LON,GB,51.5074,-0.1278,2026-02-07T15:00:00Z,2026-02-07,15:00,2,147.62,0.38,3.54,76.78,1.6,0.91,1.66,0.39
Londres,LON,GB,51.5074,-0.1278,2026-02-07T16:00:00Z,2026-02-07,16:00,2,151.66,0.21,4.17,74.03,1.77,1.01,1.72,0.41
Londres,LON,GB,51.5074,-0.1278,2026-02-07T17:00:00Z,2026-02-07,17:00,2,156.32,0.03,4.69,70.93,1.91,1.07,1.74,0.42
Londres,LON,GB,51.5074,-0.1278,2026-02-07T18:00:00Z,2026-02-07,18:00,2,161.36,0,4.94,68.68,2.03,1.13,1.8,0.44
Londres,LON,GB,51.5074,-0.1278,2026-02-07T19:00:00Z,2026-02-07,19:00,2,165.52,0,5.1,67.55,2.13,1.19,1.87,0.44
Londres,LON,GB,51.5074,-0.1278,2026-02-07T20:00:00Z,2026-02-07,20:00,2,168.45,0,5.09,68.25,2.15,1.25,1.97,0.44
Londres,LON,GB,51.5074,-0.1278,2026-02-07T21:00:00Z,2026-02-07,21:00,2,169.55,0,4.77,70.3,2.02,1.27,2.06,0.43
Londres,LON,GB,51.5074,-0.1278,2026-02-07T22:00:00Z,2026-02-07,22:00,2,170.64,0,6.38,67.13,2.74,1.4,2.26,0.5
Londres,LON,GB,51.5074,-0.1278,2026-02-07T23:00:00Z,2026-02-07,23:00,1,173.75,0,9.68,58.73,3.95,1.73,2.66,0.63
Londres,LON,GB,51.5074,-0.1278,2026-02-08T00:00:00Z,2026-02-08,00:00,1,177.24,0,12.02,52.54,4.64,2.03,3.08,0.72
Londres,LON,GB,51.5074,-0.1278,2026-02-08T01:00:00Z,2026-02-08,01:00,1,179.93,0,13.39,48.22,4.96,2.4,3.55,0.76
Londres,LON,GB,51.5074,-0.1278,2026-02-08T02:00:00Z,2026-02-08,02:00,1,181.28,0,13.76,46.37,4.99,2.7,3.94,0.76
Londres,LON,GB,51.5074,-0.1278,2026-02-08T03:00:00Z,2026-02-08,03:00,1,180.96,0,13.26,46.74,4.85,2.96,4.33,0.76
Londres,LON,GB,51.5074,-0.1278,2026-02-08T04:00:00Z,2026-02-08,04:00,1,179.93,0,12.23,49.06,4.66,3.28,4.84,0.73
Londres,LON,GB,51.5074,-0.1278,2026-02-08T05:00:00Z,2026-02-08,05:00,1,180.41,0,12.33,49.05,4.84,3.68,5.42,0.73
Londres,LON,GB,51.5074,-0.1278,2026-02-08T06:00:00Z,2026-02-08,06:00,1,181.08,0,12.42,48.25,4.97,4.06,5.94,0.72
Londres,LON,GB,51.5074,-0.1278,2026-02-08T07:00:00Z,2026-02-08,07:00,1,182.33,0,12.03,47.73,4.79,4.56,6.39,0.69
Londres,LON,GB,51.5074,-0.1278,2026-02-08T08:00:00Z,2026-02-08,08:00,1,183.42,0,11.24,47.65,4.46,4.92,6.55,0.68
Londres,LON,GB,51.5074,-0.1278,2026-02-08T09:00:00Z,2026-02-08,09:00,1,184.14,0.03,10.41,47.53,4.12,5.13,6.56,0.69
Londres,LON,GB,51.5074,-0.1278,2026-02-08T10:00:00Z,2026-02-08,10:00,1,181.88,0.09,8.96,49.68,3.57,4.43,5.71,0.7
Londres,LON,GB,51.5074,-0.1278,2026-02-08T11:00:00Z,2026-02-08,11:00,1,179.43,0.21,8.26,51.52,3.37,3.81,5.01,0.7
Londres,LON,GB,51.5074,-0.1278,2026-02-08T12:00:00Z,2026-02-08,12:00,1,176.6,0.39,7.97,53.2,3.33,3.35,4.48,0.71
Londres,LON,GB,51.5074,-0.1278,2026-02-08T13:00:00Z,2026-02-08,13:00,1,172.54,0.6,7.46,56.08,3.28,2.85,3.9,0.7
Londres,LON,GB,51.5074,-0.1278,2026-02-08T14:00:00Z,2026-02-08,14:00,1,168.54,0.49,7.7,58.68,3.33,2.37,3.35,0.67
Londres,LON,GB,51.5074,-0.1278,2026-02-08T15:00:00Z,2026-02-08,15:00,2,164.74,0.33,8.3,60.84,3.48,2.1,3.06,0.64
Londres,LON,GB,51.5074,-0.1278,2026-02-08T16:00:00Z,2026-02-08,16:00,2,161.31,0.12,8.95,63.32,3.64,2.04,3,0.6
Londres,LON,GB,51.5074,-0.1278,2026-02-08T17:00:00Z,2026-02-08,17:00,2,156.95,0.02,8.94,66.47,3.63,2.02,2.97,0.56
Londres,LON,GB,51.5074,-0.1278,2026-02-08T18:00:00Z,2026-02-08,18:00,2,152.97,0,8.28,70.1,3.47,1.99,2.9,0.53
Londres,LON,GB,51.5074,-0.1278,2026-02-08T19:00:00Z,2026-02-08,19:00,2,149,0,7.68,73.96,3.25,1.91,2.7,0.46
Londres,LON,GB,51.5074,-0.1278,2026-02-08T20:00:00Z,2026-02-08,20:00,2,148.17,0,8.2,74.63,3.36,1.99,2.69,0.41
Londres,LON,GB,51.5074,-0.1278,2026-02-08T21:00:00Z,2026-02-08,21:00,2,149.29,0,8.74,72.92,3.39,2.05,2.7,0.45
Londres,LON,GB,51.5074,-0.1278,2026-02-08T22:00:00Z,2026-02-08,22:00,2,152.04,0,8.83,70.68,3.19,2.02,2.66,0.53
Londres,LON,GB,51.5074,-0.1278,2026-02-08T23:00:00Z,2026-02-08,23:00,2,153.71,0,8.28,69.73,2.88,1.96,2.59,0.55
Londres,LON,GB,51.5074,-0.1278,2026-02-09T00:00:00Z,2026-02-09,00:00,2,153.82,0,7.65,70.85,2.61,1.88,2.49,0.5
Londres,LON,GB,51.5074,-0.1278,2026-02-09T01:00:00Z,2026-02-09,01:00,2,152.68,0,7.07,72.66,2.52,1.79,2.39,0.42
Londres,LON,GB,51.5074,-0.1278,2026-02-09T02:00:00Z,2026-02-09,02:00,2,152.05,0,6.66,73.74,2.56,1.74,2.33,0.35
Londres,LON,GB,51.5074,-0.1278,2026-02-09T03:00:00Z,2026-02-09,03:00,2,151.06,0,6.26,74.58,2.58,1.71,2.26,0.31
Londres,LON,GB,51.5074,-0.1278,2026-02-09T04:00:00Z,2026-02-09,04:00,2,151.41,0,6.55,73.22,2.88,2.02,2.65,0.34
Londres,LON,GB,51.5074,-0.1278,2026-02-09T05:00:00Z,2026-02-09,05:00,2,152.17,0,7.25,69.98,3.32,2.59,3.37,0.39
Londres,LON,GB,51.5074,-0.1278,2026-02-09T06:00:00Z,2026-02-09,06:00,2,152.19,0,7.71,67.21,3.63,3.03,3.93,0.44
Londres,LON,GB,51.5074,-0.1278,2026-02-09T07:00:00Z,2026-02-09,07:00,2,151.83,0,7.86,64.83,3.8,3.32,4.38,0.47
Londres,LON,GB,51.5074,-0.1278,2026-02-09T08:00:00Z,2026-02-09,08:00,2,152.92,0,7.8,63.2,3.82,3.64,4.91,0.52
Londres,LON,GB,51.5074,-0.1278,2026-02-09T09:00:00Z,2026-02-09,09:00,2,156.98,0.1,7.99,61.96,3.78,4.23,5.79,0.58
Londres,LON,GB,51.5074,-0.1278,2026-02-09T10:00:00Z,2026-02-09,10:00,2,163.38,0.49,7.77,61.85,3.69,5.16,7.04,0.62
Londres,LON,GB,51.5074,-0.1278,2026-02-09T11:00:00Z,2026-02-09,11:00,2,171.77,0.87,7.45,62.2,3.6,6.24,8.36,0.61
Londres,LON,GB,51.5074,-0.1278,2026-02-09T12:00:00Z,2026-02-09,12:00,2,180.87,1.09,7.22,62.24,3.5,7.41,9.61,0.6
Londres,LON,GB,51.5074,-0.1278,2026-02-09T13:00:00Z,2026-02-09,13:00,2,186.89,0.47,7.81,62.54,3.27,7.83,9.9,0.64
Londres,LON,GB,51.5074,-0.1278,2026-02-09T14:00:00Z,2026-02-09,14:00,2,185.57,0.32,6.98,66.12,2.89,6.62,8.41,0.7
Londres,LON,GB,51.5074,-0.1278,2026-02-09T15:00:00Z,2026-02-09,15:00,2,180.95,0.17,6.08,69.6,2.52,5.25,6.79,0.7
Londres,LON,GB,51.5074,-0.1278,2026-02-09T16:00:00Z,2026-02-09,16:00,2,169.52,0.03,4.56,74.22,1.76,3.07,3.84,0.49
Londres,LON,GB,51.5074,-0.1278,2026-02-09T17:00:00Z,2026-02-09,17:00,2,161.19,0,3.76,76.08,1.25,1.9,2.29,0.24
Londres,LON,GB,51.5074,-0.1278,2026-02-09T18:00:00Z,2026-02-09,18:00,2,159.47,0,3.51,74.63,1.08,1.63,1.97,0.15
Londres,LON,GB,51.5074,-0.1278,2026-02-09T19:00:00Z,2026-02-09,19:00,2,160.89,0,3.75,71.86,1.1,1.63,2,0.11
Londres,LON,GB,51.5074,-0.1278,2026-02-09T20:00:00Z,2026-02-09,20:00,2,160.88,0,4.29,69.03,1.21,1.55,1.92,0.1
Londres,LON,GB,51.5074,-0.1278,2026-02-09T21:00:00Z,2026-02-09,21:00,2,160.87,0,4.87,66.59,1.33,1.41,1.75,0.1
Londres,LON,GB,51.5074,-0.1278,2026-02-09T22:00:00Z,2026-02-09,22:00,2,160.78,0,5.68,64.12,1.63,1.27,1.64,0.14
Londres,LON,GB,51.5074,-0.1278,2026-02-09T23:00:00Z,2026-02-09,23:00,2,159.89,0,6.87,61.47,2.1,1.22,1.66,0.21
Londres,LON,GB,51.5074,-0.1278,2026-02-10T00:00:00Z,2026-02-10,00:00,2,155.89,0,7.95,60.15,2.52,1.27,1.76,0.27
Londres,LON,GB,51.5074,-0.1278,2026-02-10T01:00:00Z,2026-02-10,01:00,2,151.06,0,9.1,61.92,3.1,1.49,2.12,0.3
Londres,LON,GB,51.5074,-0.1278,2026-02-10T02:00:00Z,2026-02-10,02:00,2,146.03,0,10.13,65.44,3.72,1.75,2.61,0.28
Londres,LON,GB,51.5074,-0.1278,2026-02-10T03:00:00Z,2026-02-10,03:00,2,141.92,0,10.61,69.67,4.13,1.93,3.03,0.25
Londres,LON,GB,51.5074,-0.1278,2026-02-10T04:00:00Z,2026-02-10,04:00,2,138.41,0,10.64,72.86,4.32,2.02,3.33,0.22
Londres,LON,GB,51.5074,-0.1278,2026-02-10T05:00:00Z,2026-02-10,05:00,2,135.34,0,9.81,75.48,4.17,1.95,3.45,0.18
Londres,LON,GB,51.5074,-0.1278,2026-02-10T06:00:00Z,2026-02-10,06:00,2,133.45,0,8.24,77.72,3.76,1.72,3.35,0.12
Londres,LON,GB,51.5074,-0.1278,2026-02-10T07:00:00Z,2026-02-10,07:00,2,132.69,0,6.51,80.04,3.11,1.42,2.92,0.09
Londres,LON,GB,51.5074,-0.1278,2026-02-10T08:00:00Z,2026-02-10,08:00,2,132.59,0,6.28,79.96,2.94,1.25,2.46,0.08
Londres,LON,GB,51.5074,-0.1278,2026-02-10T09:00:00Z,2026-02-10,09:00,2,132.59,0.02,6.83,78.63,2.95,1.21,2.22,0.1
Londres,LON,GB,51.5074,-0.1278,2026-02-10T10:00:00Z,2026-02-10,10:00,2,132.73,0.09,7.61,76.58,2.99,1.29,2.2,0.14
Londres,LON,GB,51.5074,-0.1278,2026-02-10T11:00:00Z,2026-02-10,11:00,2,133.85,0.19,8.19,73.57,2.9,1.5,2.38,0.2
Londres,LON,GB,51.5074,-0.1278,2026-02-10T12:00:00Z,2026-02-10,12:00,2,136.06,0.28,8.42,70.1,2.73,1.73,2.56,0.27
Londres,LON,GB,51.5074,-0.1278,2026-02-10T13:00:00Z,2026-02-10,13:00,2,139.21,0.16,8.2,67.77,2.38,1.72,2.31,0.27
Londres,LON,GB,51.5074,-0.1278,2026-02-10T14:00:00Z,2026-02-10,14:00,2,142.49,0.12,8.02,65.04,2.15,1.6,1.97,0.22
Londres,LON,GB,51.5074,-0.1278,2026-02-10T15:00:00Z,2026-02-10,15:00,2,144.31,0.08,8.34,60.45,2.11,1.48,1.76,0.18
Londres,LON,GB,51.5074,-0.1278,2026-02-10T16:00:00Z,2026-02-10,16:00,1,143.59,0.04,9.29,53.34,2.24,1.39,1.66,0.15
Londres,LON,GB,51.5074,-0.1278,2026-02-10T17:00:00Z,2026-02-10,17:00,1,136.46,0.01,10.75,44.51,2.53,1.47,1.85,0.12
Londres,LON,GB,51.5074,-0.1278,2026-02-10T18:00:00Z,2026-02-10,18:00,1,122.29,0,12.2,37.83,2.83,1.83,2.39,0.08
Londres,LON,GB,51.5074,-0.1278,2026-02-10T19:00:00Z,2026-02-10,19:00,1,108.84,0,12.46,36.42,3.16,2.33,3.25,0.06
Londres,LON,GB,51.5074,-0.1278,2026-02-10T20:00:00Z,2026-02-10,20:00,1,103.34,0,11.68,37.62,3.31,2.48,3.55,0.06
Londres,LON,GB,51.5074,-0.1278,2026-02-10T21:00:00Z,2026-02-10,21:00,1,102.71,0,11.08,38.9,3.3,2.24,3.18,0.06
Londres,LON,GB,51.5074,-0.1278,2026-02-10T22:00:00Z,2026-02-10,22:00,1,102.63,0,10.56,39.92,3.1,1.9,2.62,0.06
Londres,LON,GB,51.5074,-0.1278,2026-02-10T23:00:00Z,2026-02-10,23:00,1,102.65,0,9.85,41.86,2.99,1.79,2.45,0.05
Londres,LON,GB,51.5074,-0.1278,2026-02-11T00:00:00Z,2026-02-11,00:00,1,103.76,0,9.01,45.9,2.9,1.75,2.51,0.05
Londres,LON,GB,51.5074,-0.1278,2026-02-11T01:00:00Z,2026-02-11,01:00,1,106.94,0,8.09,52.85,2.75,1.76,2.69,0.05
Londres,LON,GB,51.5074,-0.1278,2026-02-11T02:00:00Z,2026-02-11,02:00,2,112.38,0,7.32,61.89,2.62,1.76,2.88,0.06
Londres,LON,GB,51.5074,-0.1278,2026-02-11T03:00:00Z,2026-02-11,03:00,2,118.64,0,6.7,70.97,2.47,1.74,2.97,0.06
Londres,LON,GB,51.5074,-0.1278,2026-02-11T04:00:00Z,2026-02-11,04:00,2,124.81,0,6.17,77.58,2.32,1.79,3.22,0.06
Londres,LON,GB,51.5074,-0.1278,2026-02-11T05:00:00Z,2026-02-11,05:00,2,130.63,0,5.65,80.54,2.19,1.79,3.54,0.08
Londres,LON,GB,51.5074,-0.1278,2026-02-11T06:00:00Z,2026-02-11,06:00,2,134.72,0,5.09,79.08,1.97,1.59,3.53,0.1
Londres,LON,GB,51.5074,-0.1278,2026-02-11T07:00:00Z,2026-02-11,07:00,2,135.51,0,3.93,78.03,1.61,1.23,3.24,0.11
Londres,LON,GB,51.5074,-0.1278,2026-02-11T08:00:00Z,2026-02-11,08:00,2,134.06,0,3.34,80.1,1.47,1.15,3.42,0.11
Londres,LON,GB,51.5074,-0.1278,2026-02-11T09:00:00Z,2026-02-11,09:00,2,132.33,0.06,3.21,82.33,1.44,1.22,3.89,0.1
Londres,LON,GB,51.5074,-0.1278,2026-02-11T10:00:00Z,2026-02-11,10:00,2,133.56,0.17,3,82.98,1.41,1.3,4.1,0.08
Londres,LON,GB,51.5074,-0.1278,2026-02-11T11:00:00Z,2026-02-11,11:00,2,137.91,0.24,2.93,81.19,1.42,1.36,4.11,0.06
Londres,LON,GB,51.5074,-0.1278,2026-02-11T12:00:00Z,2026-02-11,12:00,2,139.72,0.24,2.94,80.49,1.44,1.36,4.04,0.05
Londres,LON,GB,51.5074,-0.1278,2026-02-11T13:00:00Z,2026-02-11,13:00,2,136.93,0.2,3.08,84.49,1.54,1.26,3.99,0.05
Londres,LON,GB,51.5074,-0.1278,2026-02-11T14:00:00Z,2026-02-11,14:00,2,133,0.16,3.67,89.93,1.81,1.23,3.92,0.06
Londres,LON,GB,51.5074,-0.1278,2026-02-11T15:00:00Z,2026-02-11,15:00,2,130.62,0.1,4.4,92.1,2,1.24,3.25,0.1
Londres,LON,GB,51.5074,-0.1278,2026-02-11T16:00:00Z,2026-02-11,16:00,2,130.75,0.03,4.91,90.29,1.94,1.26,2.28,0.13
Londres,LON,GB,51.5074,-0.1278,2026-02-11T17:00:00Z,2026-02-11,17:00,2,131.59,0.01,4.89,86.7,1.73,1.2,1.63,0.13
Londres,LON,GB,51.5074,-0.1278,2026-02-11T18:00:00Z,2026-02-11,18:00,2,133.33,0,4.47,84.36,1.53,1.02,1.25,0.12
Londres,LON,GB,51.5074,-0.1278,2026-02-11T19:00:00Z,2026-02-11,19:00,2,136.11,0,4.22,83.59,1.49,0.88,1.05,0.1
Londres,LON,GB,51.5074,-0.1278,2026-02-11T20:00:00Z,2026-02-11,20:00,2,139.03,0,4.7,81.87,1.74,0.88,1.04,0.08
Londres,LON,GB,51.5074,-0.1278,2026-02-11T21:00:00Z,2026-02-11,21:00,2,141.05,0,5.4,79.44,2.04,0.94,1.09,0.06
Londres,LON,GB,51.5074,-0.1278,2026-02-11T22:00:00Z,2026-02-11,22:00,2,143.05,0,6.03,77.52,2.3,1,1.15,0.05
Londres,LON,GB,51.5074,-0.1278,2026-02-11T23:00:00Z,2026-02-11,23:00,2,143.69,0,6.47,76.18,2.53,1.06,1.22,0.04
Londres,LON,GB,51.5074,-0.1278,2026-02-12T00:00:00Z,2026-02-12,00:00,2,143.97,0,6.95,74.77,2.82,1.13,1.33,0.05
Londres,LON,GB,51.5074,-0.1278,2026-02-12T01:00:00Z,2026-02-12,01:00,2,143.53,0,7.54,72.73,3.07,1.25,1.54,0.05
Londres,LON,GB,51.5074,-0.1278,2026-02-12T02:00:00Z,2026-02-12,02:00,2,142.93,0,8.44,70.7,3.37,1.44,1.89,0.07
Londres,LON,GB,51.5074,-0.1278,2026-02-12T03:00:00Z,2026-02-12,03:00,2,141.23,0,7.94,71.3,3.11,1.47,2.12,0.11
Londres,LON,GB,51.5074,-0.1278,2026-02-12T04:00:00Z,2026-02-12,04:00,2,137.91,0,5.73,75.16,2.28,1.17,1.86,0.15
Londres,LON,GB,51.5074,-0.1278,2026-02-12T05:00:00Z,2026-02-12,05:00,2,134.22,0,4.47,78.79,1.92,0.84,1.42,0.16
Londres,LON,GB,51.5074,-0.1278,2026-02-12T06:00:00Z,2026-02-12,06:00,2,131.97,0,4.18,81.11,1.88,0.66,1.13,0.15
Londres,LON,GB,51.5074,-0.1278,2026-02-12T07:00:00Z,2026-02-12,07:00,2,132.49,0,4.05,79.52,1.8,0.56,0.94,0.13
Londres,LON,GB,51.5074,-0.1278,2026-02-12T08:00:00Z,2026-02-12,08:00,2,134.24,0,3.66,75.72,1.63,0.52,0.97,0.13
Londres,LON,GB,51.5074,-0.1278,2026-02-12T09:00:00Z,2026-02-12,09:00,2,133.99,0.04,3.49,72.55,1.5,0.52,1.19,0.16
Londres,LON,GB,51.5074,-0.1278,2026-02-12T10:00:00Z,2026-02-12,10:00,2,133.63,0.17,3.18,69.8,1.29,0.52,1.44,0.2
Londres,LON,GB,51.5074,-0.1278,2026-02-12T11:00:00Z,2026-02-12,11:00,2,135.07,0.36,3.23,68.01,1.34,0.54,1.59,0.24
Londres,LON,GB,51.5074,-0.1278,2026-02-12T12:00:00Z,2026-02-12,12:00,2,138.51,0.49,3.05,67.63,1.38,0.55,1.59,0.25
Londres,LON,GB,51.5074,-0.1278,2026-02-12T13:00:00Z,2026-02-12,13:00,2,147.34,0.48,2.7,65.8,1.3,0.56,1.61,0.25
Londres,LON,GB,51.5074,-0.1278,2026-02-12T14:00:00Z,2026-02-12,14:00,2,165.2,0.43,2.64,62.45,1.25,0.62,1.75,0.24
Londres,LON,GB,51.5074,-0.1278,2026-02-12T15:00:00Z,2026-02-12,15:00,2,182.16,0.34,2.78,60.42,1.26,0.66,1.84,0.24
Londres,LON,GB,51.5074,-0.1278,2026-02-12T16:00:00Z,2026-02-12,16:00,2,188.78,0.17,2.9,61.93,1.26,0.57,1.72,0.25
Londres,LON,GB,51.5074,-0.1278,2026-02-12T17:00:00Z,2026-02-12,17:00,2,185.45,0.03,2.8,65.57,1.21,0.5,1.41,0.25
Londres,LON,GB,51.5074,-0.1278,2026-02-12T18:00:00Z,2026-02-12,18:00,2,177,0,2.5,69.52,1.11,0.5,1.14,0.24
Londres,LON,GB,51.5074,-0.1278,2026-02-12T19:00:00Z,2026-02-12,19:00,2,166.9,0,2.23,72.39,1.02,0.5,0.96,0.22
Londres,LON,GB,51.5074,-0.1278,2026-02-12T20:00:00Z,2026-02-12,20:00,2,160.99,0,2.2,73.93,1.02,0.5,1,0.19
Londres,LON,GB,51.5074,-0.1278,2026-02-12T21:00:00Z,2026-02-12,21:00,2,158.36,0,2.31,74.37,1.06,0.5,1.24,0.18
Londres,LON,GB,51.5074,-0.1278,2026-02-12T22:00:00Z,2026-02-12,22:00,2,156.97,0,2.39,74.09,1.08,0.51,1.42,0.16
Londres,LON,GB,51.5074,-0.1278,2026-02-12T23:00:00Z,2026-02-12,23:00,2,154.63,0,2.43,73.33,1.11,0.54,1.54,0.13
Londres,LON,GB,51.5074,-0.1278,2026-02-13T00:00:00Z,2026-02-13,00:00,2,150.65,0,2.43,73.82,1.13,0.56,1.67,0.1
Londres,LON,GB,51.5074,-0.1278,2026-02-13T01:00:00Z,2026-02-13,01:00,2,145.67,0,2.38,77.1,1.15,0.56,1.67,0.07
Londres,LON,GB,51.5074,-0.1278,2026-02-13T02:00:00Z,2026-02-13,02:00,2,141.28,0,2.33,82.53,1.15,0.53,1.43,0.05
Londres,LON,GB,51.5074,-0.1278,2026-02-13T03:00:00Z,2026-02-13,03:00,2,138.63,0,2.34,86.63,1.16,0.5,1.07,0.04
Londres,LON,GB,51.5074,-0.1278,2026-02-13T04:00:00Z,2026-02-13,04:00,2,138.17,0,2.41,88.43,1.19,0.5,0.78,0.04
Londres,LON,GB,51.5074,-0.1278,2026-02-13T05:00:00Z,2026-02-13,05:00,2,138.72,0,2.54,88.33,1.24,0.5,0.6,0.04
Londres,LON,GB,51.5074,-0.1278,2026-02-13T06:00:00Z,2026-02-13,06:00,2,139.72,0,2.7,87.68,1.3,0.5,0.52,0.05
Londres,LON,GB,51.5074,-0.1278,2026-02-13T07:00:00Z,2026-02-13,07:00,2,140.15,0,2.88,86.86,1.36,0.5,0.5,0.07
Londres,LON,GB,51.5074,-0.1278,2026-02-13T08:00:00Z,2026-02-13,08:00,2,140.44,0,3.14,86.09,1.47,0.5,0.51,0.09
Londres,LON,GB,51.5074,-0.1278,2026-02-13T09:00:00Z,2026-02-13,09:00,2,140.47,0.01,3.48,85.47,1.59,0.5,0.54,0.12
Londres,LON,GB,51.5074,-0.1278,2026-02-13T10:00:00Z,2026-02-13,10:00,2,140.33,0.03,4.3,84.32,1.9,0.5,0.64,0.15
Londres,LON,GB,51.5074,-0.1278,2026-02-13T11:00:00Z,2026-02-13,11:00,2,140.59,0.08,5.61,82.33,2.44,0.56,0.83,0.2
Londres,LON,GB,51.5074,-0.1278,2026-02-13T12:00:00Z,2026-02-13,12:00,2,141.4,0.13,6.76,80.64,2.92,0.67,1.01,0.22
Londres,LON,GB,51.5074,-0.1278,2026-02-13T13:00:00Z,2026-02-13,13:00,2,141.8,0.19,8.09,78.23,3.49,0.86,1.25,0.23
Londres,LON,GB,51.5074,-0.1278,2026-02-13T14:00:00Z,2026-02-13,14:00,2,142.9,0.22,9.28,76.02,3.92,1.06,1.48,0.21
Londres,LON,GB,51.5074,-0.1278,2026-02-13T15:00:00Z,2026-02-13,15:00,2,143.27,0.2,9.39,75.16,3.8,1.15,1.56,0.16
Londres,LON,GB,51.5074,-0.1278,2026-02-13T16:00:00Z,2026-02-13,16:00,2,142.42,0.09,8.23,76.38,3.16,1.04,1.39,0.12
Londres,LON,GB,51.5074,-0.1278,2026-02-13T17:00:00Z,2026-02-13,17:00,2,140.91,0.01,6.45,78.03,2.31,0.74,1.03,0.09
Londres,LON,GB,51.5074,-0.1278,2026-02-13T18:00:00Z,2026-02-13,18:00,2,146.02,0,5.92,75.11,1.74,0.57,0.81,0.09
Londres,LON,GB,51.5074,-0.1278,2026-02-13T19:00:00Z,2026-02-13,19:00,2,169.6,0,7.72,64.31,1.41,0.6,0.92,0.09
Londres,LON,GB,51.5074,-0.1278,2026-02-13T20:00:00Z,2026-02-13,20:00,1,209.11,0,11.13,48.34,1.64,0.86,1.48,0.11
Londres,LON,GB,51.5074,-0.1278,2026-02-13T21:00:00Z,2026-02-13,21:00,1,234.25,0,12,41.4,1.86,1.01,2.06,0.15
Londres,LON,GB,51.5074,-0.1278,2026-02-13T22:00:00Z,2026-02-13,22:00,1,229.99,0,9.89,46.69,1.89,0.98,2.54,0.21
Londres,LON,GB,51.5074,-0.1278,2026-02-13T23:00:00Z,2026-02-13,23:00,1,217.91,0,7.55,55.99,1.96,0.89,2.79,0.26
Londres,LON,GB,51.5074,-0.1278,2026-02-14T00:00:00Z,2026-02-14,00:00,2,206.52,0,5.89,63.93,1.91,0.78,2.67,0.28
Londres,LON,GB,51.5074,-0.1278,2026-02-14T01:00:00Z,2026-02-14,01:00,2,195.91,0,4.68,69.63,1.71,0.64,2.25,0.26
Londres,LON,GB,51.5074,-0.1278,2026-02-14T02:00:00Z,2026-02-14,02:00,2,187.81,0,3.96,74.28,1.57,0.57,2.03,0.26
Londres,LON,GB,51.5074,-0.1278,2026-02-14T03:00:00Z,2026-02-14,03:00,2,180.99,0,3.58,77.16,1.47,0.54,1.92,0.27
Londres,LON,GB,51.5074,-0.1278,2026-02-14T04:00:00Z,2026-02-14,04:00,2,175.18,0,3.42,79.21,1.44,0.53,1.86,0.28
Londres,LON,GB,51.5074,-0.1278,2026-02-14T05:00:00Z,2026-02-14,05:00,2,171.52,0,3.44,81.22,1.48,0.53,1.9,0.29
Londres,LON,GB,51.5074,-0.1278,2026-02-14T06:00:00Z,2026-02-14,06:00,2,167.45,0,3.53,83.33,1.59,0.55,2.05,0.31
Londres,LON,GB,51.5074,-0.1278,2026-02-14T07:00:00Z,2026-02-14,07:00,2,162.13,0,3.63,84.02,1.71,0.6,2.31,0.35
Londres,LON,GB,51.5074,-0.1278,2026-02-14T08:00:00Z,2026-02-14,08:00,2,158.62,0,3.89,84.83,1.86,0.65,2.58,0.37
Londres,LON,GB,51.5074,-0.1278,2026-02-14T09:00:00Z,2026-02-14,09:00,2,157.01,0.07,4.61,85.24,2.01,0.69,2.75,0.4
Londres,LON,GB,51.5074,-0.1278,2026-02-14T10:00:00Z,2026-02-14,10:00,2,155.23,0.27,5.14,85.15,2.15,0.72,2.78,0.41
Londres,LON,GB,51.5074,-0.1278,2026-02-14T11:00:00Z,2026-02-14,11:00,2,155.04,0.56,5.47,85.64,2.34,0.78,2.86,0.44
Londres,LON,GB,51.5074,-0.1278,2026-02-14T12:00:00Z,2026-02-14,12:00,2,155.41,0.81,5.67,86.13,2.55,0.88,2.99,0.46
Londres,LON,GB,51.5074,-0.1278,2026-02-14T13:00:00Z,2026-02-14,13:00,2,155.15,0.94,5.81,86.74,2.75,0.92,3.03,0.49
Londres,LON,GB,51.5074,-0.1278,2026-02-14T14:00:00Z,2026-02-14,14:00,2,154.25,0.82,6.19,87.08,2.92,0.97,3.03,0.49
Londres,LON,GB,51.5074,-0.1278,2026-02-14T15:00:00Z,2026-02-14,15:00,2,153.16,0.6,6.63,87.16,3.07,1.02,3.01,0.48
Londres,LON,GB,51.5074,-0.1278,2026-02-14T16:00:00Z,2026-02-14,16:00,2,152.52,0.22,7.33,86.72,3.19,0.98,2.89,0.49
Londres,LON,GB,51.5074,-0.1278,2026-02-14T17:00:00Z,2026-02-14,17:00,2,151.57,0.04,7.44,86.8,3.26,0.93,2.72,0.47
Londres,LON,GB,51.5074,-0.1278,2026-02-14T18:00:00Z,2026-02-14,18:00,2,150.23,0,6.98,87.21,3.29,0.88,2.51,0.43
Londres,LON,GB,51.5074,-0.1278,2026-02-14T19:00:00Z,2026-02-14,19:00,2,149.25,0,6.57,87.44,3.31,0.84,2.34,0.39
Londres,LON,GB,51.5074,-0.1278,2026-02-14T20:00:00Z,2026-02-14,20:00,2,148.04,0,6.22,87.97,3.29,0.8,2.18,0.36
Londres,LON,GB,51.5074,-0.1278,2026-02-14T21:00:00Z,2026-02-14,21:00,2,147.03,0,5.84,89,3.21,0.74,2,0.32
Londres,LON,GB,51.5074,-0.1278,2026-02-14T22:00:00Z,2026-02-14,22:00,2,145.63,0,5.28,90.68,2.97,0.64,1.72,0.27
Londres,LON,GB,51.5074,-0.1278,2026-02-14T23:00:00Z,2026-02-14,23:00,2,144.22,0,4.58,92.59,2.57,0.58,1.44,0.24
Londres,LON,GB,51.5074,-0.1278,2026-02-15T00:00:00Z,2026-02-15,00:00,2,143.1,0,3.77,94.5,2.1,0.56,1.26,0.24
Londres,LON,GB,51.5074,-0.1278,2026-02-16T01:00:00Z,2026-02-16,01:00,2,141.72,0,1.47,82.59,0.75,0.52,1.65,0.14
Londres,LON,GB,51.5074,-0.1278,2026-02-16T02:00:00Z,2026-02-16,02:00,2,141.85,0,1.44,80.98,0.72,0.5,1.42,0.11
Londres,LON,GB,51.5074,-0.1278,2026-02-16T03:00:00Z,2026-02-16,03:00,2,141.15,0,1.43,80.08,0.71,0.5,1.33,0.09
Londres,LON,GB,51.5074,-0.1278,2026-02-16T04:00:00Z,2026-02-16,04:00,2,139.7,0,1.4,80.33,0.7,0.5,1.31,0.08
Londres,LON,GB,51.5074,-0.1278,2026-02-16T05:00:00Z,2026-02-16,05:00,2,137.78,0,1.33,81.58,0.68,0.5,1.32,0.08
Londres,LON,GB,51.5074,-0.1278,2026-02-16T06:00:00Z,2026-02-16,06:00,2,136.49,0,1.26,82.43,0.65,0.5,1.31,0.09
Londres,LON,GB,51.5074,-0.1278,2026-02-16T07:00:00Z,2026-02-16,07:00,2,137.1,0,1.23,81.89,0.64,0.5,1.27,0.1
Londres,LON,GB,51.5074,-0.1278,2026-02-16T08:00:00Z,2026-02-16,08:00,2,138.6,0,1.28,81.13,0.66,0.5,1.24,0.12
Londres,LON,GB,51.5074,-0.1278,2026-02-16T09:00:00Z,2026-02-16,09:00,2,140.19,0.05,1.3,80.37,0.69,0.5,1.27,0.16
Londres,LON,GB,51.5074,-0.1278,2026-02-16T10:00:00Z,2026-02-16,10:00,2,140.94,0.14,1.22,79.74,0.72,0.5,1.47,0.19
Londres,LON,GB,51.5074,-0.1278,2026-02-16T11:00:00Z,2026-02-16,11:00,2,141.05,0.19,1.16,81.39,0.74,0.52,1.84,0.2
Londres,LON,GB,51.5074,-0.1278,2026-02-16T12:00:00Z,2026-02-16,12:00,2,139.85,0.2,1.12,85.34,0.75,0.58,2.24,0.21
Londres,LON,GB,51.5074,-0.1278,2026-02-16T13:00:00Z,2026-02-16,13:00,2,138.16,0.18,1.11,90.03,0.75,0.65,2.48,0.21
Londres,LON,GB,51.5074,-0.1278,2026-02-16T14:00:00Z,2026-02-16,14:00,2,135.8,0.15,1.17,92.77,0.77,0.67,2.49,0.21
Londres,LON,GB,51.5074,-0.1278,2026-02-16T15:00:00Z,2026-02-16,15:00,2,134.73,0.12,1.32,94,0.8,0.65,2.36,0.21
Londres,LON,GB,51.5074,-0.1278,2026-02-16T16:00:00Z,2026-02-16,16:00,2,135.24,0.08,1.62,94.11,0.9,0.62,2.21,0.23
Londres,LON,GB,51.5074,-0.1278,2026-02-16T17:00:00Z,2026-02-16,17:00,2,135.93,0.03,2.12,92.94,1.03,0.59,1.96,0.27
Londres,LON,GB,51.5074,-0.1278,2026-02-16T18:00:00Z,2026-02-16,18:00,2,137,0,2.51,90.97,1.16,0.58,1.77,0.3
Londres,LON,GB,51.5074,-0.1278,2026-02-16T19:00:00Z,2026-02-16,19:00,2,137.53,0,2.84,88.77,1.29,0.58,1.67,0.35
Londres,LON,GB,51.5074,-0.1278,2026-02-16T20:00:00Z,2026-02-16,20:00,2,138.54,0,3.12,87.29,1.38,0.61,1.66,0.42
Londres,LON,GB,51.5074,-0.1278,2026-02-16T21:00:00Z,2026-02-16,21:00,2,139.73,0,3.33,85.72,1.41,0.6,1.61,0.47
Londres,LON,GB,51.5074,-0.1278,2026-02-16T22:00:00Z,2026-02-16,22:00,2,141.53,0,3.64,82.82,1.51,0.58,1.53,0.49
Londres,LON,GB,51.5074,-0.1278,2026-02-16T23:00:00Z,2026-02-16,23:00,2,144.67,0,4.2,78.8,1.7,0.57,1.48,0.5
Londres,LON,GB,51.5074,-0.1278,2026-02-17T00:00:00Z,2026-02-17,00:00,2,146.79,0,4.63,75.01,1.86,0.57,1.43,0.51
Londres,LON,GB,51.5074,-0.1278,2026-02-17T01:00:00Z,2026-02-17,01:00,2,145.62,0,4.68,74.33,1.87,0.55,1.36,0.5
Londres,LON,GB,51.5074,-0.1278,2026-02-17T02:00:00Z,2026-02-17,02:00,2,143.39,0,4.19,79.9,1.71,0.52,1.34,0.47
Londres,LON,GB,51.5074,-0.1278,2026-02-17T03:00:00Z,2026-02-17,03:00,2,140.31,0,3.61,87.98,1.57,0.5,1.45,0.47
Londres,LON,GB,51.5074,-0.1278,2026-02-17T04:00:00Z,2026-02-17,04:00,2,137.35,0,3.02,95.05,1.43,0.5,1.6,0.48
Londres,LON,GB,51.5074,-0.1278,2026-02-17T05:00:00Z,2026-02-17,05:00,2,136.1,0,2.72,98.69,1.38,0.5,1.7,0.5
Londres,LON,GB,51.5074,-0.1278,2026-02-17T06:00:00Z,2026-02-17,06:00,2,135.8,0,2.62,99.91,1.39,0.5,1.65,0.51
Londres,LON,GB,51.5074,-0.1278,2026-02-17T07:00:00Z,2026-02-17,07:00,2,135.07,0,2.79,98.92,1.5,0.5,1.54,0.51
Londres,LON,GB,51.5074,-0.1278,2026-02-17T08:00:00Z,2026-02-17,08:00,2,136.51,0.01,3.46,98.09,1.79,0.5,1.54,0.55
Londres,LON,GB,51.5074,-0.1278,2026-02-17T09:00:00Z,2026-02-17,09:00,2,137.66,0.22,4.2,97.42,2.11,0.5,1.52,0.57
Londres,LON,GB,51.5074,-0.1278,2026-02-17T10:00:00Z,2026-02-17,10:00,2,138.62,0.62,4.89,95.45,2.66,0.54,1.6,0.62
Londres,LON,GB,51.5074,-0.1278,2026-02-17T11:00:00Z,2026-02-17,11:00,2,139.96,1.1,5.89,93.25,3.48,0.65,1.8,0.69
Londres,LON,GB,51.5074,-0.1278,2026-02-17T12:00:00Z,2026-02-17,12:00,2,141.02,1.48,6.66,91.7,4.17,0.77,1.95,0.74
Londres,LON,GB,51.5074,-0.1278,2026-02-17T13:00:00Z,2026-02-17,13:00,2,141.15,1.28,7.82,90.03,4.67,0.86,2.03,0.76
Londres,LON,GB,51.5074,-0.1278,2026-02-17T14:00:00Z,2026-02-17,14:00,2,140.64,1.18,8.4,89.13,4.95,0.91,2.02,0.73
Londres,LON,GB,51.5074,-0.1278,2026-02-17T15:00:00Z,2026-02-17,15:00,2,140.22,0.94,9.19,87.9,5.2,0.95,2.01,0.68
Londres,LON,GB,51.5074,-0.1278,2026-02-17T16:00:00Z,2026-02-17,16:00,2,139.82,0.39,10.15,87.01,5.3,0.95,1.94,0.63
Londres,LON,GB,51.5074,-0.1278,2026-02-17T17:00:00Z,2026-02-17,17:00,2,139.04,0.08,10.2,86.29,5.18,0.93,1.84,0.55
Londres,LON,GB,51.5074,-0.1278,2026-02-17T18:00:00Z,2026-02-17,18:00,2,138.17,0,9.38,86.47,5,0.91,1.74,0.47
Londres,LON,GB,51.5074,-0.1278,2026-02-17T19:00:00Z,2026-02-17,19:00,2,137.1,0,7.43,88.83,4.11,0.78,1.48,0.35
Londres,LON,GB,51.5074,-0.1278,2026-02-17T20:00:00Z,2026-02-17,20:00,2,135.64,0,5.49,91.42,3.06,0.65,1.2,0.25
Londres,LON,GB,51.5074,-0.1278,2026-02-17T21:00:00Z,2026-02-17,21:00,2,135.31,0,4.38,93.27,2.51,0.61,1.14,0.22
Londres,LON,GB,51.5074,-0.1278,2026-02-17T22:00:00Z,2026-02-17,22:00,2,136.31,0,3.59,95.51,2.1,0.6,1.04,0.2
Londres,LON,GB,51.5074,-0.1278,2026-02-17T23:00:00Z,2026-02-17,23:00,2,136.84,0,3.02,97.42,1.64,0.61,0.96,0.17
Londres,LON,GB,51.5074,-0.1278,2026-02-18T00:00:00Z,2026-02-18,00:00,2,137.27,0,2.47,99.81,1.22,0.63,0.97,0.15
Londres,LON,GB,51.5074,-0.1278,2026-02-18T01:00:00Z,2026-02-18,01:00,3,138.36,0,2.24,100.58,0.98,0.7,1.08,0.12
Londres,LON,GB,51.5074,-0.1278,2026-02-18T02:00:00Z,2026-02-18,02:00,2,140.86,0,2.38,99.1,0.87,0.8,1.19,0.1
Londres,LON,GB,51.5074,-0.1278,2026-02-18T03:00:00Z,2026-02-18,03:00,2,143.07,0,2.61,96.48,0.8,0.9,1.3,0.09
Londres,LON,GB,51.5074,-0.1278,2026-02-18T04:00:00Z,2026-02-18,04:00,2,155.1,0,3.44,92.43,0.8,1.26,1.72,0.09
Londres,LON,GB,51.5074,-0.1278,2026-02-18T05:00:00Z,2026-02-18,05:00,2,183.43,0,5.08,87.82,0.79,2.2,2.73,0.12
Londres,LON,GB,51.5074,-0.1278,2026-02-18T06:00:00Z,2026-02-18,06:00,2,202.67,0,5.94,85.4,0.74,2.84,3.46,0.15
Londres,LON,GB,51.5074,-0.1278,2026-02-18T07:00:00Z,2026-02-18,07:00,2,195.68,0,5.35,85.56,0.72,2.75,3.65,0.21
Londres,LON,GB,51.5074,-0.1278,2026-02-18T08:00:00Z,2026-02-18,08:00,2,181.54,0,4.55,85.53,0.79,2.51,3.68,0.26
Londres,LON,GB,51.5074,-0.1278,2026-02-18T09:00:00Z,2026-02-18,09:00,2,174.94,0.01,4.47,84.63,0.91,2.26,3.48,0.29
Londres,LON,GB,51.5074,-0.1278,2026-02-18T10:00:00Z,2026-02-18,10:00,2,176.76,0.07,5.22,82.42,1.08,2.31,3.5,0.3
Londres,LON,GB,51.5074,-0.1278,2026-02-18T11:00:00Z,2026-02-18,11:00,2,183.03,0.16,6.3,79.4,1.27,2.62,3.77,0.3
Londres,LON,GB,51.5074,-0.1278,2026-02-18T12:00:00Z,2026-02-18,12:00,2,189.46,0.27,7.18,76.87,1.45,2.84,3.99,0.3
Londres,LON,GB,51.5074,-0.1278,2026-02-18T13:00:00Z,2026-02-18,13:00,2,196.3,0.29,8.42,73.66,1.61,2.99,3.89,0.24
Londres,LON,GB,51.5074,-0.1278,2026-02-18T14:00:00Z,2026-02-18,14:00,2,202.22,0.32,9.77,68.82,1.58,3.14,3.89,0.16
Londres,LON,GB,51.5074,-0.1278,2026-02-18T15:00:00Z,2026-02-18,15:00,2,207.91,0.29,11.03,63.25,1.49,3.34,4.04,0.12
Londres,LON,GB,51.5074,-0.1278,2026-02-18T16:00:00Z,2026-02-18,16:00,1,214.39,0.13,12.28,57.49,1.37,3.4,4.01,0.09
Londres,LON,GB,51.5074,-0.1278,2026-02-18T17:00:00Z,2026-02-18,17:00,1,211.15,0.03,12.54,52.14,1.31,3.18,3.66,0.07
Londres,LON,GB,51.5074,-0.1278,2026-02-18T18:00:00Z,2026-02-18,18:00,1,190.53,0,10.42,54.37,1.23,2.5,2.87,0.07
Londres,LON,GB,51.5074,-0.1278,2026-02-18T19:00:00Z,2026-02-18,19:00,2,158.64,0,6.1,70.03,0.94,1.45,1.7,0.07
Londres,LON,GB,51.5074,-0.1278,2026-02-18T20:00:00Z,2026-02-18,20:00,2,145.47,0,4.46,78.74,0.97,1.09,1.32,0.09
Londres,LON,GB,51.5074,-0.1278,2026-02-18T21:00:00Z,2026-02-18,21:00,2,141.17,0,3.93,82.29,1.04,0.98,1.19,0.11
Londres,LON,GB,51.5074,-0.1278,2026-02-18T22:00:00Z,2026-02-18,22:00,2,139.2,0,3.68,83.9,1.14,0.91,1.13,0.14
Londres,LON,GB,51.5074,-0.1278,2026-02-18T23:00:00Z,2026-02-18,23:00,2,138.47,0,3.55,84.68,1.25,0.84,1.07,0.19
Londres,LON,GB,51.5074,-0.1278,2026-02-19T00:00:00Z,2026-02-19,00:00,2,137.29,0,3.49,85.46,1.33,0.77,1,0.21
Londres,LON,GB,51.5074,-0.1278,2026-02-19T01:00:00Z,2026-02-19,01:00,2,136.62,0,3.61,85.58,1.48,0.73,0.97,0.22
Londres,LON,GB,51.5074,-0.1278,2026-02-19T02:00:00Z,2026-02-19,02:00,2,136.84,0,4.03,84.95,1.75,0.73,1,0.23
Londres,LON,GB,51.5074,-0.1278,2026-02-19T03:00:00Z,2026-02-19,03:00,2,137.15,0,4.52,84.01,2.05,0.76,1.05,0.23
Londres,LON,GB,51.5074,-0.1278,2026-02-19T04:00:00Z,2026-02-19,04:00,2,137.76,0,5.42,81.99,2.56,0.83,1.16,0.22
Londres,LON,GB,51.5074,-0.1278,2026-02-19T05:00:00Z,2026-02-19,05:00,2,140.4,0,6.8,78.16,3.2,1,1.36,0.21
Londres,LON,GB,51.5074,-0.1278,2026-02-19T06:00:00Z,2026-02-19,06:00,2,147.55,0,8.02,72.67,3.53,1.24,1.66,0.2
Londres,LON,GB,51.5074,-0.1278,2026-02-19T07:00:00Z,2026-02-19,07:00,2,161.79,0,9.71,63.19,3.86,1.74,2.27,0.22
Londres,LON,GB,51.5074,-0.1278,2026-02-19T08:00:00Z,2026-02-19,08:00,1,182.28,0.02,12.62,51.58,4.45,2.66,3.38,0.27
Londres,LON,GB,51.5074,-0.1278,2026-02-19T09:00:00Z,2026-02-19,09:00,1,202.12,0.42,15.86,42.28,4.9,3.94,4.91,0.29
Londres,LON,GB,51.5074,-0.1278,2026-02-19T10:00:00Z,2026-02-19,10:00,1,216.06,1.63,18.15,36.8,5.29,5.16,6.48,0.33
Londres,LON,GB,51.5074,-0.1278,2026-02-19T11:00:00Z,2026-02-19,11:00,1,225.51,2.99,20.98,34.27,5.98,6.2,7.97,0.38
Londres,LON,GB,51.5074,-0.1278,2026-02-19T12:00:00Z,2026-02-19,12:00,1,230.53,4.4,24.34,32.96,7.07,7.43,9.67,0.41
Londres,LON,GB,51.5074,-0.1278,2026-02-19T13:00:00Z,2026-02-19,13:00,1,224.42,4.38,23.46,36.13,6.84,7.85,10.12,0.43
Londres,LON,GB,51.5074,-0.1278,2026-02-19T14:00:00Z,2026-02-19,14:00,1,218.68,3.08,21.65,37.99,5.75,7.59,9.64,0.48
Londres,LON,GB,51.5074,-0.1278,2026-02-19T15:00:00Z,2026-02-19,15:00,1,216.47,1.92,20.58,38.06,4.75,6.81,8.53,0.56
Londres,LON,GB,51.5074,-0.1278,2026-02-19T16:00:00Z,2026-02-19,16:00,1,214.09,0.76,18.58,40.66,3.45,5.14,6.4,0.58
Londres,LON,GB,51.5074,-0.1278,2026-02-19T17:00:00Z,2026-02-19,17:00,1,214.34,0.17,17.64,42.88,2.88,4.11,5.15,0.57
Londres,LON,GB,51.5074,-0.1278,2026-02-19T18:00:00Z,2026-02-19,18:00,1,216.65,0.01,17.6,42.76,2.75,3.78,4.75,0.58
Londres,LON,GB,51.5074,-0.1278,2026-02-19T19:00:00Z,2026-02-19,19:00,1,217.24,0,17.32,42.28,2.74,3.67,4.59,0.58
Londres,LON,GB,51.5074,-0.1278,2026-02-19T20:00:00Z,2026-02-19,20:00,1,218.17,0,16.69,42.79,2.77,3.75,4.63,0.58
Londres,LON,GB,51.5074,-0.1278,2026-02-19T21:00:00Z,2026-02-19,21:00,1,217.4,0,15.27,44.93,2.72,3.91,4.73,0.55
Londres,LON,GB,51.5074,-0.1278,2026-02-19T22:00:00Z,2026-02-19,22:00,1,212.87,0,13.51,47.92,2.69,3.97,4.75,0.49
Londres,LON,GB,51.5074,-0.1278,2026-02-19T23:00:00Z,2026-02-19,23:00,1,208.36,0,12.24,50.93,2.78,4.03,4.8,0.44
Londres,LON,GB,51.5074,-0.1278,2026-02-20T00:00:00Z,2026-02-20,00:00,1,202.53,0,11.01,53.61,2.81,3.84,4.64,0.41
Londres,LON,GB,51.5074,-0.1278,2026-02-20T01:00:00Z,2026-02-20,01:00,1,192.99,0,9.82,56.14,2.74,3.36,4.23,0.41
Londres,LON,GB,51.5074,-0.1278,2026-02-20T02:00:00Z,2026-02-20,02:00,2,178.45,0,8.27,61.91,2.53,2.61,3.54,0.43
Londres,LON,GB,51.5074,-0.1278,2026-02-20T03:00:00Z,2026-02-20,03:00,2,158.84,0,6.23,73.9,2.22,1.46,2.49,0.51
Londres,LON,GB,51.5074,-0.1278,2026-02-20T04:00:00Z,2026-02-20,04:00,2,142.84,0,3.96,89.14,1.73,0.73,1.93,0.53
Londres,LON,GB,51.5074,-0.1278,2026-02-20T05:00:00Z,2026-02-20,05:00,2,135.03,0,2.87,97.88,1.49,0.62,2.04,0.51
Londres,LON,GB,51.5074,-0.1278,2026-02-20T06:00:00Z,2026-02-20,06:00,3,133.17,0,2.57,100.08,1.43,0.61,2.2,0.49
Londres,LON,GB,51.5074,-0.1278,2026-02-20T07:00:00Z,2026-02-20,07:00,2,132.94,0,2.57,99.32,1.44,0.61,2.23,0.45
Londres,LON,GB,51.5074,-0.1278,2026-02-20T08:00:00Z,2026-02-20,08:00,2,132.83,0,2.73,98.67,1.49,0.67,2.5,0.34
Londres,LON,GB,51.5074,-0.1278,2026-02-20T09:00:00Z,2026-02-20,09:00,2,132.54,0.02,2.96,99.48,1.55,0.85,3.33,0.19
Londres,LON,GB,51.5074,-0.1278,2026-02-20T10:00:00Z,2026-02-20,10:00,3,132.24,0.06,3.13,100.94,1.67,1.09,4.51,0.07
Londres,LON,GB,51.5074,-0.1278,2026-02-20T11:00:00Z,2026-02-20,11:00,3,131.2,0.12,3.27,101.9,1.76,1.3,5.37,0.04
Londres,LON,GB,51.5074,-0.1278,2026-02-20T12:00:00Z,2026-02-20,12:00,3,131.1,0.16,3.28,102.07,1.76,1.51,5.73,0.04
Londres,LON,GB,51.5074,-0.1278,2026-02-20T13:00:00Z,2026-02-20,13:00,3,132,0.11,3.47,101.73,1.77,1.7,4.87,0.06
Londres,LON,GB,51.5074,-0.1278,2026-02-20T14:00:00Z,2026-02-20,14:00,3,132.23,0.09,3.74,101.05,1.63,1.8,3.95,0.07
Londres,LON,GB,51.5074,-0.1278,2026-02-20T15:00:00Z,2026-02-20,15:00,3,131.43,0.06,3.95,100.46,1.54,1.9,3.53,0.07
Londres,LON,GB,51.5074,-0.1278,2026-02-20T16:00:00Z,2026-02-20,16:00,3,130.49,0.03,4.03,100.14,1.49,2.14,3.78,0.05
Londres,LON,GB,51.5074,-0.1278,2026-02-20T17:00:00Z,2026-02-20,17:00,2,130.62,0.01,3.97,98.98,1.47,2.57,4.51,0.04
Londres,LON,GB,51.5074,-0.1278,2026-02-20T18:00:00Z,2026-02-20,18:00,2,132.44,0,3.63,98.14,1.43,2.73,5.02,0.05
Londres,LON,GB,51.5074,-0.1278,2026-02-20T19:00:00Z,2026-02-20,19:00,2,134.32,0,3.35,97.59,1.41,2.63,5.65,0.08
Londres,LON,GB,51.5074,-0.1278,2026-02-20T20:00:00Z,2026-02-20,20:00,2,134.69,0,3.59,96.36,1.59,2.69,6.58,0.11
Londres,LON,GB,51.5074,-0.1278,2026-02-20T21:00:00Z,2026-02-20,21:00,2,134.58,0,3.91,95.38,1.76,2.74,7,0.14
Londres,LON,GB,51.5074,-0.1278,2026-02-20T22:00:00Z,2026-02-20,22:00,2,134.2,0,4.16,94.16,1.89,2.82,7.42,0.17
Londres,LON,GB,51.5074,-0.1278,2026-02-20T23:00:00Z,2026-02-20,23:00,2,134.29,0,4.33,93.42,1.97,2.97,8.1,0.17
Londres,LON,GB,51.5074,-0.1278,2026-02-21T00:00:00Z,2026-02-21,00:00,2,134.38,0,4.34,92.76,2,3.28,9.16,0.16
Londres,LON,GB,51.5074,-0.1278,2026-02-23T01:00:00Z,2026-02-23,01:00,2,129.52,0,4.76,91.46,2.43,3.93,9.81,0.06
Londres,LON,GB,51.5074,-0.1278,2026-02-23T02:00:00Z,2026-02-23,02:00,2,129.53,0,4.75,90.99,2.47,4.41,11.09,0.05
Londres,LON,GB,51.5074,-0.1278,2026-02-23T03:00:00Z,2026-02-23,03:00,2,129.43,0,4.83,90.28,2.52,4.81,11.96,0.04
Londres,LON,GB,51.5074,-0.1278,2026-02-23T04:00:00Z,2026-02-23,04:00,2,129.77,0,4.86,89.93,2.54,5.12,12.54,0.05
Londres,LON,GB,51.5074,-0.1278,2026-02-23T05:00:00Z,2026-02-23,05:00,2,129.77,0,4.79,89.21,2.51,5.35,13.05,0.05
Londres,LON,GB,51.5074,-0.1278,2026-02-23T06:00:00Z,2026-02-23,06:00,2,129.5,0,4.67,88.57,2.45,5.45,13.28,0.05
Londres,LON,GB,51.5074,-0.1278,2026-02-23T07:00:00Z,2026-02-23,07:00,2,129.33,0,4.75,87.78,2.47,5.5,13.29,0.05
Londres,LON,GB,51.5074,-0.1278,2026-02-23T08:00:00Z,2026-02-23,08:00,2,129.44,0,5.34,86.11,2.69,5.59,13.33,0.05
Londres,LON,GB,51.5074,-0.1278,2026-02-23T09:00:00Z,2026-02-23,09:00,2,129.75,0.06,5.87,85.4,2.81,5.41,12.76,0.05
Londres,LON,GB,51.5074,-0.1278,2026-02-23T10:00:00Z,2026-02-23,10:00,2,129.94,0.15,6.18,84.92,2.91,5.29,12.39,0.06
Londres,LON,GB,51.5074,-0.1278,2026-02-23T11:00:00Z,2026-02-23,11:00,2,130.03,0.26,6.4,84.52,3.02,5.24,12.12,0.06
Londres,LON,GB,51.5074,-0.1278,2026-02-23T12:00:00Z,2026-02-23,12:00,2,129.93,0.4,6.57,83.71,3.11,5.21,11.87,0.06
Londres,LON,GB,51.5074,-0.1278,2026-02-23T13:00:00Z,2026-02-23,13:00,2,129.22,0.4,7.07,81.75,3.2,5.09,11.2,0.06
Londres,LON,GB,51.5074,-0.1278,2026-02-23T14:00:00Z,2026-02-23,14:00,2,127.92,0.38,7.91,78.96,3.3,4.79,9.61,0.06
Londres,LON,GB,51.5074,-0.1278,2026-02-23T15:00:00Z,2026-02-23,15:00,2,126.23,0.31,8.71,76.01,3.3,4.32,7.8,0.06
Londres,LON,GB,51.5074,-0.1278,2026-02-23T16:00:00Z,2026-02-23,16:00,2,124.77,0.16,9.26,74.21,3.27,3.94,6.7,0.06
Londres,LON,GB,51.5074,-0.1278,2026-02-23T17:00:00Z,2026-02-23,17:00,2,123.35,0.04,9.15,73.96,3.24,3.77,6.48,0.06
Londres,LON,GB,51.5074,-0.1278,2026-02-23T18:00:00Z,2026-02-23,18:00,2,121.83,0,8.52,74.99,3.2,3.9,7.05,0.05
Londres,LON,GB,51.5074,-0.1278,2026-02-23T19:00:00Z,2026-02-23,19:00,2,121.73,0,8.17,76.59,3.22,4.18,7.79,0.05
Londres,LON,GB,51.5074,-0.1278,2026-02-23T20:00:00Z,2026-02-23,20:00,2,122.21,0,8.41,76.68,3.36,4.47,8.38,0.05
Londres,LON,GB,51.5074,-0.1278,2026-02-23T21:00:00Z,2026-02-23,21:00,2,123.16,0,8.92,75.57,3.53,4.87,9.05,0.04
Londres,LON,GB,51.5074,-0.1278,2026-02-23T22:00:00Z,2026-02-23,22:00,2,124.23,0,9.42,73.74,3.7,5.35,9.91,0.05
Londres,LON,GB,51.5074,-0.1278,2026-02-23T23:00:00Z,2026-02-23,23:00,2,124.93,0,9.82,72.4,3.87,5.7,10.65,0.05
Londres,LON,GB,51.5074,-0.1278,2026-02-24T00:00:00Z,2026-02-24,00:00,2,125.16,0,10.08,71.47,4,5.71,10.83,0.05
Londres,LON,GB,51.5074,-0.1278,2026-02-24T01:00:00Z,2026-02-24,01:00,2,125.17,0,10.52,70.51,4.07,5.51,10.3,0.06
Londres,LON,GB,51.5074,-0.1278,2026-02-24T02:00:00Z,2026-02-24,02:00,2,125.53,0,11.5,68.81,4.39,5.38,10.06,0.07
Londres,LON,GB,51.5074,-0.1278,2026-02-24T03:00:00Z,2026-02-24,03:00,2,125.97,0,12.44,66.63,4.75,5.27,9.9,0.08
Londres,LON,GB,51.5074,-0.1278,2026-02-24T04:00:00Z,2026-02-24,04:00,2,126.72,0,13.29,64.38,5.03,5.06,9.52,0.11
Londres,LON,GB,51.5074,-0.1278,2026-02-24T05:00:00Z,2026-02-24,05:00,2,127.78,0,13.78,62.23,5.11,4.6,8.53,0.17
Londres,LON,GB,51.5074,-0.1278,2026-02-24T06:00:00Z,2026-02-24,06:00,1,128.55,0,13.8,59.99,4.99,4.04,7.08,0.27
Londres,LON,GB,51.5074,-0.1278,2026-02-24T07:00:00Z,2026-02-24,07:00,1,129.03,0,13.18,58.03,4.85,3.91,6.16,0.37
Londres,LON,GB,51.5074,-0.1278,2026-02-24T08:00:00Z,2026-02-24,08:00,1,129.49,0.01,12,57.35,4.58,4.02,5.64,0.44
Londres,LON,GB,51.5074,-0.1278,2026-02-24T09:00:00Z,2026-02-24,09:00,1,130.23,0.08,10.47,58.52,4.13,3.77,4.99,0.53
Londres,LON,GB,51.5074,-0.1278,2026-02-24T10:00:00Z,2026-02-24,10:00,2,130.91,0.24,8.17,61.99,3.42,2.99,3.94,0.63
Londres,LON,GB,51.5074,-0.1278,2026-02-24T11:00:00Z,2026-02-24,11:00,2,132.73,0.4,7.42,63.93,3.29,2.26,3.14,0.7
Londres,LON,GB,51.5074,-0.1278,2026-02-24T12:00:00Z,2026-02-24,12:00,2,134.73,0.58,7.33,65.06,3.41,1.96,2.84,0.74
Londres,LON,GB,51.5074,-0.1278,2026-02-24T13:00:00Z,2026-02-24,13:00,2,136.91,1.04,7.83,65.46,3.87,2.21,3.17,0.69
Londres,LON,GB,51.5074,-0.1278,2026-02-24T14:00:00Z,2026-02-24,14:00,2,138.51,1.72,8.98,63.61,4.59,2.69,3.8,0.6
Londres,LON,GB,51.5074,-0.1278,2026-02-24T15:00:00Z,2026-02-24,15:00,2,139.27,2.15,10.02,63.05,5.03,3.12,4.37,0.51
Londres,LON,GB,51.5074,-0.1278,2026-02-24T16:00:00Z,2026-02-24,16:00,2,139.09,1.86,11.7,63.21,5.29,3.45,4.81,0.43
Londres,LON,GB,51.5074,-0.1278,2026-02-24T17:00:00Z,2026-02-24,17:00,2,137.89,0.79,13.96,62.69,5.29,3.54,4.93,0.37
Londres,LON,GB,51.5074,-0.1278,2026-02-24T18:00:00Z,2026-02-24,18:00,2,136.78,0.04,14.65,62.97,5.12,3.42,4.79,0.34
Londres,LON,GB,51.5074,-0.1278,2026-02-24T19:00:00Z,2026-02-24,19:00,2,137.21,0,13.79,63.55,4.96,3.22,4.56,0.35
Londres,LON,GB,51.5074,-0.1278,2026-02-24T20:00:00Z,2026-02-24,20:00,2,138.9,0,13.02,62.71,4.77,3.07,4.39,0.39
Londres,LON,GB,51.5074,-0.1278,2026-02-24T21:00:00Z,2026-02-24,21:00,2,141.6,0,12.35,60.69,4.53,3,4.31,0.45
Londres,LON,GB,51.5074,-0.1278,2026-02-24T22:00:00Z,2026-02-24,22:00,1,145.33,0,11.78,58.42,4.25,3,4.31,0.5
Londres,LON,GB,51.5074,-0.1278,2026-02-24T23:00:00Z,2026-02-24,23:00,1,149.35,0,11.8,55.88,4.15,3.09,4.43,0.48
Londres,LON,GB,51.5074,-0.1278,2026-02-25T00:00:00Z,2026-02-25,00:00,1,151.51,0,11.78,54.52,4.12,3.17,4.51,0.45
Londres,LON,GB,51.5074,-0.1278,2026-02-25T01:00:00Z,2026-02-25,01:00,1,151.2,0,11.66,53.95,4.12,3.17,4.48,0.42
Londres,LON,GB,51.5074,-0.1278,2026-02-25T02:00:00Z,2026-02-25,02:00,1,149.52,0,11.81,53.35,4.2,3.13,4.43,0.38
Londres,LON,GB,51.5074,-0.1278,2026-02-25T03:00:00Z,2026-02-25,03:00,1,147.67,0,12.01,52.55,4.32,3.09,4.36,0.36
Londres,LON,GB,51.5074,-0.1278,2026-02-25T04:00:00Z,2026-02-25,04:00,1,146.42,0,12.49,51.18,4.52,3.09,4.37,0.36
Londres,LON,GB,51.5074,-0.1278,2026-02-25T05:00:00Z,2026-02-25,05:00,1,146.35,0,13.38,49.02,4.83,3.18,4.46,0.35
Londres,LON,GB,51.5074,-0.1278,2026-02-25T06:00:00Z,2026-02-25,06:00,1,147.39,0,14.44,46.5,5.15,3.35,4.63,0.36
Londres,LON,GB,51.5074,-0.1278,2026-02-25T07:00:00Z,2026-02-25,07:00,1,148.23,0,15.64,42.96,5.43,3.57,4.85,0.37
Londres,LON,GB,51.5074,-0.1278,2026-02-25T08:00:00Z,2026-02-25,08:00,1,150.72,0.26,16.97,39.14,5.7,3.85,5.16,0.38
Londres,LON,GB,51.5074,-0.1278,2026-02-25T09:00:00Z,2026-02-25,09:00,1,154.34,2.03,16.12,37.4,6,4.22,5.57,0.39
Londres,LON,GB,51.5074,-0.1278,2026-02-25T10:00:00Z,2026-02-25,10:00,1,159.08,4.27,14.41,36.37,6.23,4.66,6.07,0.41
Londres,LON,GB,51.5074,-0.1278,2026-02-25T11:00:00Z,2026-02-25,11:00,1,165.67,6.04,13.8,34.82,6.52,5.22,6.7,0.42
Londres,LON,GB,51.5074,-0.1278,2026-02-25T12:00:00Z,2026-02-25,12:00,1,172.27,7.46,13.75,33.27,6.89,5.95,7.51,0.42
Londres,LON,GB,51.5074,-0.1278,2026-02-25T13:00:00Z,2026-02-25,13:00,1,178.82,8.48,14.19,31.24,7.08,6.84,8.48,0.42
Londres,LON,GB,51.5074,-0.1278,2026-02-25T14:00:00Z,2026-02-25,14:00,1,184.76,9.29,15.19,28.75,7.19,7.77,9.48,0.42
Londres,LON,GB,51.5074,-0.1278,2026-02-25T15:00:00Z,2026-02-25,15:00,1,189.57,9.59,17.24,25.56,7.54,8.62,10.4,0.44
Londres,LON,GB,51.5074,-0.1278,2026-02-25T16:00:00Z,2026-02-25,16:00,1,193.32,9.01,21.16,20.97,8.09,9.38,11.23,0.47
Londres,LON,GB,51.5074,-0.1278,2026-02-25T17:00:00Z,2026-02-25,17:00,2,196.19,6.26,28.65,12.86,8.69,10.07,11.99,0.5
Londres,LON,GB,51.5074,-0.1278,2026-02-25T18:00:00Z,2026-02-25,18:00,2,198.5,2.53,37.61,3.43,9.41,10.69,12.7,0.53
Londres,LON,GB,51.5074,-0.1278,2026-02-25T19:00:00Z,2026-02-25,19:00,2,199.84,3,40.08,0.66,10.21,11.31,13.4,0.53
Londres,LON,GB,51.5074,-0.1278,2026-02-25T20:00:00Z,2026-02-25,20:00,2,201.16,4.58,40.46,0.2,10.88,11.97,14.15,0.49
Londres,LON,GB,51.5074,-0.1278,2026-02-25T21:00:00Z,2026-02-25,21:00,2,202.11,5.76,40.47,0.14,11.28,12.53,14.78,0.42
Londres,LON,GB,51.5074,-0.1278,2026-02-25T22:00:00Z,2026-02-25,22:00,2,202.49,6.13,40.7,0.16,11.36,12.91,15.21,0.36
Londres,LON,GB,51.5074,-0.1278,2026-02-25T23:00:00Z,2026-02-25,23:00,2,205.11,5.88,41.5,0.18,10.97,13.2,15.58,0.39
Londres,LON,GB,51.5074,-0.1278,2026-02-26T00:00:00Z,2026-02-26,00:00,2,211.09,5.23,42.58,0.26,10.53,13.8,16.29,0.54
Londres,LON,GB,51.5074,-0.1278,2026-02-26T01:00:00Z,2026-02-26,01:00,2,215.39,3.37,42.16,0.89,9.64,14.62,17.33,0.7
Londres,LON,GB,51.5074,-0.1278,2026-02-26T02:00:00Z,2026-02-26,02:00,2,214.82,1.69,38.85,3.04,8.08,15.07,18.16,0.76
Londres,LON,GB,51.5074,-0.1278,2026-02-26T03:00:00Z,2026-02-26,03:00,2,208.45,0.8,34.66,9.15,7.26,15.37,19.44,0.67
Londres,LON,GB,51.5074,-0.1278,2026-02-26T04:00:00Z,2026-02-26,04:00,2,191.63,0.11,28.13,25.08,6.82,15.29,21.85,0.5
Londres,LON,GB,51.5074,-0.1278,2026-02-26T05:00:00Z,2026-02-26,05:00,2,176.33,0.01,21.03,40.75,5.95,14.72,23.09,0.36
Londres,LON,GB,51.5074,-0.1278,2026-02-26T06:00:00Z,2026-02-26,06:00,2,168.88,0,16.75,48.47,5.33,13.97,22.62,0.33
Londres,LON,GB,51.5074,-0.1278,2026-02-26T07:00:00Z,2026-02-26,07:00,2,166.37,0,14.06,51.31,4.81,13.04,21.3,0.36
Londres,LON,GB,51.5074,-0.1278,2026-02-26T08:00:00Z,2026-02-26,08:00,2,162.34,0.04,12.34,54.83,4.37,11.42,18.7,0.4
Londres,LON,GB,51.5074,-0.1278,2026-02-26T09:00:00Z,2026-02-26,09:00,2,153.61,0.2,10.67,61.41,3.92,8.55,14.46,0.42
Londres,LON,GB,51.5074,-0.1278,2026-02-26T10:00:00Z,2026-02-26,10:00,2,142.39,0.28,8.31,70.44,3.23,5.26,9.77,0.39
Londres,LON,GB,51.5074,-0.1278,2026-02-26T11:00:00Z,2026-02-26,11:00,2,136.96,0.36,6.81,76.52,2.86,3.57,7.38,0.37
Londres,LON,GB,51.5074,-0.1278,2026-02-26T12:00:00Z,2026-02-26,12:00,2,135.76,0.43,5.92,80.42,2.7,2.92,6.55,0.34
Londres,LON,GB,51.5074,-0.1278,2026-02-26T13:00:00Z,2026-02-26,13:00,2,136.56,0.48,5.35,82.91,2.57,2.62,6.23,0.33
Londres,LON,GB,51.5074,-0.1278,2026-02-26T14:00:00Z,2026-02-26,14:00,2,137.37,0.44,5.28,83.02,2.51,2.46,5.97,0.35
Londres,LON,GB,51.5074,-0.1278,2026-02-26T15:00:00Z,2026-02-26,15:00,2,137.81,0.38,5.41,82.33,2.53,2.43,5.88,0.39
Londres,LON,GB,51.5074,-0.1278,2026-02-26T16:00:00Z,2026-02-26,16:00,2,138.21,0.2,5.96,81.83,2.64,2.49,5.91,0.44
Londres,LON,GB,51.5074,-0.1278,2026-02-26T17:00:00Z,2026-02-26,17:00,2,137.63,0.05,6.59,81.29,2.81,2.5,5.82,0.44
Londres,LON,GB,51.5074,-0.1278,2026-02-26T18:00:00Z,2026-02-26,18:00,2,137.15,0,6.83,81.22,2.95,2.47,5.77,0.45
Londres,LON,GB,51.5074,-0.1278,2026-02-26T19:00:00Z,2026-02-26,19:00,2,137.37,0,6.92,81.43,3.06,2.45,5.86,0.49
Londres,LON,GB,51.5074,-0.1278,2026-02-26T20:00:00Z,2026-02-26,20:00,2,137.17,0,6.87,81.1,3.09,2.44,5.99,0.58
Londres,LON,GB,51.5074,-0.1278,2026-02-26T21:00:00Z,2026-02-26,21:00,2,136.79,0,6.66,80.85,3.03,2.46,6.17,0.67
Londres,LON,GB,51.5074,-0.1278,2026-02-26T22:00:00Z,2026-02-26,22:00,2,136.44,0,6.13,81.42,2.82,2.51,6.32,0.7
Londres,LON,GB,51.5074,-0.1278,2026-02-26T23:00:00Z,2026-02-26,23:00,2,136.87,0,5.29,83.45,2.48,2.63,6.31,0.63
Londres,LON,GB,51.5074,-0.1278,2026-02-27T00:00:00Z,2026-02-27,00:00,2,138.14,0,4.54,85.57,2.16,2.96,6.47,0.54
Londres,LON,GB,51.5074,-0.1278,2026-02-27T01:00:00Z,2026-02-27,01:00,2,139.04,0,3.8,87.15,1.74,3.56,6.42,0.42
Londres,LON,GB,51.5074,-0.1278,2026-02-27T02:00:00Z,2026-02-27,02:00,2,139.02,0,3.54,87.23,1.56,4.26,6.66,0.32
Londres,LON,GB,51.5074,-0.1278,2026-02-27T03:00:00Z,2026-02-27,03:00,2,138.44,0,3.43,87,1.49,4.65,6.71,0.27
Londres,LON,GB,51.5074,-0.1278,2026-02-27T04:00:00Z,2026-02-27,04:00,2,137.69,0,3.39,86.62,1.42,4.62,6.15,0.23
Londres,LON,GB,51.5074,-0.1278,2026-02-27T05:00:00Z,2026-02-27,05:00,2,136.88,0,3.46,85.78,1.38,4.53,5.65,0.18
Londres,LON,GB,51.5074,-0.1278,2026-02-27T06:00:00Z,2026-02-27,06:00,2,136.71,0,3.58,84.7,1.36,4.52,5.42,0.15
Londres,LON,GB,51.5074,-0.1278,2026-02-27T07:00:00Z,2026-02-27,07:00,2,137.59,0,3.81,83.64,1.51,4.37,5.42,0.16
Londres,LON,GB,51.5074,-0.1278,2026-02-27T08:00:00Z,2026-02-27,08:00,2,138.57,0,4.26,82.1,1.71,3.89,5.09,0.2
Londres,LON,GB,51.5074,-0.1278,2026-02-27T09:00:00Z,2026-02-27,09:00,2,139,0.03,4.79,80.57,1.86,3.18,4.39,0.22
Londres,LON,GB,51.5074,-0.1278,2026-02-27T10:00:00Z,2026-02-27,10:00,2,139.34,0.13,5.36,78.64,2.05,2.62,3.83,0.26
Londres,LON,GB,51.5074,-0.1278,2026-02-27T11:00:00Z,2026-02-27,11:00,2,140.06,0.24,6.04,76.56,2.32,2.28,3.5,0.3
Londres,LON,GB,51.5074,-0.1278,2026-02-27T12:00:00Z,2026-02-27,12:00,2,140.97,0.38,6.61,74.41,2.53,2.02,3.16,0.33
Londres,LON,GB,51.5074,-0.1278,2026-02-27T13:00:00Z,2026-02-27,13:00,2,141.59,0.42,7.19,72.4,2.55,1.85,2.75,0.31
Londres,LON,GB,51.5074,-0.1278,2026-02-27T14:00:00Z,2026-02-27,14:00,2,141.45,0.47,7.8,70,2.62,1.89,2.68,0.26
Londres,LON,GB,51.5074,-0.1278,2026-02-27T15:00:00Z,2026-02-27,15:00,2,140.85,0.48,8.49,67.83,2.81,2.11,2.95,0.25
Londres,LON,GB,51.5074,-0.1278,2026-02-27T16:00:00Z,2026-02-27,16:00,2,139.34,0.34,9.48,65.67,3.11,2.4,3.4,0.26
Londres,LON,GB,51.5074,-0.1278,2026-02-27T17:00:00Z,2026-02-27,17:00,2,136.66,0.11,10.51,62.9,3.41,2.57,3.7,0.3
Londres,LON,GB,51.5074,-0.1278,2026-02-27T18:00:00Z,2026-02-27,18:00,2,133.05,0.01,10.71,60.99,3.55,2.6,3.87,0.36
Londres,LON,GB,51.5074,-0.1278,2026-02-27T19:00:00Z,2026-02-27,19:00,2,130.11,0,10.07,61.64,3.5,2.65,4.25,0.44
Londres,LON,GB,51.5074,-0.1278,2026-02-27T20:00:00Z,2026-02-27,20:00,2,130.15,0,8.51,67.46,3.23,2.67,4.78,0.53
Londres,LON,GB,51.5074,-0.1278,2026-02-27T21:00:00Z,2026-02-27,21:00,2,133.99,0,6.45,77.57,2.76,2.4,4.83,0.62
Londres,LON,GB,51.5074,-0.1278,2026-02-27T22:00:00Z,2026-02-27,22:00,2,138.44,0,3.81,90.43,1.78,1.7,3.92,0.65
Londres,LON,GB,51.5074,-0.1278,2026-02-27T23:00:00Z,2026-02-27,23:00,2,139.88,0,3.09,95.45,1.47,1.35,3.44,0.56
Londres,LON,GB,51.5074,-0.1278,2026-02-28T00:00:00Z,2026-02-28,00:00,2,137.88,0,2.96,94.51,1.36,1.27,3.33,0.43
Londres,LON,GB,51.5074,-0.1278,2026-02-28T01:00:00Z,2026-02-28,01:00,2,134.84,0,3.02,90.23,1.32,1.24,3.22,0.28
Londres,LON,GB,51.5074,-0.1278,2026-02-28T02:00:00Z,2026-02-28,02:00,2,133.18,0,3.5,84.04,1.4,1.26,3.16,0.16
Londres,LON,GB,51.5074,-0.1278,2026-02-28T03:00:00Z,2026-02-28,03:00,2,133.29,0,4.36,75.24,1.48,1.35,3.32,0.16
Londres,LON,GB,51.5074,-0.1278,2026-02-28T04:00:00Z,2026-02-28,04:00,2,136.26,0,5.52,67.13,1.56,1.47,3.18,0.21
Londres,LON,GB,51.5074,-0.1278,2026-02-28T05:00:00Z,2026-02-28,05:00,2,140.7,0,6.53,63.3,1.67,1.55,2.9,0.25
Londres,LON,GB,51.5074,-0.1278,2026-02-28T06:00:00Z,2026-02-28,06:00,1,146.76,0,7.9,58.77,1.79,1.58,2.72,0.3
Londres,LON,GB,51.5074,-0.1278,2026-02-28T07:00:00Z,2026-02-28,07:00,1,152.38,0,8.89,55.25,1.79,1.56,2.66,0.39
Londres,LON,GB,51.5074,-0.1278,2026-02-28T08:00:00Z,2026-02-28,08:00,2,151.15,0.02,7.68,63.41,1.87,1.51,2.66,0.48
Londres,LON,GB,51.5074,-0.1278,2026-02-28T09:00:00Z,2026-02-28,09:00,2,144.64,0.13,5.89,74.99,1.91,1.06,2.3,0.58
Londres,LON,GB,51.5074,-0.1278,2026-02-28T10:00:00Z,2026-02-28,10:00,2,138.99,0.41,4.64,83.09,1.95,0.91,2.38,0.63
Londres,LON,GB,51.5074,-0.1278,2026-02-28T11:00:00Z,2026-02-28,11:00,2,137.13,0.59,4.03,90.2,2.02,0.89,2.55,0.62
Londres,LON,GB,51.5074,-0.1278,2026-02-28T12:00:00Z,2026-02-28,12:00,2,136.02,0.69,3.49,96.99,2.01,0.85,2.45,0.54
Londres,LON,GB,51.5074,-0.1278,2026-02-28T13:00:00Z,2026-02-28,13:00,3,134.37,0.58,2.86,102.46,1.81,0.78,2.07,0.46
Londres,LON,GB,51.5074,-0.1278,2026-02-28T14:00:00Z,2026-02-28,14:00,3,133.14,0.42,2.32,105.78,1.56,0.75,1.72,0.42
Londres,LON,GB,51.5074,-0.1278,2026-02-28T15:00:00Z,2026-02-28,15:00,3,132.56,0.33,2.25,106.18,1.51,0.79,1.64,0.44
Londres,LON,GB,51.5074,-0.1278,2026-02-28T16:00:00Z,2026-02-28,16:00,3,132.17,0.23,2.42,106.08,1.51,0.8,1.63,0.47
Londres,LON,GB,51.5074,-0.1278,2026-02-28T17:00:00Z,2026-02-28,17:00,3,132.43,0.11,3.09,105.66,1.74,0.86,1.84,0.48
Londres,LON,GB,51.5074,-0.1278,2026-02-28T18:00:00Z,2026-02-28,18:00,3,132.88,0.01,3.56,106.05,1.97,0.94,2.16,0.43
Londres,LON,GB,51.5074,-0.1278,2026-02-28T19:00:00Z,2026-02-28,19:00,3,133.41,0,3.66,107.15,2.15,1.03,2.54,0.33
Londres,LON,GB,51.5074,-0.1278,2026-02-28T20:00:00Z,2026-02-28,20:00,3,133.34,0,3.67,107.9,2.24,1.09,2.88,0.22
Londres,LON,GB,51.5074,-0.1278,2026-02-28T21:00:00Z,2026-02-28,21:00,3,133.28,0,3.65,107.94,2.28,1.1,3,0.16
Londres,LON,GB,51.5074,-0.1278,2026-02-28T22:00:00Z,2026-02-28,22:00,3,133.53,0,3.54,107.18,2.21,1.04,2.83,0.17
Londres,LON,GB,51.5074,-0.1278,2026-02-28T23:00:00Z,2026-02-28,23:00,3,134.37,0,3.36,105.64,2.09,0.96,2.55,0.26
Londres,LON,GB,51.5074,-0.1278,2026-03-01T00:00:00Z,2026-03-01,00:00,3,135.97,0,3.21,102.57,1.94,0.92,2.28,0.46
Londres,LON,GB,51.5074,-0.1278,2026-03-02T01:00:00Z,2026-03-02,01:00,2,134.52,0,3.58,91.02,1.79,1.19,2.97,2.65
Londres,LON,GB,51.5074,-0.1278,2026-03-02T02:00:00Z,2026-03-02,02:00,2,135.48,0,3.84,89.86,1.89,1.39,3.38,2.69
Londres,LON,GB,51.5074,-0.1278,2026-03-02T03:00:00Z,2026-03-02,03:00,2,136.45,0,4.06,88.7,1.99,1.65,3.86,2.67
Londres,LON,GB,51.5074,-0.1278,2026-03-02T04:00:00Z,2026-03-02,04:00,2,137.45,0,4.3,86.84,2.13,1.88,4.24,2.61
Londres,LON,GB,51.5074,-0.1278,2026-03-02T05:00:00Z,2026-03-02,05:00,2,138.12,0,4.6,83.97,2.29,2.05,4.42,2.56
Londres,LON,GB,51.5074,-0.1278,2026-03-02T06:00:00Z,2026-03-02,06:00,2,138.69,0,4.8,81.25,2.39,2.17,4.43,2.52
Londres,LON,GB,51.5074,-0.1278,2026-03-02T07:00:00Z,2026-03-02,07:00,2,139.4,0,5,78.8,2.48,2.27,4.38,2.47
Londres,LON,GB,51.5074,-0.1278,2026-03-02T08:00:00Z,2026-03-02,08:00,2,140.61,0.1,5.51,77.09,2.64,2.4,4.37,2.43
Londres,LON,GB,51.5074,-0.1278,2026-03-02T09:00:00Z,2026-03-02,09:00,2,142.47,0.55,5.69,76.01,2.84,2.54,4.44,2.42
Londres,LON,GB,51.5074,-0.1278,2026-03-02T10:00:00Z,2026-03-02,10:00,2,144,1.01,5.75,74.75,3.04,2.75,4.63,2.44
Londres,LON,GB,51.5074,-0.1278,2026-03-02T11:00:00Z,2026-03-02,11:00,2,145.2,1.37,5.97,73.53,3.32,3.15,5.06,2.44
Londres,LON,GB,51.5074,-0.1278,2026-03-02T12:00:00Z,2026-03-02,12:00,2,145.92,1.62,6.17,72.72,3.61,3.87,5.83,2.45
Londres,LON,GB,51.5074,-0.1278,2026-03-02T13:00:00Z,2026-03-02,13:00,2,146.02,1.93,7.02,71.63,4.17,4.7,6.73,2.33
Londres,LON,GB,51.5074,-0.1278,2026-03-02T14:00:00Z,2026-03-02,14:00,2,146.62,2.32,8.51,69.88,4.9,5.35,7.44,2.13
Londres,LON,GB,51.5074,-0.1278,2026-03-02T15:00:00Z,2026-03-02,15:00,2,146.65,2.38,10.19,68.93,5.39,5.9,8.02,1.98
Londres,LON,GB,51.5074,-0.1278,2026-03-02T16:00:00Z,2026-03-02,16:00,2,147.33,2.06,12.67,67.69,5.74,6.2,8.35,1.87
Londres,LON,GB,51.5074,-0.1278,2026-03-02T17:00:00Z,2026-03-02,17:00,2,147.7,1.09,16.18,64.74,5.93,6.11,8.27,1.79
Londres,LON,GB,51.5074,-0.1278,2026-03-02T18:00:00Z,2026-03-02,18:00,2,148.07,0.1,19.01,61.22,6.04,5.97,8.13,1.76
Londres,LON,GB,51.5074,-0.1278,2026-03-02T19:00:00Z,2026-03-02,19:00,1,148.84,0,19.82,58.35,6.11,6.24,8.42,1.71
Londres,LON,GB,51.5074,-0.1278,2026-03-02T20:00:00Z,2026-03-02,20:00,1,149.81,0,20.84,54.81,6.16,6.53,8.74,1.65
Londres,LON,GB,51.5074,-0.1278,2026-03-02T21:00:00Z,2026-03-02,21:00,1,150.97,0,21.71,50.74,6.17,6.81,9.07,1.62
Londres,LON,GB,51.5074,-0.1278,2026-03-02T22:00:00Z,2026-03-02,22:00,1,152.36,0,22.05,46.93,6.02,7.06,9.35,1.57
Londres,LON,GB,51.5074,-0.1278,2026-03-02T23:00:00Z,2026-03-02,23:00,1,154.94,0,22.63,43.21,5.95,7.34,9.65,1.44
Londres,LON,GB,51.5074,-0.1278,2026-03-03T00:00:00Z,2026-03-03,00:00,1,157.7,0,23.7,39.24,6.07,7.69,10.01,1.32
Londres,LON,GB,51.5074,-0.1278,2026-03-03T01:00:00Z,2026-03-03,01:00,1,160.13,0,25.31,34.95,6.39,8.14,10.47,1.22
Londres,LON,GB,51.5074,-0.1278,2026-03-03T02:00:00Z,2026-03-03,02:00,1,162.59,0.01,27.96,30.02,7.08,8.68,11.03,1.17
Londres,LON,GB,51.5074,-0.1278,2026-03-03T03:00:00Z,2026-03-03,03:00,1,163.94,0.02,31.43,24.39,8.28,9.27,11.66,1.26
Londres,LON,GB,51.5074,-0.1278,2026-03-03T04:00:00Z,2026-03-03,04:00,1,164.72,0.06,35.26,18.31,9.43,9.78,12.23,1.46
Londres,LON,GB,51.5074,-0.1278,2026-03-03T05:00:00Z,2026-03-03,05:00,2,165.69,0.16,39.09,12.59,9.19,10.21,12.74,1.36
Londres,LON,GB,51.5074,-0.1278,2026-03-03T06:00:00Z,2026-03-03,06:00,2,166.1,0.45,41.54,8.12,8.12,10.47,13.05,1.13
Londres,LON,GB,51.5074,-0.1278,2026-03-03T07:00:00Z,2026-03-03,07:00,2,165.89,1.06,40.58,6.26,6.8,10.46,13.08,0.87
Londres,LON,GB,51.5074,-0.1278,2026-03-03T08:00:00Z,2026-03-03,08:00,2,166.96,3.52,35.14,9.09,6.1,10.61,13.41,0.71
Londres,LON,GB,51.5074,-0.1278,2026-03-03T09:00:00Z,2026-03-03,09:00,2,168.59,8.06,25.62,16.82,5.96,11.32,14.44,0.66
Londres,LON,GB,51.5074,-0.1278,2026-03-03T10:00:00Z,2026-03-03,10:00,2,169.43,8.94,19.34,25,7.32,13.69,17.4,0.63
Londres,LON,GB,51.5074,-0.1278,2026-03-03T11:00:00Z,2026-03-03,11:00,2,169.27,8.51,15.71,30.25,7.43,15,19.02,0.62
Londres,LON,GB,51.5074,-0.1278,2026-03-03T12:00:00Z,2026-03-03,12:00,2,168.35,7.57,13.65,34.68,7.26,15.6,19.75,0.6
Londres,LON,GB,51.5074,-0.1278,2026-03-03T13:00:00Z,2026-03-03,13:00,2,166.8,6.69,12.33,38.62,6.82,15.49,19.51,0.56
Londres,LON,GB,51.5074,-0.1278,2026-03-03T14:00:00Z,2026-03-03,14:00,2,166.72,5.83,11.9,41.07,6.21,14.94,18.68,0.53
Londres,LON,GB,51.5074,-0.1278,2026-03-03T15:00:00Z,2026-03-03,15:00,2,168.52,4.57,11.89,44.86,5.73,15.05,18.55,0.53
Londres,LON,GB,51.5074,-0.1278,2026-03-03T16:00:00Z,2026-03-03,16:00,2,170.33,2.95,12.43,51.23,5.42,16.1,19.57,0.57
Londres,LON,GB,51.5074,-0.1278,2026-03-03T17:00:00Z,2026-03-03,17:00,2,169.7,1.13,13.35,58.53,5.04,16.93,20.55,0.71
Londres,LON,GB,51.5074,-0.1278,2026-03-03T18:00:00Z,2026-03-03,18:00,2,167.37,0.08,13.54,63.04,4.68,17.4,21.27,0.83
Londres,LON,GB,51.5074,-0.1278,2026-03-03T19:00:00Z,2026-03-03,19:00,2,164.78,0,12.52,64.11,4.39,18.88,22.95,0.86
Londres,LON,GB,51.5074,-0.1278,2026-03-03T20:00:00Z,2026-03-03,20:00,2,164.56,0,12.78,59.92,4.32,21.6,25.9,0.7
Londres,LON,GB,51.5074,-0.1278,2026-03-03T21:00:00Z,2026-03-03,21:00,2,166.23,0,13.24,55.11,4.26,24.4,29.03,0.5
Londres,LON,GB,51.5074,-0.1278,2026-03-03T22:00:00Z,2026-03-03,22:00,3,168.65,0,12.5,53.9,4.07,25.8,30.77,0.4
Londres,LON,GB,51.5074,-0.1278,2026-03-03T23:00:00Z,2026-03-03,23:00,3,171.62,0,12.28,52.69,4.09,26.17,31.32,0.35
Londres,LON,GB,51.5074,-0.1278,2026-03-04T00:00:00Z,2026-03-04,00:00,3,174.97,0,12.39,50.9,4.16,26.26,31.55,0.33
Londres,LON,GB,51.5074,-0.1278,2026-03-05T01:00:00Z,2026-03-05,01:00,2,239.38,0,15.81,72,5.07,23.04,26.2,1.66
Londres,LON,GB,51.5074,-0.1278,2026-03-05T02:00:00Z,2026-03-05,02:00,2,234.24,0,15.63,69.73,5.02,22.25,25.35,1.59
Londres,LON,GB,51.5074,-0.1278,2026-03-05T03:00:00Z,2026-03-05,03:00,2,230.61,0,15.4,67.82,4.96,22.09,25.19,1.46
Londres,LON,GB,51.5074,-0.1278,2026-03-05T04:00:00Z,2026-03-05,04:00,2,230.22,0,15.36,66.06,4.93,22.35,25.52,1.38
Londres,LON,GB,51.5074,-0.1278,2026-03-05T05:00:00Z,2026-03-05,05:00,2,231.22,0,15.5,63.83,4.96,22.73,25.98,1.31
Londres,LON,GB,51.5074,-0.1278,2026-03-05T06:00:00Z,2026-03-05,06:00,2,232.03,0,15.61,61.45,4.98,22.85,26.14,1.27
Londres,LON,GB,51.5074,-0.1278,2026-03-05T07:00:00Z,2026-03-05,07:00,2,231.5,0,15.54,59.14,4.96,22.43,25.7,1.3
Londres,LON,GB,51.5074,-0.1278,2026-03-05T08:00:00Z,2026-03-05,08:00,2,230.2,0.35,15.71,57.78,4.98,21.57,24.8,1.35
Londres,LON,GB,51.5074,-0.1278,2026-03-05T09:00:00Z,2026-03-05,09:00,2,227.96,1.65,14.43,58.1,5.06,20.23,23.43,1.43
Londres,LON,GB,51.5074,-0.1278,2026-03-05T10:00:00Z,2026-03-05,10:00,2,225,2.82,13.01,58.79,5.11,18.93,22.18,1.46
Londres,LON,GB,51.5074,-0.1278,2026-03-05T11:00:00Z,2026-03-05,11:00,2,221.67,3.45,12.33,59.07,5.19,17.93,21.29,1.46
Londres,LON,GB,51.5074,-0.1278,2026-03-05T12:00:00Z,2026-03-05,12:00,2,216.47,3.7,12.04,59.28,5.31,17.32,20.78,1.42
Londres,LON,GB,51.5074,-0.1278,2026-03-05T13:00:00Z,2026-03-05,13:00,2,210.32,3.8,12.11,58.76,5.42,16.95,20.4,1.34
Londres,LON,GB,51.5074,-0.1278,2026-03-05T14:00:00Z,2026-03-05,14:00,2,206.79,3.84,12.64,57.38,5.41,17.02,20.34,1.28
Londres,LON,GB,51.5074,-0.1278,2026-03-05T15:00:00Z,2026-03-05,15:00,2,204.94,3.46,13.68,56.88,5.36,17.26,20.63,1.26
Londres,LON,GB,51.5074,-0.1278,2026-03-05T16:00:00Z,2026-03-05,16:00,2,204.85,2.6,15.48,57.44,5.34,17.47,21.18,1.23
Londres,LON,GB,51.5074,-0.1278,2026-03-05T17:00:00Z,2026-03-05,17:00,2,202.04,1.14,17.64,58.18,5.19,17.17,21.39,1.18
Londres,LON,GB,51.5074,-0.1278,2026-03-05T18:00:00Z,2026-03-05,18:00,2,196.09,0.1,18.33,59.99,4.96,16.14,20.96,1.2
Londres,LON,GB,51.5074,-0.1278,2026-03-05T19:00:00Z,2026-03-05,19:00,2,188.23,0,17.14,62.59,4.82,15.33,20.63,1.23
Londres,LON,GB,51.5074,-0.1278,2026-03-05T20:00:00Z,2026-03-05,20:00,2,178.25,0,17.24,61.57,5.01,14.75,20.15,1.24
Londres,LON,GB,51.5074,-0.1278,2026-03-05T21:00:00Z,2026-03-05,21:00,2,169.39,0,18.29,57.96,5.43,14.64,19.78,1.2
Londres,LON,GB,51.5074,-0.1278,2026-03-05T22:00:00Z,2026-03-05,22:00,2,165.07,0,19.31,53,5.47,14.81,19.39,1.04
Londres,LON,GB,51.5074,-0.1278,2026-03-05T23:00:00Z,2026-03-05,23:00,2,165.67,0,20.43,48.13,5.33,15.16,19.34,0.88
Londres,LON,GB,51.5074,-0.1278,2026-03-06T00:00:00Z,2026-03-06,00:00,2,167.76,0,21.97,43.69,5.48,15.67,19.73,0.83
Londres,LON,GB,51.5074,-0.1278,2026-03-06T01:00:00Z,2026-03-06,01:00,2,169.02,0,23.82,38.97,5.88,16.17,20.22,0.84
Londres,LON,GB,51.5074,-0.1278,2026-03-06T02:00:00Z,2026-03-06,02:00,2,170.94,0,26.22,34.11,6.43,16.71,20.74,0.87
Londres,LON,GB,51.5074,-0.1278,2026-03-06T03:00:00Z,2026-03-06,03:00,2,172.49,0.01,29.26,28.61,7.12,17.28,21.25,0.92
Londres,LON,GB,51.5074,-0.1278,2026-03-06T04:00:00Z,2026-03-06,04:00,2,173.39,0.03,33.15,22.72,7.89,17.93,21.83,1
Londres,LON,GB,51.5074,-0.1278,2026-03-06T05:00:00Z,2026-03-06,05:00,2,174.76,0.1,38.27,16.41,8.37,18.68,22.59,0.96
Londres,LON,GB,51.5074,-0.1278,2026-03-06T06:00:00Z,2026-03-06,06:00,2,175.94,0.4,43.78,10.21,8.8,19.5,23.46,0.93
Londres,LON,GB,51.5074,-0.1278,2026-03-06T07:00:00Z,2026-03-06,07:00,2,177.12,1.39,48.04,5.51,9.18,20.4,24.46,1.02
Londres,LON,GB,51.5074,-0.1278,2026-03-06T08:00:00Z,2026-03-06,08:00,2,180.56,3.67,50.53,3.05,9.51,21.94,26.27,1.35
Londres,LON,GB,51.5074,-0.1278,2026-03-06T09:00:00Z,2026-03-06,09:00,2,186.45,8.51,48.6,4.18,9.95,24,28.69,1.84
Londres,LON,GB,51.5074,-0.1278,2026-03-06T10:00:00Z,2026-03-06,10:00,3,192.82,11.27,44.93,5.71,10.31,26.2,30.4,1.49
Londres,LON,GB,51.5074,-0.1278,2026-03-06T11:00:00Z,2026-03-06,11:00,3,198.72,12.55,39.92,7.77,9.21,26.96,30.07,1
Londres,LON,GB,51.5074,-0.1278,2026-03-06T12:00:00Z,2026-03-06,12:00,3,204.62,12.96,34.99,9.41,8.14,26.83,29.08,0.78
Londres,LON,GB,51.5074,-0.1278,2026-03-06T13:00:00Z,2026-03-06,13:00,3,209.75,12.24,32.25,9.74,7.41,26.65,28.35,0.7
Londres,LON,GB,51.5074,-0.1278,2026-03-06T14:00:00Z,2026-03-06,14:00,3,215.04,10.94,31.63,8.76,6.98,26.52,27.86,0.68
Londres,LON,GB,51.5074,-0.1278,2026-03-06T15:00:00Z,2026-03-06,15:00,3,220.14,9.38,32.18,7.62,6.62,26.08,27.12,0.67
Londres,LON,GB,51.5074,-0.1278,2026-03-06T16:00:00Z,2026-03-06,16:00,3,223.77,7.68,32.72,8.03,6.2,25.05,25.88,0.67
Londres,LON,GB,51.5074,-0.1278,2026-03-06T17:00:00Z,2026-03-06,17:00,2,226.48,5.33,35.56,6.84,5.82,23.64,24.39,0.66
Londres,LON,GB,51.5074,-0.1278,2026-03-06T18:00:00Z,2026-03-06,18:00,2,228.44,2.45,40.33,3.66,5.53,22.15,22.95,0.64
Londres,LON,GB,51.5074,-0.1278,2026-03-06T19:00:00Z,2026-03-06,19:00,2,229.49,1.23,42.75,3.08,5.44,20.93,22,0.64
Londres,LON,GB,51.5074,-0.1278,2026-03-06T20:00:00Z,2026-03-06,20:00,2,230.95,0.96,44.1,3.37,5.62,19.97,21.42,0.63
Londres,LON,GB,51.5074,-0.1278,2026-03-06T21:00:00Z,2026-03-06,21:00,2,232.22,0.75,44.97,3.82,5.74,18.93,20.68,0.58
Londres,LON,GB,51.5074,-0.1278,2026-03-06T22:00:00Z,2026-03-06,22:00,2,230.78,0.57,44.68,4.41,5.67,17.88,19.72,0.51
Londres,LON,GB,51.5074,-0.1278,2026-03-06T23:00:00Z,2026-03-06,23:00,2,227.78,0.46,42.7,4.96,5.58,17.25,19.15,0.47
Londres,LON,GB,51.5074,-0.1278,2026-03-07T00:00:00Z,2026-03-07,00:00,2,223.26,0.36,38.94,6.22,5.39,17.51,19.45,0.45
Londres,LON,GB,51.5074,-0.1278,2026-03-07T01:00:00Z,2026-03-07,01:00,2,219.94,0.27,34.19,9.01,5.18,19.04,21.15,0.42
Londres,LON,GB,51.5074,-0.1278,2026-03-07T02:00:00Z,2026-03-07,02:00,2,218.58,0.19,29.55,13.11,4.94,21.78,24.08,0.37
Londres,LON,GB,51.5074,-0.1278,2026-03-07T03:00:00Z,2026-03-07,03:00,3,220.24,0.11,25.49,17.69,4.64,25.47,27.96,0.3
Londres,LON,GB,51.5074,-0.1278,2026-03-07T04:00:00Z,2026-03-07,04:00,3,222.57,0.06,22.08,21.94,4.35,29.08,32.01,0.27
Londres,LON,GB,51.5074,-0.1278,2026-03-07T05:00:00Z,2026-03-07,05:00,3,224.81,0.03,19.45,25.49,4.2,31.45,35.15,0.26
Londres,LON,GB,51.5074,-0.1278,2026-03-07T06:00:00Z,2026-03-07,06:00,3,224.97,0.02,17.41,28.48,4.16,32.18,36.67,0.28
Londres,LON,GB,51.5074,-0.1278,2026-03-07T07:00:00Z,2026-03-07,07:00,3,222.74,0.02,15.53,31.53,4.12,31.17,36.35,0.32
Londres,LON,GB,51.5074,-0.1278,2026-03-07T08:00:00Z,2026-03-07,08:00,3,217.74,0.08,13.76,35.03,4.04,28.82,34.52,0.34
Londres,LON,GB,51.5074,-0.1278,2026-03-07T09:00:00Z,2026-03-07,09:00,3,211.6,0.31,12.02,39.17,3.95,26.21,32.45,0.35
Londres,LON,GB,51.5074,-0.1278,2026-03-07T10:00:00Z,2026-03-07,10:00,2,205.99,0.52,10.2,44.42,3.82,24.58,31.57,0.32
Londres,LON,GB,51.5074,-0.1278,2026-03-07T11:00:00Z,2026-03-07,11:00,2,202.43,0.67,9.05,49.47,3.78,23.39,30.89,0.3
Londres,LON,GB,51.5074,-0.1278,2026-03-07T12:00:00Z,2026-03-07,12:00,2,200.01,0.77,8.57,53.34,3.81,22.04,29.54,0.29
Londres,LON,GB,51.5074,-0.1278,2026-03-07T13:00:00Z,2026-03-07,13:00,2,198.83,0.79,8.56,56.09,3.9,20.84,28.19,0.3
Londres,LON,GB,51.5074,-0.1278,2026-03-07T14:00:00Z,2026-03-07,14:00,2,199.64,0.7,8.83,57.11,3.94,19.94,27.11,0.34
Londres,LON,GB,51.5074,-0.1278,2026-03-07T15:00:00Z,2026-03-07,15:00,2,201.97,0.52,8.97,58.61,3.87,19.77,26.92,0.4
Londres,LON,GB,51.5074,-0.1278,2026-03-07T16:00:00Z,2026-03-07,16:00,2,204.48,0.44,8.68,62.26,3.72,19.98,27.02,0.44
Londres,LON,GB,51.5074,-0.1278,2026-03-07T17:00:00Z,2026-03-07,17:00,2,205.29,0.18,8.54,66.19,3.5,19.78,26.34,0.47
Londres,LON,GB,51.5074,-0.1278,2026-03-07T18:00:00Z,2026-03-07,18:00,2,204.58,0.02,8.17,69.38,3.28,18.89,24.7,0.51
Londres,LON,GB,51.5074,-0.1278,2026-03-07T19:00:00Z,2026-03-07,19:00,2,204.19,0,7.67,71.56,3.09,17.75,22.83,0.55
Londres,LON,GB,51.5074,-0.1278,2026-03-07T20:00:00Z,2026-03-07,20:00,2,204.11,0,7.46,72.41,3.01,16.78,21.4,0.55
Londres,LON,GB,51.5074,-0.1278,2026-03-07T21:00:00Z,2026-03-07,21:00,2,203.46,0,7.28,72.85,2.96,16.19,20.51,0.54
Londres,LON,GB,51.5074,-0.1278,2026-03-07T22:00:00Z,2026-03-07,22:00,2,201.26,0,7.07,72.96,2.93,15.85,20.01,0.51
Londres,LON,GB,51.5074,-0.1278,2026-03-07T23:00:00Z,2026-03-07,23:00,2,199.19,0,7.07,72.15,2.98,15.81,19.9,0.5
Londres,LON,GB,51.5074,-0.1278,2026-03-08T00:00:00Z,2026-03-08,00:00,2,197.5,0,7.1,70.78,3.04,16.04,20.08,0.49
Londres,LON,GB,51.5074,-0.1278,2026-03-08T01:00:00Z,2026-03-08,01:00,2,195.66,0,7.23,70.23,3.15,16.42,20.55,0.44
Londres,LON,GB,51.5074,-0.1278,2026-03-08T02:00:00Z,2026-03-08,02:00,2,195.57,0,7.68,68.97,3.37,17.12,21.38,0.34
Londres,LON,GB,51.5074,-0.1278,2026-03-08T03:00:00Z,2026-03-08,03:00,2,196.61,0,8.08,67.54,3.6,18.07,22.32,0.24
Londres,LON,GB,51.5074,-0.1278,2026-03-08T04:00:00Z,2026-03-08,04:00,2,198.03,0,8.32,65.78,3.76,18.77,23.06,0.16
Londres,LON,GB,51.5074,-0.1278,2026-03-08T05:00:00Z,2026-03-08,05:00,2,200.39,0,8.37,64.51,3.82,18.78,23.14,0.1
Londres,LON,GB,51.5074,-0.1278,2026-03-08T06:00:00Z,2026-03-08,06:00,2,204.84,0,8.29,63.44,3.82,18.84,23.5,0.05
Londres,LON,GB,51.5074,-0.1278,2026-03-08T07:00:00Z,2026-03-08,07:00,2,213.43,0,7.75,62.73,3.63,20.27,26.08,0.02
Londres,LON,GB,51.5074,-0.1278,2026-03-08T08:00:00Z,2026-03-08,08:00,2,222.16,0.02,8.05,59.76,3.53,21.23,27.43,0.01
Londres,LON,GB,51.5074,-0.1278,2026-03-08T09:00:00Z,2026-03-08,09:00,2,228.81,0.12,8.79,56.18,3.47,21.79,28.17,0.01
Londres,LON,GB,51.5074,-0.1278,2026-03-08T10:00:00Z,2026-03-08,10:00,2,236.51,0.33,9.49,53.16,3.46,22.78,29.54,0.02
Londres,LON,GB,51.5074,-0.1278,2026-03-08T11:00:00Z,2026-03-08,11:00,2,245.28,0.62,10.25,51.22,3.64,24.79,31.98,0.03
Londres,LON,GB,51.5074,-0.1278,2026-03-08T12:00:00Z,2026-03-08,12:00,3,255.17,0.86,10.79,51.39,3.87,27.68,35.45,0.04
Londres,LON,GB,51.5074,-0.1278,2026-03-08T13:00:00Z,2026-03-08,13:00,3,265.25,1.07,11.75,51.89,4.33,31.35,39.74,0.05
Londres,LON,GB,51.5074,-0.1278,2026-03-08T14:00:00Z,2026-03-08,14:00,3,272.5,1.13,13.39,51.3,4.92,35.02,44,0.06
Londres,LON,GB,51.5074,-0.1278,2026-03-08T15:00:00Z,2026-03-08,15:00,3,277.86,0.96,14.9,50.79,5.34,37.84,47.46,0.06
Londres,LON,GB,51.5074,-0.1278,2026-03-08T16:00:00Z,2026-03-08,16:00,3,281.01,0.48,16.54,50.25,5.72,39.55,49.76,0.06
Londres,LON,GB,51.5074,-0.1278,2026-03-08T17:00:00Z,2026-03-08,17:00,3,283.27,0.12,17.3,50.85,5.88,40.65,51.06,0.04
Londres,LON,GB,51.5074,-0.1278,2026-03-08T18:00:00Z,2026-03-08,18:00,3,285.35,0.01,16.31,54.54,5.78,42.16,53.15,0.03
Londres,LON,GB,51.5074,-0.1278,2026-03-08T19:00:00Z,2026-03-08,19:00,3,287.69,0,14.19,60.84,5.43,44.21,55.83,0.02
Londres,LON,GB,51.5074,-0.1278,2026-03-08T20:00:00Z,2026-03-08,20:00,3,288.98,0,14.86,59.98,5.65,46.3,57.81,0.03
Londres,LON,GB,51.5074,-0.1278,2026-03-08T21:00:00Z,2026-03-08,21:00,3,290.27,0,16.16,56.74,5.95,48.17,59.48,0.03
Londres,LON,GB,51.5074,-0.1278,2026-03-08T22:00:00Z,2026-03-08,22:00,3,293.49,0,18.36,51.21,6.22,49.8,60.3,0.05
Londres,LON,GB,51.5074,-0.1278,2026-03-08T23:00:00Z,2026-03-08,23:00,4,296.39,0,21.3,43.92,6.45,50.73,60.23,0.07
Londres,LON,GB,51.5074,-0.1278,2026-03-09T00:00:00Z,2026-03-09,00:00,4,299.28,0,24.19,37.11,6.64,51.51,59.91,0.09
Londres,LON,GB,51.5074,-0.1278,2026-03-09T01:00:00Z,2026-03-09,01:00,4,302.9,0.01,26.96,31.06,6.72,52.04,59.21,0.12
Londres,LON,GB,51.5074,-0.1278,2026-03-09T02:00:00Z,2026-03-09,02:00,4,303.86,0.02,28.61,26.49,6.61,52.04,58.21,0.18
Londres,LON,GB,51.5074,-0.1278,2026-03-09T03:00:00Z,2026-03-09,03:00,4,302.57,0.03,28.94,23.69,6.53,51.87,57.39,0.24
Londres,LON,GB,51.5074,-0.1278,2026-03-09T04:00:00Z,2026-03-09,04:00,4,298.05,0.04,28.75,21.33,6.5,51.33,56.25,0.28
Londres,LON,GB,51.5074,-0.1278,2026-03-09T05:00:00Z,2026-03-09,05:00,3,292.93,0.08,29.69,17.16,6.68,49.4,53.51,0.35
Londres,LON,GB,51.5074,-0.1278,2026-03-09T06:00:00Z,2026-03-09,06:00,3,284.04,0.16,31.02,13.33,7.12,45.63,48.89,0.44
Londres,LON,GB,51.5074,-0.1278,2026-03-09T07:00:00Z,2026-03-09,07:00,3,271.24,0.3,32.36,10.4,7.45,38.7,41.15,0.55
Londres,LON,GB,51.5074,-0.1278,2026-03-09T08:00:00Z,2026-03-09,08:00,3,255.46,1.41,32.7,9.69,7.92,30.62,32.48,0.68
Londres,LON,GB,51.5074,-0.1278,2026-03-09T09:00:00Z,2026-03-09,09:00,2,236.45,4.22,30.17,12.74,8.59,23.34,24.77,0.83
Londres,LON,GB,51.5074,-0.1278,2026-03-09T10:00:00Z,2026-03-09,10:00,2,216.47,6.38,27.04,16.32,9.25,17.52,18.69,1.02
Londres,LON,GB,51.5074,-0.1278,2026-03-09T11:00:00Z,2026-03-09,11:00,2,201.82,8.02,24.17,19.59,10.03,14.04,15.11,1.2
Londres,LON,GB,51.5074,-0.1278,2026-03-09T12:00:00Z,2026-03-09,12:00,2,192.08,8.9,22.94,21.83,11,12.12,13.15,1.38
Londres,LON,GB,51.5074,-0.1278,2026-03-09T13:00:00Z,2026-03-09,13:00,2,181.36,6.13,23.85,24.89,11.43,10.94,11.93,1.53
Londres,LON,GB,51.5074,-0.1278,2026-03-09T14:00:00Z,2026-03-09,14:00,1,172.49,4.37,22.76,29.7,10.87,9.85,10.82,1.68
Londres,LON,GB,51.5074,-0.1278,2026-03-09T15:00:00Z,2026-03-09,15:00,1,166.09,2.67,22.04,35.19,10.02,8.66,9.59,1.7
Londres,LON,GB,51.5074,-0.1278,2026-03-09T16:00:00Z,2026-03-09,16:00,1,160.5,1.2,18.58,48.65,8.28,7.11,7.86,1.54
Londres,LON,GB,51.5074,-0.1278,2026-03-09T17:00:00Z,2026-03-09,17:00,1,157.97,0.5,17.8,56.03,7.67,5.82,6.43,1.3
Londres,LON,GB,51.5074,-0.1278,2026-03-09T18:00:00Z,2026-03-09,18:00,2,156.95,0.07,17.25,60.02,7.21,5.05,5.59,1.1
Londres,LON,GB,51.5074,-0.1278,2026-03-09T19:00:00Z,2026-03-09,19:00,2,156.36,0,16.36,62.67,6.74,4.87,5.34,0.93
Londres,LON,GB,51.5074,-0.1278,2026-03-09T20:00:00Z,2026-03-09,20:00,2,157.34,0,16.62,62.12,6.72,5.33,5.81,0.79
Londres,LON,GB,51.5074,-0.1278,2026-03-09T21:00:00Z,2026-03-09,21:00,1,159.64,0,17.34,59.68,6.87,6.25,6.77,0.66
Londres,LON,GB,51.5074,-0.1278,2026-03-09T22:00:00Z,2026-03-09,22:00,1,162.48,0,17.34,57.88,6.88,7.25,7.81,0.56
Londres,LON,GB,51.5074,-0.1278,2026-03-09T23:00:00Z,2026-03-09,23:00,1,165.31,0,17.13,57.2,6.78,8.27,8.86,0.46
Londres,LON,GB,51.5074,-0.1278,2026-03-10T00:00:00Z,2026-03-10,00:00,1,166.63,0,16.22,58.37,6.51,8.96,9.58,0.35
Londres,LON,GB,51.5074,-0.1278,2026-03-10T01:00:00Z,2026-03-10,01:00,1,166.98,0,17.55,56.91,6.9,9.86,10.59,0.25
Londres,LON,GB,51.5074,-0.1278,2026-03-10T02:00:00Z,2026-03-10,02:00,2,167.1,0,20.94,53.11,7.76,10.71,11.6,0.22
Londres,LON,GB,51.5074,-0.1278,2026-03-10T03:00:00Z,2026-03-10,03:00,2,165.91,0,23.16,51.16,8.25,11.18,12.18,0.18
Londres,LON,GB,51.5074,-0.1278,2026-03-10T04:00:00Z,2026-03-10,04:00,2,164.57,0,24.47,50.67,8.59,11.02,12.1,0.19
Londres,LON,GB,51.5074,-0.1278,2026-03-10T05:00:00Z,2026-03-10,05:00,2,161.58,0,24.6,51.8,8.75,10.2,11.35,0.24
Londres,LON,GB,51.5074,-0.1278,2026-03-10T06:00:00Z,2026-03-10,06:00,1,156.9,0,22.61,55.5,8.47,8.81,10.01,0.3
Londres,LON,GB,51.5074,-0.1278,2026-03-10T07:00:00Z,2026-03-10,07:00,2,149.43,0,16.03,65.17,6.91,6.44,7.63,0.36
Londres,LON,GB,51.5074,-0.1278,2026-03-10T08:00:00Z,2026-03-10,08:00,2,145.26,0.04,14.75,68.41,6.37,5.35,6.52,0.43
Londres,LON,GB,51.5074,-0.1278,2026-03-10T09:00:00Z,2026-03-10,09:00,2,142.6,0.17,14.56,70.54,6.16,4.55,5.75,0.55
Londres,LON,GB,51.5074,-0.1278,2026-03-10T10:00:00Z,2026-03-10,10:00,2,140.75,0.36,13.3,74.17,5.77,3.8,5.06,0.67
Londres,LON,GB,51.5074,-0.1278,2026-03-10T11:00:00Z,2026-03-10,11:00,2,139.24,0.5,11.68,78.52,5.45,3.13,4.49,0.75
Londres,LON,GB,51.5074,-0.1278,2026-03-10T12:00:00Z,2026-03-10,12:00,2,137.73,0.58,10.06,83.02,5.07,2.49,3.98,0.76
Londres,LON,GB,51.5074,-0.1278,2026-03-10T13:00:00Z,2026-03-10,13:00,2,136.17,0.99,8.08,87.58,4.67,2.01,3.64,0.68
Londres,LON,GB,51.5074,-0.1278,2026-03-10T14:00:00Z,2026-03-10,14:00,2,135.02,0.93,7.4,89.76,4.39,1.94,3.69,0.51
Londres,LON,GB,51.5074,-0.1278,2026-03-10T15:00:00Z,2026-03-10,15:00,2,134.16,0.84,7.26,90.65,4.19,1.98,3.84,0.38
Londres,LON,GB,51.5074,-0.1278,2026-03-10T16:00:00Z,2026-03-10,16:00,2,133.74,0.55,7.28,90.71,3.88,2.01,3.88,0.36
Londres,LON,GB,51.5074,-0.1278,2026-03-10T17:00:00Z,2026-03-10,17:00,2,132.53,0.17,6.99,89.87,3.34,1.95,3.61,0.5
Londres,LON,GB,51.5074,-0.1278,2026-03-10T18:00:00Z,2026-03-10,18:00,2,131.05,0.02,5.65,89.99,2.62,1.65,2.87,0.78
Londres,LON,GB,51.5074,-0.1278,2026-03-10T19:00:00Z,2026-03-10,19:00,2,130.63,0,3.98,93.09,1.85,1.11,1.83,0.96
Londres,LON,GB,51.5074,-0.1278,2026-03-10T20:00:00Z,2026-03-10,20:00,2,131.53,0,3.31,95.08,1.52,0.73,1.24,1.02
Londres,LON,GB,51.5074,-0.1278,2026-03-10T21:00:00Z,2026-03-10,21:00,2,133.26,0,3.12,94.75,1.46,0.64,1.21,1.09
Londres,LON,GB,51.5074,-0.1278,2026-03-10T22:00:00Z,2026-03-10,22:00,2,136.18,0,3.11,92.71,1.41,0.78,1.36,0.94
Londres,LON,GB,51.5074,-0.1278,2026-03-10T23:00:00Z,2026-03-10,23:00,2,138.5,0,3.21,90.31,1.32,1.05,1.62,0.66
Londres,LON,GB,51.5074,-0.1278,2026-03-11T00:00:00Z,2026-03-11,00:00,2,139.33,0,3.23,89.59,1.26,1.26,1.87,0.46
Londres,LON,GB,51.5074,-0.1278,2026-03-11T01:00:00Z,2026-03-11,01:00,2,137.92,0,3.19,90.64,1.22,1.27,1.91,0.33
Londres,LON,GB,51.5074,-0.1278,2026-03-11T02:00:00Z,2026-03-11,02:00,2,135.49,0,3.27,91.7,1.23,1.19,1.86,0.26
Londres,LON,GB,51.5074,-0.1278,2026-03-11T03:00:00Z,2026-03-11,03:00,2,132.79,0,3.45,91.49,1.27,1.16,1.88,0.22
Londres,LON,GB,51.5074,-0.1278,2026-03-11T04:00:00Z,2026-03-11,04:00,2,131.13,0,3.82,90.31,1.36,1.32,2.11,0.2
Londres,LON,GB,51.5074,-0.1278,2026-03-11T05:00:00Z,2026-03-11,05:00,2,128.73,0,4.25,89.45,1.53,1.88,2.78,0.16
Londres,LON,GB,51.5074,-0.1278,2026-03-11T06:00:00Z,2026-03-11,06:00,2,126.98,0,4.18,91.04,1.64,3.18,4.48,0.16
Londres,LON,GB,51.5074,-0.1278,2026-03-11T07:00:00Z,2026-03-11,07:00,2,130.35,0,3.3,89.86,1.54,4.37,6.91,0.26
Londres,LON,GB,51.5074,-0.1278,2026-03-11T08:00:00Z,2026-03-11,08:00,2,140.36,0.04,2.58,84.45,1.37,3.54,7.26,0.34
Londres,LON,GB,51.5074,-0.1278,2026-03-11T09:00:00Z,2026-03-11,09:00,2,150.12,0.16,2.1,82.7,1.23,2.22,5.64,0.36
Londres,LON,GB,51.5074,-0.1278,2026-03-11T10:00:00Z,2026-03-11,10:00,2,152.78,0.25,1.83,85.71,1.18,1.46,4.03,0.39
Londres,LON,GB,51.5074,-0.1278,2026-03-11T11:00:00Z,2026-03-11,11:00,2,149.42,0.35,1.9,91.17,1.33,1.13,3.18,0.45
Londres,LON,GB,51.5074,-0.1278,2026-03-11T12:00:00Z,2026-03-11,12:00,2,143.44,0.4,1.97,96.18,1.47,0.99,2.7,0.52
Londres,LON,GB,51.5074,-0.1278,2026-03-11T13:00:00Z,2026-03-11,13:00,3,137.44,0.41,1.96,100.57,1.52,0.94,2.46,0.57
Londres,LON,GB,51.5074,-0.1278,2026-03-11T14:00:00Z,2026-03-11,14:00,3,133.51,0.36,1.9,104.57,1.47,0.94,2.49,0.6
Londres,LON,GB,51.5074,-0.1278,2026-03-11T15:00:00Z,2026-03-11,15:00,3,131.26,0.3,1.88,107.53,1.41,0.98,2.73,0.64
Londres,LON,GB,51.5074,-0.1278,2026-03-11T16:00:00Z,2026-03-11,16:00,3,130.53,0.23,1.97,109.8,1.39,1.02,2.98,0.7
Londres,LON,GB,51.5074,-0.1278,2026-03-11T17:00:00Z,2026-03-11,17:00,3,130.97,0.13,2.25,111.22,1.41,1.02,3.02,0.79
Londres,LON,GB,51.5074,-0.1278,2026-03-11T18:00:00Z,2026-03-11,18:00,3,131.59,0.02,2.46,111.27,1.4,0.98,2.95,0.87
Londres,LON,GB,51.5074,-0.1278,2026-03-11T19:00:00Z,2026-03-11,19:00,3,131.89,0,2.39,110.4,1.38,0.95,2.91,0.92
Londres,LON,GB,51.5074,-0.1278,2026-03-11T20:00:00Z,2026-03-11,20:00,3,132.53,0,2.46,109.01,1.41,0.95,3.06,0.93
Londres,LON,GB,51.5074,-0.1278,2026-03-11T21:00:00Z,2026-03-11,21:00,3,133.16,0,2.58,107.45,1.46,1.01,3.42,0.87
Londres,LON,GB,51.5074,-0.1278,2026-03-11T22:00:00Z,2026-03-11,22:00,3,132.96,0,2.68,105.83,1.49,1.09,3.83,0.74
Londres,LON,GB,51.5074,-0.1278,2026-03-11T23:00:00Z,2026-03-11,23:00,3,133.07,0,2.78,104.15,1.5,1.13,4.08,0.6
Londres,LON,GB,51.5074,-0.1278,2026-03-12T00:00:00Z,2026-03-12,00:00,3,133.08,0,2.76,102.46,1.49,1.05,3.87,0.44
Londres,LON,GB,51.5074,-0.1278,2026-03-12T01:00:00Z,2026-03-12,01:00,3,133.44,0,2.62,102.53,1.48,0.87,3.26,0.25
Londres,LON,GB,51.5074,-0.1278,2026-03-12T02:00:00Z,2026-03-12,02:00,3,132.91,0,2.52,104.74,1.5,0.73,2.81,0.13
Londres,LON,GB,51.5074,-0.1278,2026-03-12T03:00:00Z,2026-03-12,03:00,3,132.11,0,2.5,106.55,1.52,0.7,2.8,0.11
Londres,LON,GB,51.5074,-0.1278,2026-03-12T04:00:00Z,2026-03-12,04:00,3,131.89,0,2.54,107.09,1.56,0.78,3.12,0.18
Londres,LON,GB,51.5074,-0.1278,2026-03-12T05:00:00Z,2026-03-12,05:00,3,132.44,0,2.57,106.76,1.58,0.9,3.6,0.31
Londres,LON,GB,51.5074,-0.1278,2026-03-12T06:00:00Z,2026-03-12,06:00,3,132.62,0,2.53,106.75,1.55,1.03,4.08,0.41
Londres,LON,GB,51.5074,-0.1278,2026-03-12T07:00:00Z,2026-03-12,07:00,3,132.79,0,2.49,106.65,1.51,1.14,4.45,0.49
Londres,LON,GB,51.5074,-0.1278,2026-03-12T08:00:00Z,2026-03-12,08:00,3,132.66,0.03,2.64,106.47,1.49,1.26,4.86,0.57
Londres,LON,GB,51.5074,-0.1278,2026-03-12T09:00:00Z,2026-03-12,09:00,3,133,0.12,2.62,106.28,1.5,1.41,5.4,0.65
Londres,LON,GB,51.5074,-0.1278,2026-03-12T10:00:00Z,2026-03-12,10:00,3,133.45,0.15,2.57,105.95,1.51,1.58,6.13,0.73
Londres,LON,GB,51.5074,-0.1278,2026-03-12T11:00:00Z,2026-03-12,11:00,3,134.76,0.17,2.59,105.24,1.57,1.85,7.16,0.79
Londres,LON,GB,51.5074,-0.1278,2026-03-12T12:00:00Z,2026-03-12,12:00,3,136.25,0.18,2.65,104.28,1.64,2.18,8.32,0.86
Londres,LON,GB,51.5074,-0.1278,2026-03-12T13:00:00Z,2026-03-12,13:00,3,138.35,0.17,2.72,103.3,1.68,2.56,9.53,0.95
Londres,LON,GB,51.5074,-0.1278,2026-03-12T14:00:00Z,2026-03-12,14:00,3,139.19,0.15,2.76,101.97,1.68,2.72,9.9,1.02
Londres,LON,GB,51.5074,-0.1278,2026-03-12T15:00:00Z,2026-03-12,15:00,3,138.71,0.11,2.82,101.29,1.65,2.62,9.32,1.08
Londres,LON,GB,51.5074,-0.1278,2026-03-12T16:00:00Z,2026-03-12,16:00,3,138.23,0.05,2.95,102.09,1.56,2.33,7.32,1.08
Londres,LON,GB,51.5074,-0.1278,2026-03-12T17:00:00Z,2026-03-12,17:00,3,136.63,0.02,2.99,102.16,1.48,2.14,6.17,1.07
Londres,LON,GB,51.5074,-0.1278,2026-03-12T18:00:00Z,2026-03-12,18:00,3,135.31,0,2.93,102.24,1.43,2.09,5.84,1.05
Londres,LON,GB,51.5074,-0.1278,2026-03-12T19:00:00Z,2026-03-12,19:00,3,134.77,0,2.85,102.58,1.43,2.26,6.34,1.06
Londres,LON,GB,51.5074,-0.1278,2026-03-12T20:00:00Z,2026-03-12,20:00,3,134.19,0,2.77,102.79,1.39,2.45,6.45,0.99
Londres,LON,GB,51.5074,-0.1278,2026-03-12T21:00:00Z,2026-03-12,21:00,3,132.4,0,2.7,102.14,1.33,2.51,6.05,0.86
Londres,LON,GB,51.5074,-0.1278,2026-03-12T22:00:00Z,2026-03-12,22:00,2,129.5,0,2.62,99.98,1.24,2.42,5.12,0.65
Londres,LON,GB,51.5074,-0.1278,2026-03-12T23:00:00Z,2026-03-12,23:00,2,126.13,0,2.6,96.01,1.18,2.24,4.33,0.47
Londres,LON,GB,51.5074,-0.1278,2026-03-13T00:00:00Z,2026-03-13,00:00,2,122.69,0,2.56,91.34,1.15,2.01,3.87,0.38
Londres,LON,GB,51.5074,-0.1278,2026-03-13T01:00:00Z,2026-03-13,01:00,2,120.61,0,2.52,87.44,1.1,1.72,3.04,0.27
Londres,LON,GB,51.5074,-0.1278,2026-03-13T02:00:00Z,2026-03-13,02:00,2,118.61,0,2.57,84.08,1.05,1.55,2.58,0.16
Londres,LON,GB,51.5074,-0.1278,2026-03-13T03:00:00Z,2026-03-13,03:00,2,117.72,0,2.63,82.22,1.03,1.5,2.42,0.11
Londres,LON,GB,51.5074,-0.1278,2026-03-13T04:00:00Z,2026-03-13,04:00,2,123.13,0,2.52,84.46,0.98,1.33,2.25,0.09
Londres,LON,GB,51.5074,-0.1278,2026-03-13T05:00:00Z,2026-03-13,05:00,2,131.12,0,2.27,91.72,0.95,1.21,2.07,0.1
Londres,LON,GB,51.5074,-0.1278,2026-03-13T06:00:00Z,2026-03-13,06:00,3,134.34,0,1.97,101.16,0.91,1.07,1.79,0.13
Londres,LON,GB,51.5074,-0.1278,2026-03-13T07:00:00Z,2026-03-13,07:00,3,132.55,0,1.71,106.85,0.9,0.87,1.68,0.17
Londres,LON,GB,51.5074,-0.1278,2026-03-13T08:00:00Z,2026-03-13,08:00,3,132.33,0,1.65,108.57,0.91,0.74,1.84,0.2
Londres,LON,GB,51.5074,-0.1278,2026-03-13T09:00:00Z,2026-03-13,09:00,3,133.24,0.02,1.61,108.3,0.89,0.64,1.97,0.21
Londres,LON,GB,51.5074,-0.1278,2026-03-13T10:00:00Z,2026-03-13,10:00,3,133.74,0.05,1.54,108.26,0.86,0.52,1.73,0.2
Londres,LON,GB,51.5074,-0.1278,2026-03-13T11:00:00Z,2026-03-13,11:00,3,133.95,0.08,1.47,108.99,0.82,0.5,1.34,0.17
Londres,LON,GB,51.5074,-0.1278,2026-03-13T12:00:00Z,2026-03-13,12:00,3,133.97,0.1,1.42,109.64,0.8,0.5,1.12,0.14
Londres,LON,GB,51.5074,-0.1278,2026-03-13T13:00:00Z,2026-03-13,13:00,3,134.29,0.09,1.4,110.4,0.79,0.5,0.92,0.11
Londres,LON,GB,51.5074,-0.1278,2026-03-13T14:00:00Z,2026-03-13,14:00,3,134.55,0.08,1.44,111.02,0.78,0.5,0.8,0.09
Londres,LON,GB,51.5074,-0.1278,2026-03-13T15:00:00Z,2026-03-13,15:00,3,134.9,0.06,1.5,111.63,0.78,0.5,0.73,0.08
Londres,LON,GB,51.5074,-0.1278,2026-03-13T16:00:00Z,2026-03-13,16:00,3,134.43,0.03,1.55,112.19,0.78,0.5,0.69,0.08
Londres,LON,GB,51.5074,-0.1278,2026-03-13T17:00:00Z,2026-03-13,17:00,3,133.81,0.01,1.58,112.62,0.77,0.5,0.64,0.1
Londres,LON,GB,51.5074,-0.1278,2026-03-13T18:00:00Z,2026-03-13,18:00,3,133.37,0,1.56,112.48,0.77,0.5,0.58,0.12
Londres,LON,GB,51.5074,-0.1278,2026-03-13T19:00:00Z,2026-03-13,19:00,3,133.27,0,1.56,111.76,0.79,0.5,0.54,0.15
Londres,LON,GB,51.5074,-0.1278,2026-03-13T20:00:00Z,2026-03-13,20:00,3,133.22,0,1.61,109.64,0.82,0.5,0.51,0.2
Londres,LON,GB,51.5074,-0.1278,2026-03-13T21:00:00Z,2026-03-13,21:00,3,133.08,0,1.72,106.65,0.88,0.5,0.5,0.27
Londres,LON,GB,51.5074,-0.1278,2026-03-13T22:00:00Z,2026-03-13,22:00,3,133.25,0,1.78,104.23,0.91,0.5,0.5,0.32
Londres,LON,GB,51.5074,-0.1278,2026-03-13T23:00:00Z,2026-03-13,23:00,3,133.53,0,1.75,103.67,0.9,0.5,0.5,0.31
Londres,LON,GB,51.5074,-0.1278,2026-03-14T00:00:00Z,2026-03-14,00:00,3,134.01,0,1.7,104.62,0.88,0.5,0.5,0.28
Londres,LON,GB,51.5074,-0.1278,2026-03-14T01:00:00Z,2026-03-14,01:00,3,134.55,0,1.64,104.92,0.85,0.5,0.5,0.24
Londres,LON,GB,51.5074,-0.1278,2026-03-14T02:00:00Z,2026-03-14,02:00,3,135.44,0,1.73,103.52,0.85,0.5,0.5,0.22
Londres,LON,GB,51.5074,-0.1278,2026-03-14T03:00:00Z,2026-03-14,03:00,2,136.23,0,1.89,99.95,0.89,0.5,0.5,0.24
Londres,LON,GB,51.5074,-0.1278,2026-03-14T04:00:00Z,2026-03-14,04:00,2,136.75,0,2.16,95.89,1,0.5,0.5,0.29
Londres,LON,GB,51.5074,-0.1278,2026-03-14T05:00:00Z,2026-03-14,05:00,2,137.91,0,2.49,93.31,1.11,0.5,0.5,0.36
Londres,LON,GB,51.5074,-0.1278,2026-03-14T06:00:00Z,2026-03-14,06:00,2,139.45,0,2.76,92.1,1.21,0.5,0.5,0.44
Londres,LON,GB,51.5074,-0.1278,2026-03-14T07:00:00Z,2026-03-14,07:00,2,140.65,0,3.56,89.71,1.58,0.52,0.67,0.57
Londres,LON,GB,51.5074,-0.1278,2026-03-14T08:00:00Z,2026-03-14,08:00,2,142.33,0.15,4.87,87.27,2.12,0.71,0.93,0.73
Londres,LON,GB,51.5074,-0.1278,2026-03-14T09:00:00Z,2026-03-14,09:00,2,143.17,0.62,5.2,86.28,2.51,0.79,1.13,0.85
Londres,LON,GB,51.5074,-0.1278,2026-03-14T10:00:00Z,2026-03-14,10:00,2,143.34,1.18,5.65,84.57,3.12,0.94,1.5,0.97
Londres,LON,GB,51.5074,-0.1278,2026-03-14T11:00:00Z,2026-03-14,11:00,2,144.15,1.7,6.43,82.32,3.85,1.44,2.12,1.08
Londres,LON,GB,51.5074,-0.1278,2026-03-14T12:00:00Z,2026-03-14,12:00,2,144.2,1.94,6.66,81.92,4.19,1.76,2.5,1.14
Londres,LON,GB,51.5074,-0.1278,2026-03-14T13:00:00Z,2026-03-14,13:00,2,142.38,1.71,6,85.86,3.94,1.87,2.57,1.03
Londres,LON,GB,51.5074,-0.1278,2026-03-14T14:00:00Z,2026-03-14,14:00,2,138.86,1.2,4.79,91.72,3.24,1.39,1.95,0.88
Londres,LON,GB,51.5074,-0.1278,2026-03-14T15:00:00Z,2026-03-14,15:00,2,136.57,0.8,3.93,96.44,2.68,0.92,1.4,0.8
Londres,LON,GB,51.5074,-0.1278,2026-03-14T16:00:00Z,2026-03-14,16:00,3,135.37,0.45,3.17,100.56,2.1,0.7,1.11,0.74
Londres,LON,GB,51.5074,-0.1278,2026-03-14T17:00:00Z,2026-03-14,17:00,3,134.6,0.2,2.97,102.38,1.81,0.65,1.03,0.72
Londres,LON,GB,51.5074,-0.1278,2026-03-14T18:00:00Z,2026-03-14,18:00,3,134.2,0.03,2.95,103,1.65,0.62,1,0.73
Londres,LON,GB,51.5074,-0.1278,2026-03-14T19:00:00Z,2026-03-14,19:00,3,134.12,0,2.71,103.33,1.54,0.59,0.98,0.76
Londres,LON,GB,51.5074,-0.1278,2026-03-14T20:00:00Z,2026-03-14,20:00,3,134.08,0,2.64,103.14,1.53,0.58,0.98,0.81
Londres,LON,GB,51.5074,-0.1278,2026-03-14T21:00:00Z,2026-03-14,21:00,3,134.32,0,2.86,102.3,1.63,0.6,1.02,0.93
Londres,LON,GB,51.5074,-0.1278,2026-03-14T22:00:00Z,2026-03-14,22:00,2,134.81,0,4.3,98.85,2.31,0.7,1.18,1.09
Londres,LON,GB,51.5074,-0.1278,2026-03-14T23:00:00Z,2026-03-14,23:00,2,136.11,0,6.16,94.48,3.06,0.89,1.43,1.26
Londres,LON,GB,51.5074,-0.1278,2026-03-15T00:00:00Z,2026-03-15,00:00,2,137.61,0,7.62,90.41,3.57,1.36,1.94,1.32
Londres,LON,GB,51.5074,-0.1278,2026-03-15T01:00:00Z,2026-03-15,01:00,2,138.3,0,8.57,87.11,3.96,1.75,2.36,1.31
Londres,LON,GB,51.5074,-0.1278,2026-03-15T02:00:00Z,2026-03-15,02:00,2,138.76,0,8.73,86.6,4.22,1.86,2.45,1.23
Londres,LON,GB,51.5074,-0.1278,2026-03-15T03:00:00Z,2026-03-15,03:00,2,138.75,0,8.47,87.46,4.42,1.82,2.36,1.12
Londres,LON,GB,51.5074,-0.1278,2026-03-15T04:00:00Z,2026-03-15,04:00,2,138.09,0,7.93,88.35,4.47,1.61,2.08,1.01
Londres,LON,GB,51.5074,-0.1278,2026-03-15T05:00:00Z,2026-03-15,05:00,2,136.96,0,6.65,90.55,4.11,0.99,1.37,0.95
Londres,LON,GB,51.5074,-0.1278,2026-03-15T06:00:00Z,2026-03-15,06:00,2,135.46,0,5.32,92.42,3.56,0.65,0.93,0.85
Londres,LON,GB,51.5074,-0.1278,2026-03-15T07:00:00Z,2026-03-15,07:00,2,134.36,0,3.52,94.79,2.27,0.5,0.65,0.75
Londres,LON,GB,51.5074,-0.1278,2026-03-15T08:00:00Z,2026-03-15,08:00,2,134.12,0.04,3.76,93.63,2.14,0.5,0.63,0.64
Londres,LON,GB,51.5074,-0.1278,2026-03-15T09:00:00Z,2026-03-15,09:00,2,134.26,0.2,3.98,92.79,2.2,0.5,0.72,0.57
Londres,LON,GB,51.5074,-0.1278,2026-03-15T10:00:00Z,2026-03-15,10:00,2,135.21,0.36,3.89,93.7,2.22,0.5,0.87,0.55
Londres,LON,GB,51.5074,-0.1278,2026-03-15T11:00:00Z,2026-03-15,11:00,2,135.67,0.41,3.57,95.64,2.16,0.52,1.1,0.55
Londres,LON,GB,51.5074,-0.1278,2026-03-15T12:00:00Z,2026-03-15,12:00,2,135.94,0.39,3.23,97.73,2.09,0.64,1.44,0.53
Londres,LON,GB,51.5074,-0.1278,2026-03-15T13:00:00Z,2026-03-15,13:00,2,135.92,0.31,3.24,98.53,2.1,0.85,2.05,0.5
Londres,LON,GB,51.5074,-0.1278,2026-03-15T14:00:00Z,2026-03-15,14:00,2,135.99,0.27,3.55,97.56,2.22,1.14,2.95,0.52
Londres,LON,GB,51.5074,-0.1278,2026-03-15T15:00:00Z,2026-03-15,15:00,2,136.33,0.21,3.86,96.11,2.28,1.4,3.85,0.57
Londres,LON,GB,51.5074,-0.1278,2026-03-15T16:00:00Z,2026-03-15,16:00,2,136.75,0.08,4.15,94.25,2.13,1.51,3.76,0.54
Londres,LON,GB,51.5074,-0.1278,2026-03-15T17:00:00Z,2026-03-15,17:00,2,135.57,0.04,4.34,91.75,1.84,1.55,3.26,0.4
Londres,LON,GB,51.5074,-0.1278,2026-03-15T18:00:00Z,2026-03-15,18:00,2,129.37,0.01,4.37,86.54,1.62,1.71,3.1,0.25
Londres,LON,GB,51.5074,-0.1278,2026-03-15T19:00:00Z,2026-03-15,19:00,2,120.64,0,3.57,85.2,1.39,1.92,3.33,0.24
Londres,LON,GB,51.5074,-0.1278,2026-03-15T20:00:00Z,2026-03-15,20:00,2,124.36,0,2.58,97.95,1.21,2.02,3.96,0.36
Londres,LON,GB,51.5074,-0.1278,2026-03-15T21:00:00Z,2026-03-15,21:00,3,134.44,0,2.08,102.9,1.1,1.78,3.96,0.48
Londres,LON,GB,51.5074,-0.1278,2026-03-15T22:00:00Z,2026-03-15,22:00,2,138.5,0,1.86,98.74,1.02,1.38,3.35,0.53
Londres,LON,GB,51.5074,-0.1278,2026-03-15T23:00:00Z,2026-03-15,23:00,2,138.47,0,1.75,96.91,0.97,1.13,2.8,0.51
Londres,LON,GB,51.5074,-0.1278,2026-03-16T00:00:00Z,2026-03-16,00:00,2,137.97,0,1.67,97.65,0.92,0.98,2.5,0.49
Londres,LON,GB,51.5074,-0.1278,2026-03-16T01:00:00Z,2026-03-16,01:00,2,136.63,0,1.61,98.59,0.9,0.9,2.42,0.48
Londres,LON,GB,51.5074,-0.1278,2026-03-16T02:00:00Z,2026-03-16,02:00,2,135.85,0,1.67,99.38,0.95,0.91,2.62,0.49
Londres,LON,GB,51.5074,-0.1278,2026-03-16T03:00:00Z,2026-03-16,03:00,3,134.88,0,1.77,100.5,1.02,0.97,2.9,0.49
Londres,LON,GB,51.5074,-0.1278,2026-03-16T04:00:00Z,2026-03-16,04:00,3,134.96,0,1.82,102.9,1.06,1.04,3.13,0.48
Londres,LON,GB,51.5074,-0.1278,2026-03-16T05:00:00Z,2026-03-16,05:00,3,135.24,0,1.79,105.95,1.04,1.08,3.34,0.45
Londres,LON,GB,51.5074,-0.1278,2026-03-16T06:00:00Z,2026-03-16,06:00,3,135.43,0,1.74,109.32,1,1.06,3.43,0.42
Londres,LON,GB,51.5074,-0.1278,2026-03-16T07:00:00Z,2026-03-16,07:00,3,134.9,0,1.73,112.24,1.01,0.99,3.68,0.39
Londres,LON,GB,51.5074,-0.1278,2026-03-16T08:00:00Z,2026-03-16,08:00,3,134.67,0,1.89,115.03,1.09,0.99,4.06,0.36
Londres,LON,GB,51.5074,-0.1278,2026-03-16T09:00:00Z,2026-03-16,09:00,3,134.45,0.02,2.07,116.21,1.16,1.01,4.07,0.32
Londres,LON,GB,51.5074,-0.1278,2026-03-16T10:00:00Z,2026-03-16,10:00,3,134.33,0.05,2.21,116.11,1.24,1.1,4.22,0.29
Londres,LON,GB,51.5074,-0.1278,2026-03-16T11:00:00Z,2026-03-16,11:00,3,133.94,0.08,2.33,114.57,1.34,1.31,5.01,0.26
Londres,LON,GB,51.5074,-0.1278,2026-03-16T12:00:00Z,2026-03-16,12:00,3,133.56,0.15,2.37,113.51,1.45,1.58,6.11,0.22
Londres,LON,GB,51.5074,-0.1278,2026-03-16T13:00:00Z,2026-03-16,13:00,3,133.41,0.23,2.37,112.82,1.58,1.89,7.37,0.19
Londres,LON,GB,51.5074,-0.1278,2026-03-16T14:00:00Z,2026-03-16,14:00,3,133.77,0.23,2.65,111.61,1.77,2.17,8.63,0.16
Londres,LON,GB,51.5074,-0.1278,2026-03-16T15:00:00Z,2026-03-16,15:00,3,134.14,0.21,3.02,110,1.94,2.3,9.25,0.15
Londres,LON,GB,51.5074,-0.1278,2026-03-16T16:00:00Z,2026-03-16,16:00,3,134.93,0.22,3.39,107.79,2.09,2.39,9.63,0.13
Londres,LON,GB,51.5074,-0.1278,2026-03-16T17:00:00Z,2026-03-16,17:00,3,135.03,0.13,3.88,105.22,2.23,2.61,10.62,0.12
Londres,LON,GB,51.5074,-0.1278,2026-03-16T18:00:00Z,2026-03-16,18:00,3,134.65,0.03,4.22,103.94,2.34,2.94,12.1,0.11
Londres,LON,GB,51.5074,-0.1278,2026-03-16T19:00:00Z,2026-03-16,19:00,3,134.19,0,4.26,104.34,2.43,3.31,13.63,0.1
Londres,LON,GB,51.5074,-0.1278,2026-03-16T20:00:00Z,2026-03-16,20:00,3,133.54,0,4.21,105.23,2.47,3.65,14.98,0.1
Londres,LON,GB,51.5074,-0.1278,2026-03-16T21:00:00Z,2026-03-16,21:00,3,132.89,0,4.08,106.2,2.47,3.92,16.05,0.09
Londres,LON,GB,51.5074,-0.1278,2026-03-16T22:00:00Z,2026-03-16,22:00,3,132.43,0,3.97,107.09,2.47,4.11,16.74,0.09
Londres,LON,GB,51.5074,-0.1278,2026-03-16T23:00:00Z,2026-03-16,23:00,3,132.63,0,4.06,107.1,2.53,4.26,17.08,0.16
Londres,LON,GB,51.5074,-0.1278,2026-03-17T00:00:00Z,2026-03-17,00:00,3,133.58,0,4.27,105.58,2.59,4.34,17.12,0.36
Londres,LON,GB,51.5074,-0.1278,2026-03-17T01:00:00Z,2026-03-17,01:00,3,134.61,0,4.47,102.7,2.61,4.32,16.79,0.7
Londres,LON,GB,51.5074,-0.1278,2026-03-17T02:00:00Z,2026-03-17,02:00,3,135.64,0,4.74,100.13,2.69,4.33,16.52,1
Londres,LON,GB,51.5074,-0.1278,2026-03-17T03:00:00Z,2026-03-17,03:00,2,136.02,0,4.86,99.17,2.74,4.32,16.39,1.16
Londres,LON,GB,51.5074,-0.1278,2026-03-17T04:00:00Z,2026-03-17,04:00,2,135.87,0,4.77,99.59,2.72,4.24,16.16,1.17
Londres,LON,GB,51.5074,-0.1278,2026-03-17T05:00:00Z,2026-03-17,05:00,2,135.76,0,4.59,99.73,2.63,4.12,15.58,1.15
Londres,LON,GB,51.5074,-0.1278,2026-03-17T06:00:00Z,2026-03-17,06:00,2,135.55,0,4.41,99.22,2.54,3.97,14.75,1.14
Londres,LON,GB,51.5074,-0.1278,2026-03-17T07:00:00Z,2026-03-17,07:00,2,135.51,0,4.37,97.89,2.54,3.88,13.93,1.16
Londres,LON,GB,51.5074,-0.1278,2026-03-17T08:00:00Z,2026-03-17,08:00,2,136.29,0.1,4.67,96.71,2.77,3.9,13.37,1.21
Londres,LON,GB,51.5074,-0.1278,2026-03-17T09:00:00Z,2026-03-17,09:00,2,137.55,0.33,4.71,95.6,3.04,3.97,12.89,1.29
Londres,LON,GB,51.5074,-0.1278,2026-03-17T10:00:00Z,2026-03-17,10:00,2,139.34,0.67,4.65,94.8,3.22,4.05,12.28,1.37
Londres,LON,GB,51.5074,-0.1278,2026-03-17T11:00:00Z,2026-03-17,11:00,2,141.76,0.97,4.79,94.23,3.39,4.25,11.85,1.47
Londres,LON,GB,51.5074,-0.1278,2026-03-17T12:00:00Z,2026-03-17,12:00,2,143.34,1.16,4.75,95.42,3.5,5.11,12.11,1.49
Londres,LON,GB,51.5074,-0.1278,2026-03-17T13:00:00Z,2026-03-17,13:00,2,144.3,1.31,5.1,96.61,3.88,6.54,13.1,1.45
Londres,LON,GB,51.5074,-0.1278,2026-03-17T14:00:00Z,2026-03-17,14:00,2,145.13,1.45,6.02,96.4,4.43,7.87,14.13,1.41
Londres,LON,GB,51.5074,-0.1278,2026-03-17T15:00:00Z,2026-03-17,15:00,2,145.01,1.41,6.74,97.16,4.67,8.57,14.43,1.47
Londres,LON,GB,51.5074,-0.1278,2026-03-17T16:00:00Z,2026-03-17,16:00,2,144.84,1.2,7.68,98.58,4.8,8.28,13.64,1.56
Londres,LON,GB,51.5074,-0.1278,2026-03-17T17:00:00Z,2026-03-17,17:00,2,142.84,0.78,9.12,97.87,4.87,7.2,11.97,1.62
Londres,LON,GB,51.5074,-0.1278,2026-03-17T18:00:00Z,2026-03-17,18:00,2,140.76,0.2,10.6,95.32,4.83,6.1,10.25,1.66
Londres,LON,GB,51.5074,-0.1278,2026-03-17T19:00:00Z,2026-03-17,19:00,2,140.18,0,10.69,92.22,4.73,5.55,9.17,1.76
Londres,LON,GB,51.5074,-0.1278,2026-03-17T20:00:00Z,2026-03-17,20:00,2,140.36,0,10.58,89.04,4.62,5.09,8.34,2
Londres,LON,GB,51.5074,-0.1278,2026-03-17T21:00:00Z,2026-03-17,21:00,2,141.2,0,10.6,85.94,4.53,4.79,7.82,2.25
Londres,LON,GB,51.5074,-0.1278,2026-03-17T22:00:00Z,2026-03-17,22:00,2,143.32,0,10.48,83.99,4.42,4.71,7.71,2.42
Londres,LON,GB,51.5074,-0.1278,2026-03-17T23:00:00Z,2026-03-17,23:00,2,146.92,0,10.43,82.97,4.37,4.88,8.04,2.35
Londres,LON,GB,51.5074,-0.1278,2026-03-18T00:00:00Z,2026-03-18,00:00,2,152.11,0,10.34,82.42,4.37,5.2,8.61,2.13
Londres,LON,GB,51.5074,-0.1278,2026-03-18T01:00:00Z,2026-03-18,01:00,2,155.74,0,10.41,80.64,4.38,5.38,9.02,1.88
Londres,LON,GB,51.5074,-0.1278,2026-03-18T02:00:00Z,2026-03-18,02:00,2,159.85,0,10.8,78.41,4.4,5.59,9.41,1.66
Londres,LON,GB,51.5074,-0.1278,2026-03-18T03:00:00Z,2026-03-18,03:00,2,164.15,0,11.43,75.86,4.43,6.14,10.09,1.5
Londres,LON,GB,51.5074,-0.1278,2026-03-18T04:00:00Z,2026-03-18,04:00,2,170.77,0,12.16,73.11,4.46,7.35,11.4,1.36
Londres,LON,GB,51.5074,-0.1278,2026-03-18T05:00:00Z,2026-03-18,05:00,2,181.59,0,12.72,70.47,4.37,9.11,13.28,1.25
Londres,LON,GB,51.5074,-0.1278,2026-03-18T06:00:00Z,2026-03-18,06:00,2,192.25,0,12.93,68.14,4.18,10.71,14.96,1.17
Londres,LON,GB,51.5074,-0.1278,2026-03-18T07:00:00Z,2026-03-18,07:00,2,196.76,0.05,12.54,65.97,3.89,10.84,15.11,1.16
Londres,LON,GB,51.5074,-0.1278,2026-03-18T08:00:00Z,2026-03-18,08:00,2,190.58,0.76,11.03,66.11,3.66,8.99,13.22,1.25
Londres,LON,GB,51.5074,-0.1278,2026-03-18T09:00:00Z,2026-03-18,09:00,2,178.96,1.54,8.64,68.43,3.45,6.79,10.86,1.32
Londres,LON,GB,51.5074,-0.1278,2026-03-18T10:00:00Z,2026-03-18,10:00,2,168.01,1.78,6.98,71.84,3.2,5.83,9.6,1.31
Londres,LON,GB,51.5074,-0.1278,2026-03-18T11:00:00Z,2026-03-18,11:00,2,163.55,1.8,6.24,76.28,3.19,6.37,9.84,1.21
Londres,LON,GB,51.5074,-0.1278,2026-03-18T12:00:00Z,2026-03-18,12:00,2,163.03,1.66,5.72,82.01,3.2,7.86,11,1.07
Londres,LON,GB,51.5074,-0.1278,2026-03-18T13:00:00Z,2026-03-18,13:00,2,163.57,1.43,5.27,89.23,3.18,9.68,12.5,0.94
Londres,LON,GB,51.5074,-0.1278,2026-03-18T14:00:00Z,2026-03-18,14:00,2,162.91,1.11,4.73,98.66,3.03,11.03,13.53,0.91
Londres,LON,GB,51.5074,-0.1278,2026-03-18T15:00:00Z,2026-03-18,15:00,3,159.81,0.79,4.2,109.04,2.81,11.34,13.55,1.01
Londres,LON,GB,51.5074,-0.1278,2026-03-18T16:00:00Z,2026-03-18,16:00,3,156.37,0.53,4.06,118.86,2.68,10.23,12.22,1.22
Londres,LON,GB,51.5074,-0.1278,2026-03-18T17:00:00Z,2026-03-18,17:00,3,152.39,0.3,4.36,126.45,2.65,8.06,9.92,1.43
Londres,LON,GB,51.5074,-0.1278,2026-03-18T18:00:00Z,2026-03-18,18:00,3,149.72,0.07,4.85,129.77,2.67,6.31,8.12,1.58
Londres,LON,GB,51.5074,-0.1278,2026-03-18T19:00:00Z,2026-03-18,19:00,3,149.95,0,5.1,127.4,2.71,5.55,7.4,1.73
Londres,LON,GB,51.5074,-0.1278,2026-03-18T20:00:00Z,2026-03-18,20:00,3,153.45,0,5.93,121.41,2.96,6.2,8.28,1.81
Londres,LON,GB,51.5074,-0.1278,2026-03-18T21:00:00Z,2026-03-18,21:00,3,159.2,0,6.78,115.56,3.28,7.66,10.1,1.89
Londres,LON,GB,51.5074,-0.1278,2026-03-18T22:00:00Z,2026-03-18,22:00,3,165.17,0,7.27,109,3.52,9.49,12.3,1.92
Londres,LON,GB,51.5074,-0.1278,2026-03-18T23:00:00Z,2026-03-18,23:00,3,171.92,0,7.63,102.59,3.67,11.59,14.7,1.93
Londres,LON,GB,51.5074,-0.1278,2026-03-19T00:00:00Z,2026-03-19,00:00,2,179.06,0,7.96,97.38,3.72,13.29,16.57,1.98
Londres,LON,GB,51.5074,-0.1278,2026-03-19T01:00:00Z,2026-03-19,01:00,2,183.87,0,8.14,93.24,3.68,14.3,17.61,1.96
Londres,LON,GB,51.5074,-0.1278,2026-03-19T02:00:00Z,2026-03-19,02:00,2,187.46,0,8.11,90.34,3.59,14.61,17.84,1.89
Londres,LON,GB,51.5074,-0.1278,2026-03-19T03:00:00Z,2026-03-19,03:00,2,189.17,0,7.86,88.49,3.46,14.3,17.37,1.79
Londres,LON,GB,51.5074,-0.1278,2026-03-19T04:00:00Z,2026-03-19,04:00,2,189.63,0,7.53,87.16,3.33,13.85,16.78,1.65
Londres,LON,GB,51.5074,-0.1278,2026-03-19T05:00:00Z,2026-03-19,05:00,2,189.22,0,7.36,85.62,3.29,13.78,16.68,1.48
Londres,LON,GB,51.5074,-0.1278,2026-03-19T06:00:00Z,2026-03-19,06:00,2,189.19,0,7.42,83.83,3.3,14.4,17.38,1.26
Londres,LON,GB,51.5074,-0.1278,2026-03-19T07:00:00Z,2026-03-19,07:00,2,189.18,0.02,7.8,81.73,3.34,15.05,18.21,1.15
Londres,LON,GB,51.5074,-0.1278,2026-03-19T08:00:00Z,2026-03-19,08:00,2,190.92,0.46,8.38,80.93,3.41,15.71,19.15,1.13
Londres,LON,GB,51.5074,-0.1278,2026-03-19T09:00:00Z,2026-03-19,09:00,2,192.65,1.21,8.2,81.51,3.55,16.43,20.18,1.14
Londres,LON,GB,51.5074,-0.1278,2026-03-19T10:00:00Z,2026-03-19,10:00,2,193.86,1.74,8.08,83.33,3.74,17.41,21.46,1.08
Londres,LON,GB,51.5074,-0.1278,2026-03-19T11:00:00Z,2026-03-19,11:00,2,196.44,2.07,8.17,85.65,4.03,18.95,23.31,0.98
Londres,LON,GB,51.5074,-0.1278,2026-03-19T12:00:00Z,2026-03-19,12:00,2,199.77,2.18,8.22,89.34,4.29,21.12,25.77,0.83
Londres,LON,GB,51.5074,-0.1278,2026-03-19T13:00:00Z,2026-03-19,13:00,2,204.36,2.21,8.57,93.66,4.62,23.83,28.79,0.68
Londres,LON,GB,51.5074,-0.1278,2026-03-19T14:00:00Z,2026-03-19,14:00,3,208.68,2.12,9.1,98.26,4.87,26.29,31.46,0.6
Londres,LON,GB,51.5074,-0.1278,2026-03-19T15:00:00Z,2026-03-19,15:00,3,208.09,1.75,9.09,105.43,4.9,26.91,32.1,0.59
Londres,LON,GB,51.5074,-0.1278,2026-03-19T16:00:00Z,2026-03-19,16:00,3,202.71,1.18,8.72,114.16,4.81,25.3,30.29,0.63
Londres,LON,GB,51.5074,-0.1278,2026-03-19T17:00:00Z,2026-03-19,17:00,3,193.49,0.58,8.33,119.99,4.62,21.97,26.58,0.77
Londres,LON,GB,51.5074,-0.1278,2026-03-19T18:00:00Z,2026-03-19,18:00,3,187.12,0.12,8.62,119.29,4.55,18.98,23.32,1
Londres,LON,GB,51.5074,-0.1278,2026-03-19T19:00:00Z,2026-03-19,19:00,3,190.08,0,9.19,114.27,4.8,18.63,23,1.14
Londres,LON,GB,51.5074,-0.1278,2026-03-19T20:00:00Z,2026-03-19,20:00,3,194.67,0,9.99,108.56,5.23,20.5,24.87,0.96
Londres,LON,GB,51.5074,-0.1278,2026-03-19T21:00:00Z,2026-03-19,21:00,3,196.27,0,9.94,106.21,5.5,22.18,26.31,0.68
Londres,LON,GB,51.5074,-0.1278,2026-03-19T22:00:00Z,2026-03-19,22:00,3,192.56,0,9,107.39,5.4,22.29,26.02,0.48
Londres,LON,GB,51.5074,-0.1278,2026-03-19T23:00:00Z,2026-03-19,23:00,3,192.01,0,9.26,105,5.46,22.99,26.48,0.38
Londres,LON,GB,51.5074,-0.1278,2026-03-20T00:00:00Z,2026-03-20,00:00,3,192.22,0,9.39,101.23,5.42,24.05,27.38,0.3
Londres,LON,GB,51.5074,-0.1278,2026-03-20T01:00:00Z,2026-03-20,01:00,3,191.4,0,9.48,97.25,5.34,25.03,28.25,0.28
Londres,LON,GB,51.5074,-0.1278,2026-03-20T02:00:00Z,2026-03-20,02:00,3,191.82,0,9.78,93.06,5.3,26.45,29.58,0.27
Londres,LON,GB,51.5074,-0.1278,2026-03-20T03:00:00Z,2026-03-20,03:00,3,192.43,0,10.5,88.95,5.29,28.45,31.61,0.22
Londres,LON,GB,51.5074,-0.1278,2026-03-20T04:00:00Z,2026-03-20,04:00,3,193.41,0,11.45,84.67,5.31,30.54,33.83,0.2
Londres,LON,GB,51.5074,-0.1278,2026-03-20T05:00:00Z,2026-03-20,05:00,3,193.64,0,12.25,80.96,5.34,32.4,35.9,0.2
Londres,LON,GB,51.5074,-0.1278,2026-03-20T06:00:00Z,2026-03-20,06:00,3,193.48,0,12.64,77.65,5.36,33.96,37.7,0.2
Londres,LON,GB,51.5074,-0.1278,2026-03-20T07:00:00Z,2026-03-20,07:00,3,192.58,0.03,13,74.18,5.38,35.22,39.21,0.2
Londres,LON,GB,51.5074,-0.1278,2026-03-20T08:00:00Z,2026-03-20,08:00,3,192.08,0.69,13.23,71.78,5.47,36.17,40.42,0.22
Londres,LON,GB,51.5074,-0.1278,2026-03-20T09:00:00Z,2026-03-20,09:00,3,191.58,1.93,12.17,70.58,5.65,36.86,41.33,0.26
Londres,LON,GB,51.5074,-0.1278,2026-03-20T10:00:00Z,2026-03-20,10:00,3,190.74,2.83,11.37,70.15,5.79,37.18,41.85,0.28
Londres,LON,GB,51.5074,-0.1278,2026-03-20T11:00:00Z,2026-03-20,11:00,3,189.96,3.32,10.85,70.48,5.87,37.41,42.28,0.28
Londres,LON,GB,51.5074,-0.1278,2026-03-20T12:00:00Z,2026-03-20,12:00,3,189.37,3.46,10.47,72.66,5.93,37.64,42.72,0.27
Londres,LON,GB,51.5074,-0.1278,2026-03-20T13:00:00Z,2026-03-20,13:00,3,189.7,3.29,10.34,76.93,6.05,37.83,43.14,0.23
Londres,LON,GB,51.5074,-0.1278,2026-03-20T14:00:00Z,2026-03-20,14:00,3,188.88,2.98,10.48,81.43,6.09,37.45,42.96,0.21
Londres,LON,GB,51.5074,-0.1278,2026-03-20T15:00:00Z,2026-03-20,15:00,3,188.06,2.58,10.93,85.51,6.09,36.87,42.57,0.2
Londres,LON,GB,51.5074,-0.1278,2026-03-20T16:00:00Z,2026-03-20,16:00,3,188.06,1.72,12.52,88.57,6.05,35.61,41.33,0.23
Londres,LON,GB,51.5074,-0.1278,2026-03-20T17:00:00Z,2026-03-20,17:00,3,186.05,0.77,14.15,90.36,5.77,33.45,38.87,0.29
Londres,LON,GB,51.5074,-0.1278,2026-03-20T18:00:00Z,2026-03-20,18:00,3,183.11,0.11,14.72,90.86,5.39,31.21,36.2,0.4
Londres,LON,GB,51.5074,-0.1278,2026-03-20T19:00:00Z,2026-03-20,19:00,3,180.46,0,13.83,89.72,5.04,29.62,34.35,0.53
Londres,LON,GB,51.5074,-0.1278,2026-03-20T20:00:00Z,2026-03-20,20:00,3,178.46,0,13.58,86.3,4.89,28.77,33.53,0.59
Londres,LON,GB,51.5074,-0.1278,2026-03-20T21:00:00Z,2026-03-20,21:00,3,176.65,0,13.74,81.82,4.84,27.85,32.84,0.57
Londres,LON,GB,51.5074,-0.1278,2026-03-20T22:00:00Z,2026-03-20,22:00,3,173.43,0,12.91,80.85,4.56,25.93,31.04,0.42
Londres,LON,GB,51.5074,-0.1278,2026-03-20T23:00:00Z,2026-03-20,23:00,2,170.67,0,12.44,78.79,4.36,23.04,28.23,0.34
Londres,LON,GB,51.5074,-0.1278,2026-03-21T00:00:00Z,2026-03-21,00:00,2,168.09,0,12.17,75.11,4.21,19.67,24.81,0.32
Londres,LON,GB,51.5074,-0.1278,2026-03-21T01:00:00Z,2026-03-21,01:00,2,163.92,0,11.49,72.03,3.96,16.19,21.07,0.29
Londres,LON,GB,51.5074,-0.1278,2026-03-21T02:00:00Z,2026-03-21,02:00,2,160.25,0,10.96,69.65,3.82,13.04,17.6,0.35
Londres,LON,GB,51.5074,-0.1278,2026-03-21T03:00:00Z,2026-03-21,03:00,2,156,0,10.35,68.4,3.69,10.36,14.6,0.42
Londres,LON,GB,51.5074,-0.1278,2026-03-21T04:00:00Z,2026-03-21,04:00,2,152.54,0,9.72,68.29,3.59,8.57,12.5,0.44
Londres,LON,GB,51.5074,-0.1278,2026-03-21T05:00:00Z,2026-03-21,05:00,2,150.25,0,9.28,69.18,3.57,7.27,10.96,0.47
Londres,LON,GB,51.5074,-0.1278,2026-03-21T06:00:00Z,2026-03-21,06:00,2,148.89,0,9.04,70.39,3.6,6.42,9.98,0.49
Londres,LON,GB,51.5074,-0.1278,2026-03-21T07:00:00Z,2026-03-21,07:00,2,147.88,0.05,9.11,71.26,3.65,5.97,9.48,0.49
Londres,LON,GB,51.5074,-0.1278,2026-03-21T08:00:00Z,2026-03-21,08:00,2,148.35,0.69,9.05,72.44,3.8,5.68,9.21,0.51
Londres,LON,GB,51.5074,-0.1278,2026-03-21T09:00:00Z,2026-03-21,09:00,2,149.4,1.57,8.5,73.55,4.02,5.65,9.24,0.54
Londres,LON,GB,51.5074,-0.1278,2026-03-21T10:00:00Z,2026-03-21,10:00,2,149.88,2.13,8.07,74.72,4.17,5.91,9.58,0.53
Londres,LON,GB,51.5074,-0.1278,2026-03-21T11:00:00Z,2026-03-21,11:00,2,150,2.44,7.87,75.32,4.27,6.52,10.31,0.54
Londres,LON,GB,51.5074,-0.1278,2026-03-21T12:00:00Z,2026-03-21,12:00,2,150.5,2.57,7.74,76.08,4.34,7.31,11.24,0.56
Londres,LON,GB,51.5074,-0.1278,2026-03-21T13:00:00Z,2026-03-21,13:00,2,151.37,2.43,7.49,79.03,4.35,8.22,12.24,0.54
Londres,LON,GB,51.5074,-0.1278,2026-03-21T14:00:00Z,2026-03-21,14:00,2,149.78,1.96,6.8,84.54,4.1,8.54,12.4,0.54
Londres,LON,GB,51.5074,-0.1278,2026-03-21T15:00:00Z,2026-03-21,15:00,2,148.02,1.44,6.06,90.36,3.78,8.6,12.25,0.55
Londres,LON,GB,51.5074,-0.1278,2026-03-21T16:00:00Z,2026-03-21,16:00,2,147.33,1.09,6.23,95.03,3.8,8.36,11.76,0.63
Londres,LON,GB,51.5074,-0.1278,2026-03-21T17:00:00Z,2026-03-21,17:00,2,146.95,0.79,7.78,95.11,4.25,7.99,11.17,0.72
Londres,LON,GB,51.5074,-0.1278,2026-03-21T18:00:00Z,2026-03-21,18:00,2,147.32,0.26,10.03,92.53,4.8,7.59,10.6,0.82
Londres,LON,GB,51.5074,-0.1278,2026-03-21T19:00:00Z,2026-03-21,19:00,2,147.72,0,11.6,88.92,5.33,7.21,10.14,0.94
Londres,LON,GB,51.5074,-0.1278,2026-03-21T20:00:00Z,2026-03-21,20:00,2,148.14,0,12.87,85.57,5.59,6.92,9.84,1.02
Londres,LON,GB,51.5074,-0.1278,2026-03-21T21:00:00Z,2026-03-21,21:00,2,148,0,14.11,83.01,5.59,6.66,9.54,1.03
Londres,LON,GB,51.5074,-0.1278,2026-03-21T22:00:00Z,2026-03-21,22:00,2,147.92,0,14.74,81.22,5.5,6.68,9.54,0.95
Londres,LON,GB,51.5074,-0.1278,2026-03-21T23:00:00Z,2026-03-21,23:00,2,148.08,0,14.52,79.81,5.46,6.58,9.47,0.89
Londres,LON,GB,51.5074,-0.1278,2026-03-22T00:00:00Z,2026-03-22,00:00,2,148.05,0,12.74,80.87,5.17,6.44,9.33,0.78
Londres,LON,GB,51.5074,-0.1278,2026-03-22T01:00:00Z,2026-03-22,01:00,2,146.86,0,10.87,82.68,4.77,6.19,9.03,0.67
Londres,LON,GB,51.5074,-0.1278,2026-03-22T02:00:00Z,2026-03-22,02:00,2,147.32,0,11.03,82.08,4.72,6.46,9.3,0.58
Londres,LON,GB,51.5074,-0.1278,2026-03-22T03:00:00Z,2026-03-22,03:00,2,148.92,0,12.14,79.78,4.95,7.05,9.97,0.5
Londres,LON,GB,51.5074,-0.1278,2026-03-22T04:00:00Z,2026-03-22,04:00,2,150.71,0,13.84,76.71,5.42,7.95,11,0.39
Londres,LON,GB,51.5074,-0.1278,2026-03-22T05:00:00Z,2026-03-22,05:00,2,153.07,0,15,74.28,5.85,8.7,11.92,0.29
Londres,LON,GB,51.5074,-0.1278,2026-03-22T06:00:00Z,2026-03-22,06:00,2,154.29,0,15.18,73.51,6.11,9.14,12.56,0.25
Londres,LON,GB,51.5074,-0.1278,2026-03-22T07:00:00Z,2026-03-22,07:00,2,155.47,0.11,15.28,73.57,6.26,9.56,13.2,0.24
Londres,LON,GB,51.5074,-0.1278,2026-03-22T08:00:00Z,2026-03-22,08:00,2,156.6,1.29,15.34,74.25,6.65,10.23,14.13,0.26
Londres,LON,GB,51.5074,-0.1278,2026-03-22T09:00:00Z,2026-03-22,09:00,2,158.11,2.89,14.33,74.58,7.17,11.24,15.4,0.29
Londres,LON,GB,51.5074,-0.1278,2026-03-22T10:00:00Z,2026-03-22,10:00,2,158.58,3.62,13.72,74.86,7.62,12.6,16.96,0.34
Londres,LON,GB,51.5074,-0.1278,2026-03-22T11:00:00Z,2026-03-22,11:00,2,158.22,3.63,12.83,76.23,7.88,14.5,18.95,0.43
Londres,LON,GB,51.5074,-0.1278,2026-03-22T12:00:00Z,2026-03-22,12:00,2,158.42,3.34,12.04,77.44,7.92,17.03,21.54,0.48
Londres,LON,GB,51.5074,-0.1278,2026-03-22T13:00:00Z,2026-03-22,13:00,2,159.97,3.19,12.34,77.37,8.42,19.35,23.81,0.53
Londres,LON,GB,51.5074,-0.1278,2026-03-22T14:00:00Z,2026-03-22,14:00,2,161,3.29,14.09,75.71,9.8,20.8,25.12,0.55
Londres,LON,GB,51.5074,-0.1278,2026-03-22T15:00:00Z,2026-03-22,15:00,2,161.83,3.25,17.08,73.31,11.75,21.78,25.97,0.55
Londres,LON,GB,51.5074,-0.1278,2026-03-22T16:00:00Z,2026-03-22,16:00,2,163.45,2.89,22.04,69.97,14.37,22.52,26.66,0.55
Londres,LON,GB,51.5074,-0.1278,2026-03-22T17:00:00Z,2026-03-22,17:00,2,164.52,1.57,28.84,64.34,16.94,22.97,27.09,0.51
Londres,LON,GB,51.5074,-0.1278,2026-03-22T18:00:00Z,2026-03-22,18:00,2,165.03,0.35,34.7,58.99,18.84,22.93,27.01,0.45
Londres,LON,GB,51.5074,-0.1278,2026-03-22T19:00:00Z,2026-03-22,19:00,2,165.94,0.01,37.51,54.79,19.75,23.07,27.06,0.37
Londres,LON,GB,51.5074,-0.1278,2026-03-22T20:00:00Z,2026-03-22,20:00,2,166.11,0,39.1,51.08,19.59,23.3,27.15,0.31
Londres,LON,GB,51.5074,-0.1278,2026-03-22T21:00:00Z,2026-03-22,21:00,2,166.29,0,40.33,47.4,18.52,23.44,27.15,0.32
Londres,LON,GB,51.5074,-0.1278,2026-03-22T22:00:00Z,2026-03-22,22:00,2,167.05,0,40.91,44.34,17.01,24.07,27.79,0.31
Londres,LON,GB,51.5074,-0.1278,2026-03-22T23:00:00Z,2026-03-22,23:00,3,169.32,0,42.27,39.71,15.71,25.65,29.47,0.42
Londres,LON,GB,51.5074,-0.1278,2026-03-23T00:00:00Z,2026-03-23,00:00,3,173.1,0,44.09,34.35,14.74,27.56,31.6,0.7
Londres,LON,GB,51.5074,-0.1278,2026-03-23T01:00:00Z,2026-03-23,01:00,3,178.59,0.01,48.19,27.52,14.18,29.47,33.79,0.94
Londres,LON,GB,51.5074,-0.1278,2026-03-23T02:00:00Z,2026-03-23,02:00,3,184.87,0.04,54.74,19.38,13.9,30.81,35.34,1.02
Londres,LON,GB,51.5074,-0.1278,2026-03-23T03:00:00Z,2026-03-23,03:00,3,190.4,0.14,60.95,12.38,13.56,31.22,35.93,1
Londres,LON,GB,51.5074,-0.1278,2026-03-23T04:00:00Z,2026-03-23,04:00,3,195.82,0.39,65.72,7.03,13.13,30.82,35.65,0.95
Londres,LON,GB,51.5074,-0.1278,2026-03-23T05:00:00Z,2026-03-23,05:00,3,200.75,0.95,67.65,4.07,12.76,29.88,34.81,0.88
Londres,LON,GB,51.5074,-0.1278,2026-03-23T06:00:00Z,2026-03-23,06:00,3,204.38,1.63,66.33,3.63,12.53,29.18,34.18,0.77
Londres,LON,GB,51.5074,-0.1278,2026-03-23T07:00:00Z,2026-03-23,07:00,3,201.89,1.96,57.22,10.6,12.85,28.94,34.09,0.52
Londres,LON,GB,51.5074,-0.1278,2026-03-23T08:00:00Z,2026-03-23,08:00,3,200.29,5.97,45.48,22.85,12.97,29.39,34.53,0.46
Londres,LON,GB,51.5074,-0.1278,2026-03-23T09:00:00Z,2026-03-23,09:00,3,199.44,10.04,35.9,33.37,13.52,29.87,34.94,0.51
Londres,LON,GB,51.5074,-0.1278,2026-03-23T10:00:00Z,2026-03-23,10:00,3,197.56,11.85,30.08,41.56,14.8,30.08,34.99,0.51
Londres,LON,GB,51.5074,-0.1278,2026-03-23T11:00:00Z,2026-03-23,11:00,3,196.76,12.58,27.43,48.12,16.46,30.29,35,0.44
Londres,LON,GB,51.5074,-0.1278,2026-03-23T12:00:00Z,2026-03-23,12:00,3,196.14,12.91,26.92,52.89,18.27,30.81,35.36,0.32
Londres,LON,GB,51.5074,-0.1278,2026-03-23T13:00:00Z,2026-03-23,13:00,3,196.21,13.51,28.11,55.7,20.44,31.79,36.25,0.22
Londres,LON,GB,51.5074,-0.1278,2026-03-23T14:00:00Z,2026-03-23,14:00,3,196.99,14.06,31.38,55.28,22.85,33.24,37.71,0.15
Londres,LON,GB,51.5074,-0.1278,2026-03-23T15:00:00Z,2026-03-23,15:00,3,198.7,14.42,36.39,52.12,24.96,35.23,39.78,0.11
Londres,LON,GB,51.5074,-0.1278,2026-03-23T16:00:00Z,2026-03-23,16:00,3,200.99,12.32,46.54,42.34,25.97,38.17,42.88,0.1
Londres,LON,GB,51.5074,-0.1278,2026-03-23T17:00:00Z,2026-03-23,17:00,3,201.01,7.44,57.18,32.21,24.71,41.4,46.16,0.1
Londres,LON,GB,51.5074,-0.1278,2026-03-23T18:00:00Z,2026-03-23,18:00,3,197.27,1.51,60.61,30.57,21.2,44.03,48.57,0.11
Londres,LON,GB,51.5074,-0.1278,2026-03-23T19:00:00Z,2026-03-23,19:00,3,190.78,0.01,47.64,43.91,16.72,45.71,49.73,0.11
Londres,LON,GB,51.5074,-0.1278,2026-03-23T20:00:00Z,2026-03-23,20:00,3,185.87,0,38.21,52.49,13.68,48.32,51.87,0.13
Londres,LON,GB,51.5074,-0.1278,2026-03-23T21:00:00Z,2026-03-23,21:00,4,181.9,0,30.11,58.85,11.41,51.1,54.33,0.15
Londres,LON,GB,51.5074,-0.1278,2026-03-23T22:00:00Z,2026-03-23,22:00,4,177.93,0,20.32,69.16,8.88,52.17,55.2,0.18
Londres,LON,GB,51.5074,-0.1278,2026-03-23T23:00:00Z,2026-03-23,23:00,4,174.89,0,14.64,79.79,7.37,51.28,54.23,0.2
Londres,LON,GB,51.5074,-0.1278,2026-03-24T00:00:00Z,2026-03-24,00:00,3,172.24,0,12.49,87.6,6.78,49.46,52.51,0.21
Londres,LON,GB,51.5074,-0.1278,2026-03-24T01:00:00Z,2026-03-24,01:00,3,170.13,0,11.82,91.85,6.55,47.88,51.13,0.2
Londres,LON,GB,51.5074,-0.1278,2026-03-24T02:00:00Z,2026-03-24,02:00,3,168.39,0,11.69,91.82,6.48,47.6,51.15,0.19
Londres,LON,GB,51.5074,-0.1278,2026-03-24T03:00:00Z,2026-03-24,03:00,3,167.4,0,11.55,88.98,6.39,47.93,51.8,0.2
Londres,LON,GB,51.5074,-0.1278,2026-03-24T04:00:00Z,2026-03-24,04:00,3,165.29,0,10.25,87.34,5.65,44.75,48.68,0.25
Londres,LON,GB,51.5074,-0.1278,2026-03-24T05:00:00Z,2026-03-24,05:00,3,161.12,0,8.57,87.72,4.74,36.51,40.21,0.33
Londres,LON,GB,51.5074,-0.1278,2026-03-24T06:00:00Z,2026-03-24,06:00,3,156.01,0,7.4,88.26,4.18,27.18,30.75,0.4
Londres,LON,GB,51.5074,-0.1278,2026-03-24T07:00:00Z,2026-03-24,07:00,2,151.29,0.01,6.57,89.13,3.79,18.8,22.4,0.46
Londres,LON,GB,51.5074,-0.1278,2026-03-24T08:00:00Z,2026-03-24,08:00,2,147.14,0.1,6.4,89.52,3.59,12.24,16.07,0.55
Londres,LON,GB,51.5074,-0.1278,2026-03-24T09:00:00Z,2026-03-24,09:00,2,143.65,0.33,5.95,90.72,3.41,7.76,11.86,0.58
Londres,LON,GB,51.5074,-0.1278,2026-03-24T10:00:00Z,2026-03-24,10:00,2,140.78,0.57,5.22,93.01,3.18,5.32,9.49,0.54
Londres,LON,GB,51.5074,-0.1278,2026-03-24T11:00:00Z,2026-03-24,11:00,2,138.35,0.66,4.59,95.37,2.99,4.4,8.48,0.43
Londres,LON,GB,51.5074,-0.1278,2026-03-24T12:00:00Z,2026-03-24,12:00,2,136.3,0.69,4.08,97.72,2.87,3.95,7.94,0.38
Londres,LON,GB,51.5074,-0.1278,2026-03-24T13:00:00Z,2026-03-24,13:00,2,134.98,0.55,3.86,99.81,2.75,3.75,7.69,0.36
Londres,LON,GB,51.5074,-0.1278,2026-03-24T14:00:00Z,2026-03-24,14:00,3,133.73,0.39,3.71,101.24,2.59,3.61,7.48,0.36
Londres,LON,GB,51.5074,-0.1278,2026-03-24T15:00:00Z,2026-03-24,15:00,3,132.67,0.25,3.56,102.58,2.42,3.5,7.32,0.36
Londres,LON,GB,51.5074,-0.1278,2026-03-24T16:00:00Z,2026-03-24,16:00,3,131.67,0.16,3.41,103.34,2.23,3.4,7.22,0.4
Londres,LON,GB,51.5074,-0.1278,2026-03-24T17:00:00Z,2026-03-24,17:00,3,130.19,0.08,3.4,103.44,2.1,3.46,7.47,0.44
Londres,LON,GB,51.5074,-0.1278,2026-03-24T18:00:00Z,2026-03-24,18:00,3,129.54,0.02,3.29,104.01,1.97,3.64,7.99,0.41
Londres,LON,GB,51.5074,-0.1278,2026-03-24T19:00:00Z,2026-03-24,19:00,3,129.36,0,3,104.83,1.76,3.56,7.41,0.3
Londres,LON,GB,51.5074,-0.1278,2026-03-24T20:00:00Z,2026-03-24,20:00,3,127.61,0,2.77,103.97,1.51,3.09,6.08,0.19
Londres,LON,GB,51.5074,-0.1278,2026-03-24T21:00:00Z,2026-03-24,21:00,3,125.13,0,2.59,101.85,1.33,2.6,5.06,0.13
Londres,LON,GB,51.5074,-0.1278,2026-03-24T22:00:00Z,2026-03-24,22:00,2,122.7,0,2.45,99.21,1.19,2.34,4.37,0.09
Londres,LON,GB,51.5074,-0.1278,2026-03-24T23:00:00Z,2026-03-24,23:00,2,120.97,0,2.24,98.44,1.05,2.16,4,0.11
Londres,LON,GB,51.5074,-0.1278,2026-03-25T00:00:00Z,2026-03-25,00:00,3,125.64,0,1.85,107.69,0.92,1.98,3.96,0.17
Londres,LON,GB,51.5074,-0.1278,2026-03-25T01:00:00Z,2026-03-25,01:00,3,131.72,0,1.34,114.74,0.74,1.31,3.28,0.24
Londres,LON,GB,51.5074,-0.1278,2026-03-25T02:00:00Z,2026-03-25,02:00,3,133.65,0,1.17,109.29,0.67,0.84,2.52,0.28
Londres,LON,GB,51.5074,-0.1278,2026-03-25T03:00:00Z,2026-03-25,03:00,3,135.02,0,1.13,101.91,0.65,0.63,2.03,0.32
Londres,LON,GB,51.5074,-0.1278,2026-03-25T04:00:00Z,2026-03-25,04:00,2,136.16,0,1.12,99.27,0.64,0.51,1.64,0.35
Londres,LON,GB,51.5074,-0.1278,2026-03-25T05:00:00Z,2026-03-25,05:00,3,137.63,0,1.17,102.74,0.66,0.5,1.41,0.38
Londres,LON,GB,51.5074,-0.1278,2026-03-25T06:00:00Z,2026-03-25,06:00,3,140.05,0,1.24,107.76,0.68,0.5,1.26,0.4
Londres,LON,GB,51.5074,-0.1278,2026-03-25T07:00:00Z,2026-03-25,07:00,3,141.26,0.01,1.38,110.78,0.71,0.5,1.15,0.38
Londres,LON,GB,51.5074,-0.1278,2026-03-25T08:00:00Z,2026-03-25,08:00,3,140.96,0.06,1.6,111.96,0.76,0.5,1,0.36
Londres,LON,GB,51.5074,-0.1278,2026-03-25T09:00:00Z,2026-03-25,09:00,3,140.57,0.11,1.76,110.72,0.8,0.5,0.9,0.37
Londres,LON,GB,51.5074,-0.1278,2026-03-25T10:00:00Z,2026-03-25,10:00,3,139.42,0.15,1.62,108.43,0.78,0.5,0.92,0.42
Londres,LON,GB,51.5074,-0.1278,2026-03-25T11:00:00Z,2026-03-25,11:00,3,138.91,0.18,1.34,110.02,0.77,0.5,1.03,0.47
Londres,LON,GB,51.5074,-0.1278,2026-03-25T12:00:00Z,2026-03-25,12:00,3,137.84,0.2,1.15,112.82,0.76,0.5,1.14,0.51
Londres,LON,GB,51.5074,-0.1278,2026-03-25T13:00:00Z,2026-03-25,13:00,3,137.55,0.19,1.05,113.55,0.74,0.5,1.16,0.51
Londres,LON,GB,51.5074,-0.1278,2026-03-25T14:00:00Z,2026-03-25,14:00,3,137.87,0.17,1.05,113.58,0.73,0.5,1.12,0.49
Londres,LON,GB,51.5074,-0.1278,2026-03-25T15:00:00Z,2026-03-25,15:00,3,138.09,0.15,1.14,113.93,0.74,0.5,1.07,0.49
Londres,LON,GB,51.5074,-0.1278,2026-03-25T16:00:00Z,2026-03-25,16:00,3,138.67,0.13,1.27,113.22,0.76,0.5,0.98,0.5
Londres,LON,GB,51.5074,-0.1278,2026-03-25T17:00:00Z,2026-03-25,17:00,3,139.51,0.1,1.54,110.95,0.8,0.5,0.91,0.54
Londres,LON,GB,51.5074,-0.1278,2026-03-25T18:00:00Z,2026-03-25,18:00,3,140.53,0.04,1.86,108.69,0.84,0.5,0.86,0.59
Londres,LON,GB,51.5074,-0.1278,2026-03-25T19:00:00Z,2026-03-25,19:00,3,140.89,0,2.04,107.2,0.89,0.5,0.83,0.66
Londres,LON,GB,51.5074,-0.1278,2026-03-25T20:00:00Z,2026-03-25,20:00,3,140.68,0,2.17,107.64,0.94,0.5,0.81,0.76
Londres,LON,GB,51.5074,-0.1278,2026-03-25T21:00:00Z,2026-03-25,21:00,3,139.89,0,2.25,108.81,0.98,0.5,0.8,0.85
Londres,LON,GB,51.5074,-0.1278,2026-03-25T22:00:00Z,2026-03-25,22:00,3,138.67,0,2.26,109.13,0.99,0.5,0.79,0.91
Londres,LON,GB,51.5074,-0.1278,2026-03-25T23:00:00Z,2026-03-25,23:00,3,139.21,0,2.29,109.01,1.02,0.5,0.73,0.97
Londres,LON,GB,51.5074,-0.1278,2026-03-26T00:00:00Z,2026-03-26,00:00,3,140.98,0,2.28,107.99,1.01,0.5,0.64,0.98
Londres,LON,GB,51.5074,-0.1278,2026-03-26T01:00:00Z,2026-03-26,01:00,3,142.39,0,2.22,105.36,1,0.5,0.6,0.93
Londres,LON,GB,51.5074,-0.1278,2026-03-26T02:00:00Z,2026-03-26,02:00,3,143.73,0,2.19,102.49,1.03,0.5,0.6,0.9
Londres,LON,GB,51.5074,-0.1278,2026-03-26T03:00:00Z,2026-03-26,03:00,3,144.6,0,2.16,100.51,1.07,0.5,0.6,0.86
Londres,LON,GB,51.5074,-0.1278,2026-03-26T04:00:00Z,2026-03-26,04:00,2,144.66,0,2.18,99.23,1.13,0.5,0.58,0.81
Londres,LON,GB,51.5074,-0.1278,2026-03-26T05:00:00Z,2026-03-26,05:00,2,145.53,0,2.24,99.22,1.19,0.5,0.58,0.74
Londres,LON,GB,51.5074,-0.1278,2026-03-26T06:00:00Z,2026-03-26,06:00,2,145.92,0,2.35,98.96,1.27,0.5,0.58,0.69
Londres,LON,GB,51.5074,-0.1278,2026-03-26T07:00:00Z,2026-03-26,07:00,2,146.04,0.03,2.67,98.31,1.39,0.5,0.58,0.66
Londres,LON,GB,51.5074,-0.1278,2026-03-26T08:00:00Z,2026-03-26,08:00,2,145.98,0.23,2.99,97.9,1.57,0.5,0.62,0.67
Londres,LON,GB,51.5074,-0.1278,2026-03-26T09:00:00Z,2026-03-26,09:00,2,145.92,0.51,3.1,97.66,1.77,0.5,0.69,0.7
Londres,LON,GB,51.5074,-0.1278,2026-03-26T10:00:00Z,2026-03-26,10:00,2,144.9,0.63,2.99,98.52,1.86,0.5,0.78,0.71
Londres,LON,GB,51.5074,-0.1278,2026-03-26T11:00:00Z,2026-03-26,11:00,2,143.88,0.66,3,99.98,2.02,0.51,0.92,0.75
Londres,LON,GB,51.5074,-0.1278,2026-03-26T12:00:00Z,2026-03-26,12:00,3,143.34,0.64,3.09,101.61,2.24,0.72,1.18,0.79
Londres,LON,GB,51.5074,-0.1278,2026-03-26T13:00:00Z,2026-03-26,13:00,3,143.45,0.6,3.18,103.86,2.42,0.95,1.44,0.83
Londres,LON,GB,51.5074,-0.1278,2026-03-26T14:00:00Z,2026-03-26,14:00,3,142.31,0.51,3.23,105.45,2.53,1.38,1.89,0.83
Londres,LON,GB,51.5074,-0.1278,2026-03-26T15:00:00Z,2026-03-26,15:00,3,141.27,0.4,3.41,106.14,2.61,1.41,1.95,0.92
Londres,LON,GB,51.5074,-0.1278,2026-03-26T16:00:00Z,2026-03-26,16:00,3,141.34,0.38,3.59,106.63,2.68,1.48,2.09,1.06
Londres,LON,GB,51.5074,-0.1278,2026-03-26T17:00:00Z,2026-03-26,17:00,3,141.48,0.22,4.2,105.3,2.72,1.41,2.06,1.25
Londres,LON,GB,51.5074,-0.1278,2026-03-26T18:00:00Z,2026-03-26,18:00,3,141.8,0.06,4.84,103,2.7,1.06,1.73,1.49
Londres,LON,GB,51.5074,-0.1278,2026-03-26T19:00:00Z,2026-03-26,19:00,3,143.21,0,5.09,100.72,2.64,0.92,1.59,1.7
Londres,LON,GB,51.5074,-0.1278,2026-03-26T20:00:00Z,2026-03-26,20:00,2,144.28,0,5.21,98.54,2.57,0.85,1.48,1.86
Londres,LON,GB,51.5074,-0.1278,2026-03-26T21:00:00Z,2026-03-26,21:00,2,145.72,0,5.24,96.68,2.5,0.81,1.38,1.99
Londres,LON,GB,51.5074,-0.1278,2026-03-26T22:00:00Z,2026-03-26,22:00,2,146.21,0,5.22,94.8,2.44,0.89,1.42,2.03
Londres,LON,GB,51.5074,-0.1278,2026-03-26T23:00:00Z,2026-03-26,23:00,2,147.25,0,5.52,92.99,2.55,1.13,1.66,2.05
Londres,LON,GB,51.5074,-0.1278,2026-03-27T00:00:00Z,2026-03-27,00:00,2,147.91,0,5.74,92.08,2.68,1.45,2.03,1.99
Londres,LON,GB,51.5074,-0.1278,2026-03-27T01:00:00Z,2026-03-27,01:00,2,146.56,0,5.46,93.28,2.67,1.56,2.26,1.83
Londres,LON,GB,51.5074,-0.1278,2026-03-27T02:00:00Z,2026-03-27,02:00,2,144.05,0,4.7,97.25,2.48,1.27,2.14,1.62
Londres,LON,GB,51.5074,-0.1278,2026-03-27T03:00:00Z,2026-03-27,03:00,3,141.27,0,3.97,101.78,2.27,0.87,1.88,1.39
Londres,LON,GB,51.5074,-0.1278,2026-03-27T04:00:00Z,2026-03-27,04:00,3,139.75,0,3.5,104.87,2.13,0.71,1.81,1.16
Londres,LON,GB,51.5074,-0.1278,2026-03-27T05:00:00Z,2026-03-27,05:00,3,138.64,0,3.37,104.49,2.07,0.78,1.98,0.94
Londres,LON,GB,51.5074,-0.1278,2026-03-27T06:00:00Z,2026-03-27,06:00,3,138.09,0,3.36,102.5,2.03,0.92,2.25,0.75
Londres,LON,GB,51.5074,-0.1278,2026-03-27T07:00:00Z,2026-03-27,07:00,3,138,0,3.45,101.78,2.02,1.08,2.68,0.57
Londres,LON,GB,51.5074,-0.1278,2026-03-27T08:00:00Z,2026-03-27,08:00,3,137.98,0.03,3.64,102.91,2.05,1.22,3.17,0.4
Londres,LON,GB,51.5074,-0.1278,2026-03-27T09:00:00Z,2026-03-27,09:00,3,137.87,0.08,3.63,105.41,2.07,1.29,3.52,0.27
Londres,LON,GB,51.5074,-0.1278,2026-03-27T10:00:00Z,2026-03-27,10:00,3,137.68,0.11,3.51,107.68,2.04,1.38,3.71,0.18
Londres,LON,GB,51.5074,-0.1278,2026-03-27T11:00:00Z,2026-03-27,11:00,3,137.05,0.15,3.4,108.52,1.94,1.51,3.66,0.13
Londres,LON,GB,51.5074,-0.1278,2026-03-27T12:00:00Z,2026-03-27,12:00,3,136.23,0.17,3.33,108.79,1.84,1.53,3.28,0.1
Londres,LON,GB,51.5074,-0.1278,2026-03-27T13:00:00Z,2026-03-27,13:00,3,135.5,0.17,3.59,108.08,1.81,1.45,2.61,0.09
Londres,LON,GB,51.5074,-0.1278,2026-03-27T14:00:00Z,2026-03-27,14:00,3,134.37,0.18,4.16,106.23,1.93,1.4,2.26,0.1
Londres,LON,GB,51.5074,-0.1278,2026-03-27T15:00:00Z,2026-03-27,15:00,3,132.87,0.17,4.56,103.83,2.01,1.44,2.27,0.09
Londres,LON,GB,51.5074,-0.1278,2026-03-27T16:00:00Z,2026-03-27,16:00,3,131.65,0.12,5.25,100.78,2.16,1.61,2.47,0.1
Londres,LON,GB,51.5074,-0.1278,2026-03-27T17:00:00Z,2026-03-27,17:00,2,131.28,0.06,6.52,96.61,2.42,1.89,2.76,0.12
Londres,LON,GB,51.5074,-0.1278,2026-03-27T18:00:00Z,2026-03-27,18:00,2,131.29,0.02,7.72,91.49,2.62,2.24,3.08,0.16
Londres,LON,GB,51.5074,-0.1278,2026-03-27T19:00:00Z,2026-03-27,19:00,2,130.61,0,8.28,85.37,2.92,2.57,3.53,0.28
Londres,LON,GB,51.5074,-0.1278,2026-03-27T20:00:00Z,2026-03-27,20:00,2,127.75,0,8.13,79.22,3.14,2.5,3.55,0.58
Londres,LON,GB,51.5074,-0.1278,2026-03-27T21:00:00Z,2026-03-27,21:00,2,125.93,0,7.55,77.64,3.12,2.07,3.05,1.05
Londres,LON,GB,51.5074,-0.1278,2026-03-27T22:00:00Z,2026-03-27,22:00,2,127.47,0,6.46,84.72,2.69,1.67,2.66,1.4
Londres,LON,GB,51.5074,-0.1278,2026-03-27T23:00:00Z,2026-03-27,23:00,2,130.82,0,5.8,93.67,2.49,1.52,2.79,1.54
Londres,LON,GB,51.5074,-0.1278,2026-03-28T00:00:00Z,2026-03-28,00:00,2,134.17,0,5.27,99.26,2.32,1.49,3.22,1.62
Londres,LON,GB,51.5074,-0.1278,2026-03-28T01:00:00Z,2026-03-28,01:00,2,136.32,0,4.95,99.45,2.21,1.44,3.37,1.62
Londres,LON,GB,51.5074,-0.1278,2026-03-28T02:00:00Z,2026-03-28,02:00,2,137.73,0,4.89,96.65,2.16,1.33,3.06,1.53
Londres,LON,GB,51.5074,-0.1278,2026-03-28T03:00:00Z,2026-03-28,03:00,2,138.01,0,4.59,95.22,2.03,1.13,2.5,1.35
Londres,LON,GB,51.5074,-0.1278,2026-03-28T04:00:00Z,2026-03-28,04:00,2,136.85,0,4.05,96.95,1.86,0.9,1.98,1.15
Londres,LON,GB,51.5074,-0.1278,2026-03-28T05:00:00Z,2026-03-28,05:00,3,137,0,3.44,101.61,1.69,0.73,1.77,1
Londres,LON,GB,51.5074,-0.1278,2026-03-28T06:00:00Z,2026-03-28,06:00,3,138.01,0,2.98,104.89,1.55,0.64,1.83,0.91
Londres,LON,GB,51.5074,-0.1278,2026-03-28T07:00:00Z,2026-03-28,07:00,3,139.23,0.03,2.37,106.5,1.2,0.55,1.81,0.78
Londres,LON,GB,51.5074,-0.1278,2026-03-28T08:00:00Z,2026-03-28,08:00,3,140.47,0.16,2.17,105.59,1.12,0.5,1.62,0.76
Londres,LON,GB,51.5074,-0.1278,2026-03-28T09:00:00Z,2026-03-28,09:00,3,140.96,0.29,1.97,104.36,1.13,0.5,1.31,0.8
Londres,LON,GB,51.5074,-0.1278,2026-03-28T10:00:00Z,2026-03-28,10:00,3,140.33,0.33,1.68,103.5,1.06,0.5,1,0.8
Londres,LON,GB,51.5074,-0.1278,2026-03-28T11:00:00Z,2026-03-28,11:00,3,139.84,0.3,1.49,103.68,1.01,0.5,0.8,0.77
Londres,LON,GB,51.5074,-0.1278,2026-03-28T12:00:00Z,2026-03-28,12:00,3,139.26,0.27,1.39,105.08,0.98,0.5,0.74,0.75
Londres,LON,GB,51.5074,-0.1278,2026-03-28T13:00:00Z,2026-03-28,13:00,3,138.65,0.23,1.29,107.99,0.93,0.5,0.72,0.7
Londres,LON,GB,51.5074,-0.1278,2026-03-28T14:00:00Z,2026-03-28,14:00,3,137.33,0.2,1.22,110.7,0.88,0.5,0.72,0.61
Londres,LON,GB,51.5074,-0.1278,2026-03-28T15:00:00Z,2026-03-28,15:00,3,136.49,0.17,1.23,111.13,0.86,0.5,0.7,0.55
Londres,LON,GB,51.5074,-0.1278,2026-03-28T16:00:00Z,2026-03-28,16:00,3,137.5,0.15,1.38,108.57,0.87,0.5,0.64,0.53
Londres,LON,GB,51.5074,-0.1278,2026-03-28T17:00:00Z,2026-03-28,17:00,3,139.13,0.12,1.7,104.35,0.94,0.5,0.62,0.59
Londres,LON,GB,51.5074,-0.1278,2026-03-28T18:00:00Z,2026-03-28,18:00,3,140.47,0.05,2.13,100.61,1.01,0.5,0.65,0.7
Londres,LON,GB,51.5074,-0.1278,2026-03-28T19:00:00Z,2026-03-28,19:00,2,141.45,0,2.4,98.82,1.08,0.5,0.7,0.83
Londres,LON,GB,51.5074,-0.1278,2026-03-28T20:00:00Z,2026-03-28,20:00,2,142.35,0,2.48,98.98,1.13,0.5,0.71,0.94
Londres,LON,GB,51.5074,-0.1278,2026-03-28T21:00:00Z,2026-03-28,21:00,2,142.87,0,2.47,99.56,1.14,0.5,0.68,1.03
Londres,LON,GB,51.5074,-0.1278,2026-03-28T22:00:00Z,2026-03-28,22:00,2,142.54,0,2.65,98.33,1.23,0.5,0.68,1.18
Londres,LON,GB,51.5074,-0.1278,2026-03-28T23:00:00Z,2026-03-28,23:00,2,142.87,0,2.95,97.02,1.37,0.5,0.72,1.33
Londres,LON,GB,51.5074,-0.1278,2026-03-29T00:00:00Z,2026-03-29,00:00,2,143.11,0,3.09,96.52,1.45,0.5,0.73,1.34
Londres,LON,GB,51.5074,-0.1278,2026-03-29T01:00:00Z,2026-03-29,01:00,2,142.7,0,3.41,95.23,1.62,0.5,0.76,1.33
Londres,LON,GB,51.5074,-0.1278,2026-03-29T02:00:00Z,2026-03-29,02:00,2,142.79,0,3.8,94.47,1.85,0.5,0.77,1.3
Londres,LON,GB,51.5074,-0.1278,2026-03-29T03:00:00Z,2026-03-29,03:00,2,142.78,0,3.97,94.28,1.98,0.5,0.75,1.19
Londres,LON,GB,51.5074,-0.1278,2026-03-29T04:00:00Z,2026-03-29,04:00,2,142.82,0,4.16,93.9,2.09,0.5,0.73,1.08
Londres,LON,GB,51.5074,-0.1278,2026-03-29T05:00:00Z,2026-03-29,05:00,2,143.1,0,4.36,94.14,2.23,0.5,0.72,1
Londres,LON,GB,51.5074,-0.1278,2026-03-29T06:00:00Z,2026-03-29,06:00,2,143.47,0,4.52,95.12,2.35,0.5,0.71,0.96
Londres,LON,GB,51.5074,-0.1278,2026-03-29T07:00:00Z,2026-03-29,07:00,2,143.48,0.08,4.79,96.29,2.47,0.5,0.72,0.95
Londres,LON,GB,51.5074,-0.1278,2026-03-29T08:00:00Z,2026-03-29,08:00,2,142.93,0.38,4.48,98.32,2.53,0.5,0.75,0.96
Londres,LON,GB,51.5074,-0.1278,2026-03-29T09:00:00Z,2026-03-29,09:00,3,141.9,0.61,3.85,100.67,2.49,0.5,0.8,1.01
Londres,LON,GB,51.5074,-0.1278,2026-03-29T10:00:00Z,2026-03-29,10:00,3,140.93,0.2,3.37,102.66,2,0.5,0.82,1.09
Londres,LON,GB,51.5074,-0.1278,2026-03-29T11:00:00Z,2026-03-29,11:00,3,139.95,0.18,2.9,102.75,1.77,0.5,0.89,1.14
Londres,LON,GB,51.5074,-0.1278,2026-03-29T12:00:00Z,2026-03-29,12:00,3,139.44,0.17,2.6,102.59,1.61,0.5,1.1,1.03
Londres,LON,GB,51.5074,-0.1278,2026-03-29T13:00:00Z,2026-03-29,13:00,3,139.31,0.15,2.37,104.71,1.46,0.57,1.73,0.73
Londres,LON,GB,51.5074,-0.1278,2026-03-29T14:00:00Z,2026-03-29,14:00,3,138.52,0.15,2.3,106.74,1.42,0.76,2.55,0.5
Londres,LON,GB,51.5074,-0.1278,2026-03-29T15:00:00Z,2026-03-29,15:00,3,137.44,0.14,2.31,106.98,1.45,0.94,3.28,0.41
Londres,LON,GB,51.5074,-0.1278,2026-03-29T16:00:00Z,2026-03-29,16:00,3,136.86,0.05,2.48,107.15,1.47,1.1,3.88,0.32
Londres,LON,GB,51.5074,-0.1278,2026-03-29T17:00:00Z,2026-03-29,17:00,3,135.95,0.02,2.67,108,1.51,1.25,4.58,0.27
Londres,LON,GB,51.5074,-0.1278,2026-03-29T18:00:00Z,2026-03-29,18:00,3,134.55,0,2.75,109.25,1.54,1.49,5.36,0.24
Londres,LON,GB,51.5074,-0.1278,2026-03-29T19:00:00Z,2026-03-29,19:00,3,133.29,0,2.81,110.28,1.54,1.84,5.78,0.22
Londres,LON,GB,51.5074,-0.1278,2026-03-29T20:00:00Z,2026-03-29,20:00,3,131.69,0,2.99,110.44,1.54,2.19,5.7,0.21
Londres,LON,GB,51.5074,-0.1278,2026-03-29T21:00:00Z,2026-03-29,21:00,3,130.84,0,3.13,110.2,1.51,2.23,4.91,0.23
Londres,LON,GB,51.5074,-0.1278,2026-03-29T22:00:00Z,2026-03-29,22:00,3,130.48,0,3.36,109.17,1.6,2.13,4.36,0.29
Londres,LON,GB,51.5074,-0.1278,2026-03-29T23:00:00Z,2026-03-29,23:00,3,129.59,0,3.69,106.06,1.77,2.01,3.97,0.4
Londres,LON,GB,51.5074,-0.1278,2026-03-30T00:00:00Z,2026-03-30,00:00,3,128.41,0,3.79,101.99,1.84,1.91,3.53,0.55
Londres,LON,GB,51.5074,-0.1278,2026-03-30T01:00:00Z,2026-03-30,01:00,2,127.64,0,3.78,97.85,1.92,2.09,3.62,0.72
Londres,LON,GB,51.5074,-0.1278,2026-03-30T02:00:00Z,2026-03-30,02:00,2,127.38,0,3.76,93.66,1.99,2.53,4.27,0.92
Londres,LON,GB,51.5074,-0.1278,2026-03-30T03:00:00Z,2026-03-30,03:00,2,127.67,0,3.91,89.96,2.09,2.96,4.98,1.12
Londres,LON,GB,51.5074,-0.1278,2026-03-30T04:00:00Z,2026-03-30,04:00,2,128.52,0,4.14,87.51,2.18,3.16,5.38,1.28
Londres,LON,GB,51.5074,-0.1278,2026-03-30T05:00:00Z,2026-03-30,05:00,2,129.73,0,4.24,87.63,2.21,3.19,5.66,1.41
Londres,LON,GB,51.5074,-0.1278,2026-03-30T06:00:00Z,2026-03-30,06:00,2,131.04,0,4.18,90.1,2.19,3.18,6.14,1.49
Londres,LON,GB,51.5074,-0.1278,2026-03-30T07:00:00Z,2026-03-30,07:00,2,131.75,0.06,3.97,96.2,2.01,3.02,6.77,1.43
Londres,LON,GB,51.5074,-0.1278,2026-03-30T08:00:00Z,2026-03-30,08:00,3,132.89,0.23,3.7,101.64,1.91,2.89,7.43,1.31
Londres,LON,GB,51.5074,-0.1278,2026-03-30T09:00:00Z,2026-03-30,09:00,3,134.33,0.38,3.41,104.4,1.85,2.83,8.07,1.27
Londres,LON,GB,51.5074,-0.1278,2026-03-30T10:00:00Z,2026-03-30,10:00,3,134.77,0.37,3.18,106.57,1.76,2.65,8.29,1.23
Londres,LON,GB,51.5074,-0.1278,2026-03-30T11:00:00Z,2026-03-30,11:00,3,135.53,0.39,3.28,107.4,1.89,2.44,7.95,1.24
Londres,LON,GB,51.5074,-0.1278,2026-03-30T12:00:00Z,2026-03-30,12:00,3,135.82,0.36,3.44,107.83,2.03,2.25,7.42,1.28
Londres,LON,GB,51.5074,-0.1278,2026-03-30T13:00:00Z,2026-03-30,13:00,3,135.85,0.37,3.43,109.24,2.13,2.12,6.87,1.32
Londres,LON,GB,51.5074,-0.1278,2026-03-30T14:00:00Z,2026-03-30,14:00,3,134.48,0.4,3.28,110.58,2.19,2.06,6.45,1.34
Londres,LON,GB,51.5074,-0.1278,2026-03-30T15:00:00Z,2026-03-30,15:00,3,133.21,0.41,3.31,111.6,2.27,2.03,6.29,1.37
Londres,LON,GB,51.5074,-0.1278,2026-03-30T16:00:00Z,2026-03-30,16:00,3,132.8,0.39,3.6,112.21,2.35,2,6.38,1.46
Londres,LON,GB,51.5074,-0.1278,2026-03-30T17:00:00Z,2026-03-30,17:00,3,133.33,0.28,4.3,111.61,2.45,1.98,6.52,1.6
Londres,LON,GB,51.5074,-0.1278,2026-03-30T18:00:00Z,2026-03-30,18:00,3,134.42,0.11,5.13,110.45,2.54,2,6.63,1.78
Londres,LON,GB,51.5074,-0.1278,2026-03-30T19:00:00Z,2026-03-30,19:00,3,135.23,0,5.39,109.44,2.59,2.04,6.68,1.93
Londres,LON,GB,51.5074,-0.1278,2026-03-30T20:00:00Z,2026-03-30,20:00,3,135.94,0,5.35,108.49,2.64,2.08,6.81,2.04
Londres,LON,GB,51.5074,-0.1278,2026-03-30T21:00:00Z,2026-03-30,21:00,3,136.17,0,5.21,107.94,2.63,2.1,6.94,2.06
Londres,LON,GB,51.5074,-0.1278,2026-03-30T22:00:00Z,2026-03-30,22:00,3,136.5,0,6.61,103.58,3.32,2.22,7.28,2.09
Londres,LON,GB,51.5074,-0.1278,2026-03-30T23:00:00Z,2026-03-30,23:00,2,138.46,0,9.6,95.61,4.56,2.52,8.01,2.16
Londres,LON,GB,51.5074,-0.1278,2026-03-31T00:00:00Z,2026-03-31,00:00,2,140.22,0,11.51,88.84,5.32,2.86,8.87,2.12
Londres,LON,GB,51.5074,-0.1278,2026-03-31T01:00:00Z,2026-03-31,01:00,2,140.79,0,12.48,83.09,5.7,3.26,9.85,2
Londres,LON,GB,51.5074,-0.1278,2026-03-31T02:00:00Z,2026-03-31,02:00,2,141.49,0,12.99,79.14,5.93,3.44,10.68,1.93
Londres,LON,GB,51.5074,-0.1278,2026-03-31T03:00:00Z,2026-03-31,03:00,2,142.18,0,13.17,76.65,6.02,3.67,11.55,1.87
Londres,LON,GB,51.5074,-0.1278,2026-03-31T04:00:00Z,2026-03-31,04:00,2,143.19,0,13.29,74.75,6.1,4.04,12.34,1.82
Londres,LON,GB,51.5074,-0.1278,2026-03-31T05:00:00Z,2026-03-31,05:00,2,143.66,0,13.66,72.05,6.32,4.41,12.73,1.77
Londres,LON,GB,51.5074,-0.1278,2026-03-31T06:00:00Z,2026-03-31,06:00,2,143.84,0,14.26,68.87,6.62,4.78,12.62,1.7
Londres,LON,GB,51.5074,-0.1278,2026-03-31T07:00:00Z,2026-03-31,07:00,2,143.7,0.07,15.25,65.66,6.75,4.97,11.92,1.59
Londres,LON,GB,51.5074,-0.1278,2026-03-31T08:00:00Z,2026-03-31,08:00,2,143.24,0.47,15.83,63.18,6.55,4.55,10.1,1.5
Londres,LON,GB,51.5074,-0.1278,2026-03-31T09:00:00Z,2026-03-31,09:00,2,142.58,1.08,15.02,61.11,6.24,3.97,8.29,1.43
Londres,LON,GB,51.5074,-0.1278,2026-03-31T10:00:00Z,2026-03-31,10:00,2,142.16,1.84,13.87,60.19,5.88,3.5,6.93,1.32
Londres,LON,GB,51.5074,-0.1278,2026-03-31T11:00:00Z,2026-03-31,11:00,1,141.87,2.83,13.59,58.69,5.95,3.46,6.49,1.18
Londres,LON,GB,51.5074,-0.1278,2026-03-31T12:00:00Z,2026-03-31,12:00,1,140.72,3.58,13.41,57.75,6.06,3.41,6.17,1.11
Londres,LON,GB,51.5074,-0.1278,2026-03-31T13:00:00Z,2026-03-31,13:00,1,139.23,3.89,13.64,56.87,6.08,3.31,5.88,1.06
Londres,LON,GB,51.5074,-0.1278,2026-03-31T14:00:00Z,2026-03-31,14:00,1,135.39,4.01,13.92,56.2,5.96,3.16,5.54,0.97
Londres,LON,GB,51.5074,-0.1278,2026-03-31T15:00:00Z,2026-03-31,15:00,1,131.66,3.86,14.47,55.58,5.9,3.06,5.25,0.9
Londres,LON,GB,51.5074,-0.1278,2026-03-31T16:00:00Z,2026-03-31,16:00,1,128.68,3.19,15.43,55.03,5.84,2.94,4.96,0.88
Londres,LON,GB,51.5074,-0.1278,2026-03-31T17:00:00Z,2026-03-31,17:00,1,125.99,1.88,17.25,53.35,5.82,2.78,4.58,0.92
Londres,LON,GB,51.5074,-0.1278,2026-03-31T18:00:00Z,2026-03-31,18:00,1,125,0.56,19.37,51.23,6.04,2.71,4.3,1.01
Londres,LON,GB,51.5074,-0.1278,2026-03-31T19:00:00Z,2026-03-31,19:00,1,125.83,0.02,19.7,51.39,6.52,2.72,4.11,1.15
Londres,LON,GB,51.5074,-0.1278,2026-03-31T20:00:00Z,2026-03-31,20:00,1,127.17,0,20.08,50.19,6.66,2.78,4.14,1.18
Londres,LON,GB,51.5074,-0.1278,2026-03-31T21:00:00Z,2026-03-31,21:00,1,128.51,0,20.04,49.26,6.57,2.82,4.19,1.17
Londres,LON,GB,51.5074,-0.1278,2026-03-31T22:00:00Z,2026-03-31,22:00,1,128.7,0,17.99,50.18,5.96,2.73,4.04,1.27
Londres,LON,GB,51.5074,-0.1278,2026-03-31T23:00:00Z,2026-03-31,23:00,1,129.23,0,16.24,50.28,5.56,2.69,4.02,1.28
Londres,LON,GB,51.5074,-0.1278,2026-04-01T00:00:00Z,2026-04-01,00:00,1,129.01,0,14.72,51.11,5.34,2.7,4.1,1.28
Londres,LON,GB,51.5074,-0.1278,2026-04-01T01:00:00Z,2026-04-01,01:00,1,126.86,0,12.77,54.37,5.16,2.98,4.56,1.31
Londres,LON,GB,51.5074,-0.1278,2026-04-01T02:00:00Z,2026-04-01,02:00,1,125.55,0,11.68,58.68,5.01,3.02,4.91,1.36
Londres,LON,GB,51.5074,-0.1278,2026-04-01T03:00:00Z,2026-04-01,03:00,2,124.51,0,10.76,63.65,4.85,3.03,5.17,1.41
Londres,LON,GB,51.5074,-0.1278,2026-04-01T04:00:00Z,2026-04-01,04:00,2,124.24,0,10.03,68.21,4.69,3.09,5.3,1.47
Londres,LON,GB,51.5074,-0.1278,2026-04-01T05:00:00Z,2026-04-01,05:00,2,124.64,0,9.91,69.84,4.7,3.23,5.33,1.54
Londres,LON,GB,51.5074,-0.1278,2026-04-01T06:00:00Z,2026-04-01,06:00,2,125.51,0,10.25,68.79,4.83,3.47,5.43,1.64
Londres,LON,GB,51.5074,-0.1278,2026-04-01T07:00:00Z,2026-04-01,07:00,2,126.81,0.08,11.46,65.85,5.17,3.84,5.69,1.75
Londres,LON,GB,51.5074,-0.1278,2026-04-01T08:00:00Z,2026-04-01,08:00,2,128.72,0.53,13.18,62.97,5.61,3.99,5.78,1.84
Londres,LON,GB,51.5074,-0.1278,2026-04-01T09:00:00Z,2026-04-01,09:00,2,130.44,1.3,13.81,62.28,5.94,4.06,5.81,1.85
Londres,LON,GB,51.5074,-0.1278,2026-04-01T10:00:00Z,2026-04-01,10:00,2,131.38,1.8,13.11,65.72,6.05,4.09,5.79,1.77
Londres,LON,GB,51.5074,-0.1278,2026-04-01T11:00:00Z,2026-04-01,11:00,2,129.93,1.57,11.38,73.44,5.58,3.68,5.25,1.6
Londres,LON,GB,51.5074,-0.1278,2026-04-01T12:00:00Z,2026-04-01,12:00,2,128.1,1.17,9.28,81.71,4.85,3.37,4.82,1.48
Londres,LON,GB,51.5074,-0.1278,2026-04-01T13:00:00Z,2026-04-01,13:00,2,127.06,0.68,7.65,89.09,4.14,3.1,4.45,1.43
Londres,LON,GB,51.5074,-0.1278,2026-04-01T14:00:00Z,2026-04-01,14:00,2,127.36,0.62,7.76,93.07,4.35,3.02,4.42,1.44
Londres,LON,GB,51.5074,-0.1278,2026-04-01T15:00:00Z,2026-04-01,15:00,2,127.75,0.56,8.14,94.79,4.5,2.96,4.44,1.49
Londres,LON,GB,51.5074,-0.1278,2026-04-01T16:00:00Z,2026-04-01,16:00,2,128.21,0.51,9.01,94.15,4.71,2.77,4.36,1.58
Londres,LON,GB,51.5074,-0.1278,2026-04-01T17:00:00Z,2026-04-01,17:00,2,128.83,0.4,10.83,91.71,5.25,2.42,4.1,1.67
Londres,LON,GB,51.5074,-0.1278,2026-04-01T18:00:00Z,2026-04-01,18:00,2,129.36,0.18,12.68,88.56,5.77,2.2,3.91,1.75
Londres,LON,GB,51.5074,-0.1278,2026-04-01T19:00:00Z,2026-04-01,19:00,2,130.22,0.01,13.73,85.6,6.15,2.18,3.84,1.86
Londres,LON,GB,51.5074,-0.1278,2026-04-01T20:00:00Z,2026-04-01,20:00,2,130.66,0,14.13,82.61,6.34,2.27,3.83,2.05
Londres,LON,GB,51.5074,-0.1278,2026-04-01T21:00:00Z,2026-04-01,21:00,2,131.11,0,14.12,80.42,6.33,2.43,3.93,2.23
Londres,LON,GB,51.5074,-0.1278,2026-04-01T22:00:00Z,2026-04-01,22:00,2,131.32,0,13.73,79.15,6.13,2.63,4.18,2.28
Londres,LON,GB,51.5074,-0.1278,2026-04-01T23:00:00Z,2026-04-01,23:00,2,131.12,0,13.45,78.15,5.98,2.88,4.6,2.17
Londres,LON,GB,51.5074,-0.1278,2026-04-02T00:00:00Z,2026-04-02,00:00,2,130.72,0,13,77.22,5.84,3.15,5.09,2
Londres,LON,GB,51.5074,-0.1278,2026-04-02T01:00:00Z,2026-04-02,01:00,2,129.32,0,12.21,76.34,5.63,3.24,5.38,1.87
Londres,LON,GB,51.5074,-0.1278,2026-04-02T02:00:00Z,2026-04-02,02:00,2,128.99,0,11.5,74.22,5.34,3.56,5.81,1.8
Londres,LON,GB,51.5074,-0.1278,2026-04-02T03:00:00Z,2026-04-02,03:00,2,129.69,0,11.1,70.72,5.08,4.21,6.39,1.85
Londres,LON,GB,51.5074,-0.1278,2026-04-02T04:00:00Z,2026-04-02,04:00,2,130.26,0,9.43,69.89,4.16,4.46,6.11,2.04
Londres,LON,GB,51.5074,-0.1278,2026-04-02T05:00:00Z,2026-04-02,05:00,2,130.98,0,8.42,69.38,3.75,3.99,5.14,2.25
Londres,LON,GB,51.5074,-0.1278,2026-04-02T06:00:00Z,2026-04-02,06:00,2,133.41,0,7.84,70.33,3.75,3.43,4.3,2.27
Londres,LON,GB,51.5074,-0.1278,2026-04-02T07:00:00Z,2026-04-02,07:00,2,137.09,0.11,7.48,73.31,3.76,2.78,3.53,2.17
Londres,LON,GB,51.5074,-0.1278,2026-04-02T08:00:00Z,2026-04-02,08:00,2,141.38,0.65,7.33,76.32,3.88,2.51,3.21,2.05
Londres,LON,GB,51.5074,-0.1278,2026-04-02T09:00:00Z,2026-04-02,09:00,2,144.45,1.4,7.18,77.46,4.07,2.66,3.35,1.99
Londres,LON,GB,51.5074,-0.1278,2026-04-02T10:00:00Z,2026-04-02,10:00,2,144.3,1.9,6.86,77.65,4.12,3.03,3.69,1.87
Londres,LON,GB,51.5074,-0.1278,2026-04-02T11:00:00Z,2026-04-02,11:00,2,143.31,1.91,6.36,79.07,3.99,3.31,3.9,1.7
Londres,LON,GB,51.5074,-0.1278,2026-04-02T12:00:00Z,2026-04-02,12:00,2,142.52,1.85,6,80.82,3.95,3.7,4.25,1.64
Londres,LON,GB,51.5074,-0.1278,2026-04-02T13:00:00Z,2026-04-02,13:00,2,142.24,1.68,5.66,84.44,3.9,4.08,4.58,1.57
Londres,LON,GB,51.5074,-0.1278,2026-04-02T14:00:00Z,2026-04-02,14:00,2,141.14,1.41,5.37,89.86,3.83,4.38,4.84,1.46
Londres,LON,GB,51.5074,-0.1278,2026-04-02T15:00:00Z,2026-04-02,15:00,2,140.14,1.18,5.32,94.62,3.89,4.7,5.15,1.4
Londres,LON,GB,51.5074,-0.1278,2026-04-02T16:00:00Z,2026-04-02,16:00,2,139.77,0.96,5.5,98.12,3.99,4.78,5.23,1.47
Londres,LON,GB,51.5074,-0.1278,2026-04-02T17:00:00Z,2026-04-02,17:00,2,139.16,0.65,5.89,99.88,4.04,4.92,5.39,1.56
Londres,LON,GB,51.5074,-0.1278,2026-04-02T18:00:00Z,2026-04-02,18:00,3,138.66,0.25,6.21,100.98,3.85,4.75,5.26,1.65
Londres,LON,GB,51.5074,-0.1278,2026-04-02T19:00:00Z,2026-04-02,19:00,3,138.44,0.01,5.75,102.65,3.54,4.45,5.02,1.69
Londres,LON,GB,51.5074,-0.1278,2026-04-02T20:00:00Z,2026-04-02,20:00,3,138.12,0,4.99,103.68,3.27,4.24,4.91,1.68
Londres,LON,GB,51.5074,-0.1278,2026-04-02T21:00:00Z,2026-04-02,21:00,3,137.81,0,4.46,104.07,3.05,4.03,4.81,1.63
Londres,LON,GB,51.5074,-0.1278,2026-04-02T22:00:00Z,2026-04-02,22:00,3,137.19,0,4.14,103.86,2.93,3.7,4.62,1.54
Londres,LON,GB,51.5074,-0.1278,2026-04-02T23:00:00Z,2026-04-02,23:00,3,135.97,0,4.06,103.23,2.97,3.21,4.3,1.44
Londres,LON,GB,51.5074,-0.1278,2026-04-03T00:00:00Z,2026-04-03,00:00,3,134.66,0,4.06,103.41,3.02,2.48,3.78,1.32
Londres,LON,GB,51.5074,-0.1278,2026-04-03T01:00:00Z,2026-04-03,01:00,3,133.44,0,4.06,105.51,2.99,1.71,3.2,1.1
Londres,LON,GB,51.5074,-0.1278,2026-04-03T02:00:00Z,2026-04-03,02:00,3,132.58,0,4.14,107.84,2.88,1.37,2.89,0.71
Londres,LON,GB,51.5074,-0.1278,2026-04-03T03:00:00Z,2026-04-03,03:00,3,132.2,0,4.19,108.49,2.71,1.26,2.6,0.37
Londres,LON,GB,51.5074,-0.1278,2026-04-03T04:00:00Z,2026-04-03,04:00,3,132.58,0,4.24,108.09,2.46,1.23,2.22,0.2
Londres,LON,GB,51.5074,-0.1278,2026-04-03T05:00:00Z,2026-04-03,05:00,3,132.98,0,4.2,106.83,2.21,1.23,2.02,0.18
Londres,LON,GB,51.5074,-0.1278,2026-04-03T06:00:00Z,2026-04-03,06:00,3,133.56,0,4.07,103.79,2.05,1.29,2.03,0.24
Londres,LON,GB,51.5074,-0.1278,2026-04-03T07:00:00Z,2026-04-03,07:00,2,132.94,0,4.07,98.7,1.97,1.43,2.2,0.29
Londres,LON,GB,51.5074,-0.1278,2026-04-03T08:00:00Z,2026-04-03,08:00,2,130.19,0.02,4.44,92.61,2.02,1.72,2.59,0.27
Londres,LON,GB,51.5074,-0.1278,2026-04-03T09:00:00Z,2026-04-03,09:00,2,126.52,0.06,4.83,89.33,2.12,2.22,3.19,0.21
Londres,LON,GB,51.5074,-0.1278,2026-04-03T10:00:00Z,2026-04-03,10:00,2,124.78,0.14,5.17,89.94,2.33,2.91,4.16,0.19
Londres,LON,GB,51.5074,-0.1278,2026-04-03T11:00:00Z,2026-04-03,11:00,2,124.12,0.21,5.52,91.38,2.61,3.61,5.27,0.18
Londres,LON,GB,51.5074,-0.1278,2026-04-03T12:00:00Z,2026-04-03,12:00,2,124.29,0.28,5.68,92.74,2.78,4.3,6.33,0.16
Londres,LON,GB,51.5074,-0.1278,2026-04-03T13:00:00Z,2026-04-03,13:00,2,125.24,0.51,5.28,94.91,2.98,5.08,7.86,0.15
Londres,LON,GB,51.5074,-0.1278,2026-04-03T14:00:00Z,2026-04-03,14:00,2,125.92,0.44,5.23,96.07,3.18,5.93,10.17,0.15
Londres,LON,GB,51.5074,-0.1278,2026-04-03T15:00:00Z,2026-04-03,15:00,2,126.33,0.35,5.23,97.54,3.41,6.78,13.74,0.15
Londres,LON,GB,51.5074,-0.1278,2026-04-03T16:00:00Z,2026-04-03,16:00,2,126.69,0.33,5.08,99.76,3.58,7.53,18.38,0.15
Londres,LON,GB,51.5074,-0.1278,2026-04-03T17:00:00Z,2026-04-03,17:00,3,126.91,0.13,5.17,101.45,3.61,7.92,21.93,0.15
Londres,LON,GB,51.5074,-0.1278,2026-04-03T18:00:00Z,2026-04-03,18:00,3,126.93,0.03,5.2,101.95,3.55,8.12,23.33,0.15
Londres,LON,GB,51.5074,-0.1278,2026-04-03T19:00:00Z,2026-04-03,19:00,3,126.99,0,5.13,101.52,3.48,8.14,23.24,0.16
Londres,LON,GB,51.5074,-0.1278,2026-04-03T20:00:00Z,2026-04-03,20:00,3,126.98,0,5.1,101.03,3.42,7.98,22.38,0.17
Londres,LON,GB,51.5074,-0.1278,2026-04-03T21:00:00Z,2026-04-03,21:00,3,126.97,0,4.98,100.62,3.27,7.59,20.64,0.2
Londres,LON,GB,51.5074,-0.1278,2026-04-03T22:00:00Z,2026-04-03,22:00,3,127.09,0,4.55,100.39,2.95,6.93,18.06,0.23
Londres,LON,GB,51.5074,-0.1278,2026-04-03T23:00:00Z,2026-04-03,23:00,2,128,0,4.42,99.55,2.83,6.43,15.99,0.28
Londres,LON,GB,51.5074,-0.1278,2026-04-04T00:00:00Z,2026-04-04,00:00,2,128.99,0,4.49,98.32,2.84,6.27,14.96,0.34
Londres,LON,GB,51.5074,-0.1278,2026-04-04T01:00:00Z,2026-04-04,01:00,2,129.47,0,4.8,96.39,2.99,6.22,14.24,0.4
Londres,LON,GB,51.5074,-0.1278,2026-04-04T02:00:00Z,2026-04-04,02:00,2,129.98,0,5.38,94.82,3.27,6.33,13.98,0.42
Londres,LON,GB,51.5074,-0.1278,2026-04-04T03:00:00Z,2026-04-04,03:00,2,130.3,0,5.55,94.37,3.33,6.29,13.47,0.39
Londres,LON,GB,51.5074,-0.1278,2026-04-04T04:00:00Z,2026-04-04,04:00,2,129.94,0,5.59,94.54,3.23,6.19,12.49,0.3
Londres,LON,GB,51.5074,-0.1278,2026-04-04T05:00:00Z,2026-04-04,05:00,2,129.55,0,5.67,95.33,3.17,6.23,12.27,0.2
Londres,LON,GB,51.5074,-0.1278,2026-04-04T06:00:00Z,2026-04-04,06:00,2,128.89,0,5.7,96.53,3.2,6.38,13.1,0.15
Londres,LON,GB,51.5074,-0.1278,2026-04-04T07:00:00Z,2026-04-04,07:00,2,128.81,0.01,6.58,95.73,3.71,6.61,15.05,0.21
Londres,LON,GB,51.5074,-0.1278,2026-04-04T08:00:00Z,2026-04-04,08:00,2,128.56,0.09,7.46,93.84,4.06,6.38,15.82,0.37
Londres,LON,GB,51.5074,-0.1278,2026-04-04T09:00:00Z,2026-04-04,09:00,2,128.32,0.26,7.28,92.02,3.95,5.73,14.5,0.6
Londres,LON,GB,51.5074,-0.1278,2026-04-04T10:00:00Z,2026-04-04,10:00,2,127.85,0.71,6.05,91.45,3.68,5.12,12.86,0.89
Londres,LON,GB,51.5074,-0.1278,2026-04-04T11:00:00Z,2026-04-04,11:00,2,127.33,0.81,5.11,92.38,3.41,4.67,11.58,1.23
Londres,LON,GB,51.5074,-0.1278,2026-04-04T12:00:00Z,2026-04-04,12:00,2,126.81,0.79,4.41,94.91,3.23,4.48,10.81,1.61
Londres,LON,GB,51.5074,-0.1278,2026-04-04T13:00:00Z,2026-04-04,13:00,2,126.2,0.8,3.69,98.57,3.08,4.8,10.71,1.9
Londres,LON,GB,51.5074,-0.1278,2026-04-04T14:00:00Z,2026-04-04,14:00,3,124.95,0.69,3.64,100.24,3.13,5.19,10.96,2.09
Londres,LON,GB,51.5074,-0.1278,2026-04-04T15:00:00Z,2026-04-04,15:00,3,123.62,0.61,3.85,100.95,3.23,5.15,10.89,2.25
Londres,LON,GB,51.5074,-0.1278,2026-04-04T16:00:00Z,2026-04-04,16:00,3,123.59,0.47,4.34,102.21,3.37,5,10.72,2.34
Londres,LON,GB,51.5074,-0.1278,2026-04-04T17:00:00Z,2026-04-04,17:00,3,122.37,0.25,4.84,101.72,3.39,4.48,9.92,2.29
Londres,LON,GB,51.5074,-0.1278,2026-04-04T18:00:00Z,2026-04-04,18:00,3,120.88,0.08,5.1,100.92,3.31,3.68,8.56,2.12
Londres,LON,GB,51.5074,-0.1278,2026-04-04T19:00:00Z,2026-04-04,19:00,3,120.43,0,4.84,101.72,3.15,3.07,7.6,1.89
Londres,LON,GB,51.5074,-0.1278,2026-04-04T20:00:00Z,2026-04-04,20:00,3,120.37,0,4.5,103.73,3.03,2.95,7.78,1.52
Londres,LON,GB,51.5074,-0.1278,2026-04-04T21:00:00Z,2026-04-04,21:00,3,121.05,0,4.06,106.61,2.91,3.29,9.11,1.11
Londres,LON,GB,51.5074,-0.1278,2026-04-04T22:00:00Z,2026-04-04,22:00,3,119.7,0,3.24,106.33,2.5,3.42,9.75,0.69
Londres,LON,GB,51.5074,-0.1278,2026-04-04T23:00:00Z,2026-04-04,23:00,2,117.05,0,2.79,99.69,2.2,3.17,9.47,0.38
Londres,LON,GB,51.5074,-0.1278,2026-04-05T00:00:00Z,2026-04-05,00:00,2,114.58,0,2.58,91.06,2.02,2.98,9.04,0.21
Londres,LON,GB,51.5074,-0.1278,2026-04-05T01:00:00Z,2026-04-05,01:00,2,114.85,0,2.44,86.99,1.93,3.2,9.27,0.13
Londres,LON,GB,51.5074,-0.1278,2026-04-05T02:00:00Z,2026-04-05,02:00,2,121.41,0,2.42,90.93,1.98,3.64,11.08,0.1
Londres,LON,GB,51.5074,-0.1278,2026-04-05T03:00:00Z,2026-04-05,03:00,2,130.49,0,2.34,98.46,1.95,3.39,12.39,0.11
Londres,LON,GB,51.5074,-0.1278,2026-04-05T04:00:00Z,2026-04-05,04:00,3,134.96,0,2.22,103.23,1.81,2.41,10.8,0.13
Londres,LON,GB,51.5074,-0.1278,2026-04-05T05:00:00Z,2026-04-05,05:00,3,135.35,0,2.1,105.78,1.64,1.5,7.37,0.15
Londres,LON,GB,51.5074,-0.1278,2026-04-05T06:00:00Z,2026-04-05,06:00,3,135,0,2.01,107.14,1.51,0.99,4.97,0.16
Londres,LON,GB,51.5074,-0.1278,2026-04-05T07:00:00Z,2026-04-05,07:00,3,134.29,0.01,1.93,106.84,1.37,0.68,3.22,0.17
Londres,LON,GB,51.5074,-0.1278,2026-04-05T08:00:00Z,2026-04-05,08:00,3,134.82,0.06,1.77,106.88,1.22,0.5,2.01,0.2
Londres,LON,GB,51.5074,-0.1278,2026-04-05T09:00:00Z,2026-04-05,09:00,3,135.45,0.13,1.51,106.6,1.1,0.5,1.4,0.25
Londres,LON,GB,51.5074,-0.1278,2026-04-05T10:00:00Z,2026-04-05,10:00,3,134.91,0.19,1.3,105.48,1.05,0.5,1.14,0.33
Londres,LON,GB,51.5074,-0.1278,2026-04-05T11:00:00Z,2026-04-05,11:00,3,134.79,0.23,1.22,105.36,1.1,0.5,1.1,0.41
Londres,LON,GB,51.5074,-0.1278,2026-04-05T12:00:00Z,2026-04-05,12:00,3,134.38,0.25,1.19,105.41,1.16,0.5,1.12,0.5
Londres,LON,GB,51.5074,-0.1278,2026-04-05T13:00:00Z,2026-04-05,13:00,3,133.64,0.26,1.16,105.24,1.18,0.5,1.12,0.58
Londres,LON,GB,51.5074,-0.1278,2026-04-05T14:00:00Z,2026-04-05,14:00,3,133.77,0.25,1.12,105.52,1.15,0.5,1.1,0.61
Londres,LON,GB,51.5074,-0.1278,2026-04-05T15:00:00Z,2026-04-05,15:00,3,133.91,0.23,1.12,105.79,1.12,0.5,1.08,0.61
Londres,LON,GB,51.5074,-0.1278,2026-04-05T16:00:00Z,2026-04-05,16:00,3,134.09,0.21,1.2,105.71,1.12,0.5,1.05,0.62
Londres,LON,GB,51.5074,-0.1278,2026-04-05T17:00:00Z,2026-04-05,17:00,3,134.24,0.17,1.45,105.35,1.2,0.5,1,0.66
Londres,LON,GB,51.5074,-0.1278,2026-04-05T18:00:00Z,2026-04-05,18:00,3,134.48,0.08,1.83,104.83,1.29,0.5,0.94,0.72
Londres,LON,GB,51.5074,-0.1278,2026-04-05T19:00:00Z,2026-04-05,19:00,3,134.61,0.01,2.18,104.29,1.42,0.5,0.87,0.84
Londres,LON,GB,51.5074,-0.1278,2026-04-05T20:00:00Z,2026-04-05,20:00,3,134.62,0,2.47,103.73,1.6,0.5,0.82,1.05
Londres,LON,GB,51.5074,-0.1278,2026-04-05T21:00:00Z,2026-04-05,21:00,3,134.64,0,2.83,102.92,1.78,0.5,0.77,1.29
Londres,LON,GB,51.5074,-0.1278,2026-04-05T22:00:00Z,2026-04-05,22:00,3,134.62,0,3.24,101.92,1.95,0.5,0.74,1.44
Londres,LON,GB,51.5074,-0.1278,2026-04-05T23:00:00Z,2026-04-05,23:00,3,135.33,0,3.65,101.52,2.14,0.5,0.74,1.46
Londres,LON,GB,51.5074,-0.1278,2026-04-06T00:00:00Z,2026-04-06,00:00,3,136.13,0,3.99,101.29,2.35,0.5,0.75,1.42
Londres,LON,GB,51.5074,-0.1278,2026-04-06T01:00:00Z,2026-04-06,01:00,2,136.24,0,4.83,99.42,2.89,0.5,0.8,1.39
Londres,LON,GB,51.5074,-0.1278,2026-04-06T02:00:00Z,2026-04-06,02:00,2,136.98,0,6.29,96.39,3.78,0.52,0.91,1.44
Londres,LON,GB,51.5074,-0.1278,2026-04-06T03:00:00Z,2026-04-06,03:00,2,137.34,0,7.4,93.93,4.45,0.61,1.04,1.44
Londres,LON,GB,51.5074,-0.1278,2026-04-06T04:00:00Z,2026-04-06,04:00,2,137.7,0,7.86,92.29,4.8,0.82,1.3,1.38
Londres,LON,GB,51.5074,-0.1278,2026-04-06T05:00:00Z,2026-04-06,05:00,2,137.56,0,7.65,92.34,4.78,0.94,1.45,1.19
Londres,LON,GB,51.5074,-0.1278,2026-04-06T06:00:00Z,2026-04-06,06:00,2,136.96,0,7.01,93.29,4.51,0.98,1.54,1.02
Londres,LON,GB,51.5074,-0.1278,2026-04-06T07:00:00Z,2026-04-06,07:00,2,136.54,0.17,6.18,96.37,3.89,0.89,1.53,0.98
Londres,LON,GB,51.5074,-0.1278,2026-04-06T08:00:00Z,2026-04-06,08:00,2,136.8,0.61,5.8,96.59,4.11,1.07,1.81,1.12
Londres,LON,GB,51.5074,-0.1278,2026-04-06T09:00:00Z,2026-04-06,09:00,2,137.54,1,5.48,96.57,4.44,1.53,2.39,1.27
Londres,LON,GB,51.5074,-0.1278,2026-04-06T10:00:00Z,2026-04-06,10:00,2,138.73,1.22,5.08,97.28,4.6,2.08,3.1,1.29
Londres,LON,GB,51.5074,-0.1278,2026-04-06T11:00:00Z,2026-04-06,11:00,2,139.52,1.26,4.7,99.18,4.57,2.66,3.82,1.12
Londres,LON,GB,51.5074,-0.1278,2026-04-06T12:00:00Z,2026-04-06,12:00,3,139.65,1.13,4.16,102.88,4.3,3.18,4.43,0.92
Londres,LON,GB,51.5074,-0.1278,2026-04-06T13:00:00Z,2026-04-06,13:00,3,140.13,1.04,3.96,106.8,4.18,3.79,5.12,0.83
Londres,LON,GB,51.5074,-0.1278,2026-04-06T14:00:00Z,2026-04-06,14:00,3,140.21,1,4.1,109.31,4.24,4.52,5.9,0.8
Londres,LON,GB,51.5074,-0.1278,2026-04-06T15:00:00Z,2026-04-06,15:00,3,139.53,0.89,4.13,111.24,4.13,4.77,6.16,0.81
Londres,LON,GB,51.5074,-0.1278,2026-04-06T16:00:00Z,2026-04-06,16:00,3,138.54,0.74,4.28,111.87,3.96,4.56,5.91,0.89
Londres,LON,GB,51.5074,-0.1278,2026-04-06T17:00:00Z,2026-04-06,17:00,3,136.97,0.53,4.55,110.77,3.68,4.21,5.48,1.09
Londres,LON,GB,51.5074,-0.1278,2026-04-06T18:00:00Z,2026-04-06,18:00,3,135.59,0.22,4.97,108.71,3.42,3.85,5.05,1.48
Londres,LON,GB,51.5074,-0.1278,2026-04-06T19:00:00Z,2026-04-06,19:00,3,135.37,0.01,5.07,107.15,3.24,3.87,5.1,1.94
Londres,LON,GB,51.5074,-0.1278,2026-04-06T20:00:00Z,2026-04-06,20:00,3,136.01,0,5.04,106.58,3.23,4.52,5.88,2.34
Londres,LON,GB,51.5074,-0.1278,2026-04-06T21:00:00Z,2026-04-06,21:00,3,138.81,0,5.21,106.89,3.31,5.97,7.51,2.62
Londres,LON,GB,51.5074,-0.1278,2026-04-06T22:00:00Z,2026-04-06,22:00,3,143.34,0,5.36,106.67,3.39,7.72,9.44,2.91
Londres,LON,GB,51.5074,-0.1278,2026-04-06T23:00:00Z,2026-04-06,23:00,3,147.33,0,5.6,103.49,3.42,9.03,10.83,3.24
Londres,LON,GB,51.5074,-0.1278,2026-04-07T00:00:00Z,2026-04-07,00:00,2,149.53,0,5.84,98.14,3.41,9.31,11.11,3.47
Londres,LON,GB,51.5074,-0.1278,2026-04-07T01:00:00Z,2026-04-07,01:00,2,150.62,0,6.08,92.16,3.41,8.76,10.55,3.49
Londres,LON,GB,51.5074,-0.1278,2026-04-07T02:00:00Z,2026-04-07,02:00,2,150.98,0,6.31,86.51,3.41,8.04,9.84,3.39
Londres,LON,GB,51.5074,-0.1278,2026-04-07T03:00:00Z,2026-04-07,03:00,2,152.84,0,6.52,81.6,3.39,7.66,9.51,3.26
Londres,LON,GB,51.5074,-0.1278,2026-04-07T04:00:00Z,2026-04-07,04:00,2,156.99,0,6.66,77.34,3.37,7.7,9.6,3.18
Londres,LON,GB,51.5074,-0.1278,2026-04-07T05:00:00Z,2026-04-07,05:00,2,161.37,0,6.78,74.31,3.36,8.04,9.96,3.16
Londres,LON,GB,51.5074,-0.1278,2026-04-07T06:00:00Z,2026-04-07,06:00,2,163.49,0,6.79,73.21,3.35,8.37,10.28,3.28
Londres,LON,GB,51.5074,-0.1278,2026-04-07T07:00:00Z,2026-04-07,07:00,2,162.78,0.24,6.68,74.03,3.3,8.41,10.31,3.51
Londres,LON,GB,51.5074,-0.1278,2026-04-07T08:00:00Z,2026-04-07,08:00,2,161.67,0.81,6.09,75.25,3.3,8.45,10.36,3.75
Londres,LON,GB,51.5074,-0.1278,2026-04-07T09:00:00Z,2026-04-07,09:00,2,161.32,1.29,5.7,76.23,3.33,8.91,10.85,3.83
Londres,LON,GB,51.5074,-0.1278,2026-04-07T10:00:00Z,2026-04-07,10:00,2,161.24,1.54,5.44,77.64,3.35,9.83,11.82,3.65
Londres,LON,GB,51.5074,-0.1278,2026-04-07T11:00:00Z,2026-04-07,11:00,2,160.87,1.58,5.16,81.09,3.41,11.7,13.75,3.23
Londres,LON,GB,51.5074,-0.1278,2026-04-07T12:00:00Z,2026-04-07,12:00,2,160.32,1.42,4.73,87.03,3.44,14.8,16.91,2.82
Londres,LON,GB,51.5074,-0.1278,2026-04-07T13:00:00Z,2026-04-07,13:00,2,160.46,1.19,4.33,94.61,3.46,18.77,20.94,2.69
Londres,LON,GB,51.5074,-0.1278,2026-04-07T14:00:00Z,2026-04-07,14:00,3,160.94,0.97,4.04,102.06,3.43,22.87,25.1,2.83
Londres,LON,GB,51.5074,-0.1278,2026-04-07T15:00:00Z,2026-04-07,15:00,3,162.72,0.81,4,108.04,3.41,26.67,28.97,3.23
Londres,LON,GB,51.5074,-0.1278,2026-04-07T16:00:00Z,2026-04-07,16:00,3,166.57,0.69,4.4,112.83,3.49,29.04,31.42,3.58
Londres,LON,GB,51.5074,-0.1278,2026-04-07T17:00:00Z,2026-04-07,17:00,3,165.6,0.51,5.06,116.03,3.61,28.57,30.98,3.61
Londres,LON,GB,51.5074,-0.1278,2026-04-07T18:00:00Z,2026-04-07,18:00,3,163.15,0.21,5.9,116.83,3.68,26.26,28.71,3.73
Londres,LON,GB,51.5074,-0.1278,2026-04-07T19:00:00Z,2026-04-07,19:00,3,160.65,0.01,6.4,114.94,3.74,23.96,26.4,3.9
Londres,LON,GB,51.5074,-0.1278,2026-04-07T20:00:00Z,2026-04-07,20:00,3,158.09,0,6.78,110.11,3.85,22.1,24.48,3.89
Londres,LON,GB,51.5074,-0.1278,2026-04-07T21:00:00Z,2026-04-07,21:00,3,156.83,0,7.42,104.72,3.98,20.72,23.02,3.83
Londres,LON,GB,51.5074,-0.1278,2026-04-07T22:00:00Z,2026-04-07,22:00,2,158.42,0,8.31,98.81,4.12,19.86,22.09,3.5
Londres,LON,GB,51.5074,-0.1278,2026-04-07T23:00:00Z,2026-04-07,23:00,2,161.57,0,9.37,93.02,4.25,19.16,21.38,2.97
Londres,LON,GB,51.5074,-0.1278,2026-04-08T00:00:00Z,2026-04-08,00:00,2,165.1,0,10.49,87.53,4.39,18.7,20.91,2.55
Londres,LON,GB,51.5074,-0.1278,2026-04-08T01:00:00Z,2026-04-08,01:00,2,167.97,0,11.75,81.42,4.47,18.34,20.54,2.13
Londres,LON,GB,51.5074,-0.1278,2026-04-08T02:00:00Z,2026-04-08,02:00,2,170.94,0,13.11,75.02,4.5,17.89,20.11,1.78
Londres,LON,GB,51.5074,-0.1278,2026-04-08T03:00:00Z,2026-04-08,03:00,2,174.83,0,14.37,68.7,4.57,17.61,19.87,1.58
Londres,LON,GB,51.5074,-0.1278,2026-04-08T04:00:00Z,2026-04-08,04:00,2,178.46,0,15.59,62.42,4.65,17.5,19.81,1.46
Londres,LON,GB,51.5074,-0.1278,2026-04-08T05:00:00Z,2026-04-08,05:00,2,182.56,0,16.83,55.88,4.71,17.96,20.29,1.28
Londres,LON,GB,51.5074,-0.1278,2026-04-08T06:00:00Z,2026-04-08,06:00,2,187.05,0.01,18.09,48.93,4.8,18.48,20.82,1.17
Londres,LON,GB,51.5074,-0.1278,2026-04-08T07:00:00Z,2026-04-08,07:00,2,190.96,1.01,18.05,43.88,4.8,18.93,21.28,1.16
Londres,LON,GB,51.5074,-0.1278,2026-04-08T08:00:00Z,2026-04-08,08:00,2,195.58,3.57,15.53,41.75,4.85,19.56,21.94,1.16
Londres,LON,GB,51.5074,-0.1278,2026-04-08T09:00:00Z,2026-04-08,09:00,2,201.33,5.79,13.79,40.33,5.14,20.75,23.19,1.13
Londres,LON,GB,51.5074,-0.1278,2026-04-08T10:00:00Z,2026-04-08,10:00,2,207.02,7.3,13.06,39.58,5.59,22.71,25.23,1.11
Londres,LON,GB,51.5074,-0.1278,2026-04-08T11:00:00Z,2026-04-08,11:00,3,213.4,8.21,12.97,40.27,6.2,25.68,28.27,1.11
Londres,LON,GB,51.5074,-0.1278,2026-04-08T12:00:00Z,2026-04-08,12:00,3,218.28,8.58,13.35,42.4,7.03,29.5,32.14,1.08
Londres,LON,GB,51.5074,-0.1278,2026-04-08T13:00:00Z,2026-04-08,13:00,3,221.56,8.7,14.15,45.03,8.05,33.48,36.16,1.05
Londres,LON,GB,51.5074,-0.1278,2026-04-08T14:00:00Z,2026-04-08,14:00,3,223.42,8.63,15.18,47.27,8.98,37.29,40,1.07
Londres,LON,GB,51.5074,-0.1278,2026-04-08T15:00:00Z,2026-04-08,15:00,3,223.23,8.26,16.36,49.12,9.8,40.58,43.28,1.12
Londres,LON,GB,51.5074,-0.1278,2026-04-08T16:00:00Z,2026-04-08,16:00,3,222.92,7.71,18.63,50.01,11.39,43.21,45.87,1.23
Londres,LON,GB,51.5074,-0.1278,2026-04-08T17:00:00Z,2026-04-08,17:00,3,221.95,6.62,22.91,48.78,13.76,45.2,47.81,1.36
Londres,LON,GB,51.5074,-0.1278,2026-04-08T18:00:00Z,2026-04-08,18:00,3,221.35,4.17,30.07,44.19,16.2,46.53,49.08,1.53
Londres,LON,GB,51.5074,-0.1278,2026-04-08T19:00:00Z,2026-04-08,19:00,3,221.15,1.64,37.05,39.02,18.57,47.95,50.46,1.66
Londres,LON,GB,51.5074,-0.1278,2026-04-08T20:00:00Z,2026-04-08,20:00,3,221.93,2.11,40.17,36.93,21.3,49.76,52.21,1.76
Londres,LON,GB,51.5074,-0.1278,2026-04-08T21:00:00Z,2026-04-08,21:00,4,224.19,3.24,44.81,33.07,24.45,52.21,54.58,1.81
Londres,LON,GB,51.5074,-0.1278,2026-04-08T22:00:00Z,2026-04-08,22:00,4,228.18,4.03,51.5,25.95,27.15,55.29,57.58,1.77
Londres,LON,GB,51.5074,-0.1278,2026-04-08T23:00:00Z,2026-04-08,23:00,4,232.04,4.47,60.74,16.11,27.86,58.4,60.64,1.61
Londres,LON,GB,51.5074,-0.1278,2026-04-09T00:00:00Z,2026-04-09,00:00,4,234.77,4.51,70.68,6.19,24.99,59.84,62.04,1.47
Londres,LON,GB,51.5074,-0.1278,2026-04-09T01:00:00Z,2026-04-09,01:00,4,232.65,5.12,75.35,0.76,17.83,58.56,60.68,1.36
Londres,LON,GB,51.5074,-0.1278,2026-04-09T02:00:00Z,2026-04-09,02:00,4,225.5,6.56,72.74,0.27,13.47,55.49,57.68,1.46
Londres,LON,GB,51.5074,-0.1278,2026-04-09T03:00:00Z,2026-04-09,03:00,4,215.37,6.61,66.84,0.8,10.93,51.56,53.87,1.62
Londres,LON,GB,51.5074,-0.1278,2026-04-09T04:00:00Z,2026-04-09,04:00,3,204.3,5.72,59.69,1.81,9.51,47.59,50.02,1.79
Londres,LON,GB,51.5074,-0.1278,2026-04-09T05:00:00Z,2026-04-09,05:00,3,194.86,5.05,53.2,2.33,8.95,44.28,46.75,1.88
Londres,LON,GB,51.5074,-0.1278,2026-04-09T06:00:00Z,2026-04-09,06:00,3,187.84,5,48.51,2.25,9,41.8,44.25,1.95
Londres,LON,GB,51.5074,-0.1278,2026-04-09T07:00:00Z,2026-04-09,07:00,3,183.04,9.37,39.91,7.76,9.53,40.2,42.61,1.98
Londres,LON,GB,51.5074,-0.1278,2026-04-09T08:00:00Z,2026-04-09,08:00,3,180.07,15.67,30.32,16.27,10.78,39.08,41.47,2
Londres,LON,GB,51.5074,-0.1278,2026-04-09T09:00:00Z,2026-04-09,09:00,3,177.1,19.31,25.17,20.7,12.4,38.49,40.9,2.02
Londres,LON,GB,51.5074,-0.1278,2026-04-09T10:00:00Z,2026-04-09,10:00,3,173.44,18.63,25.81,19.46,13.08,38.07,40.55,1.98
Londres,LON,GB,51.5074,-0.1278,2026-04-09T11:00:00Z,2026-04-09,11:00,3,167.58,18.24,23.16,22.12,11.82,36.59,39.19,1.65
Londres,LON,GB,51.5074,-0.1278,2026-04-09T12:00:00Z,2026-04-09,12:00,3,158.34,14.83,20.53,26.87,10.26,33.22,36.01,1.28
Londres,LON,GB,51.5074,-0.1278,2026-04-09T13:00:00Z,2026-04-09,13:00,3,144.19,6.89,17.96,39.3,8.82,25.82,28.61,1.06
Londres,LON,GB,51.5074,-0.1278,2026-04-09T14:00:00Z,2026-04-09,14:00,2,134.03,3,13.31,56.32,6.44,15.76,18.75,1.22
Londres,LON,GB,51.5074,-0.1278,2026-04-09T15:00:00Z,2026-04-09,15:00,2,129.68,1.48,10.57,69.3,5.32,8.61,11.73,1.46
Londres,LON,GB,51.5074,-0.1278,2026-04-09T16:00:00Z,2026-04-09,16:00,2,128.62,0.7,7.48,84.32,4.03,4.24,6.94,1.58
Londres,LON,GB,51.5074,-0.1278,2026-04-09T17:00:00Z,2026-04-09,17:00,2,128.7,0.27,6.14,91.82,3.46,2.83,5.27,1.49
Londres,LON,GB,51.5074,-0.1278,2026-04-09T18:00:00Z,2026-04-09,18:00,2,129.99,0.08,5.67,94.52,3.18,2.29,4.59,1.57
Londres,LON,GB,51.5074,-0.1278,2026-04-09T19:00:00Z,2026-04-09,19:00,2,132.85,0.01,4.5,95.09,2.53,1.58,3.49,1.81
Londres,LON,GB,51.5074,-0.1278,2026-04-09T20:00:00Z,2026-04-09,20:00,2,136.56,0,4.01,95.63,2.26,1.03,2.42,2.02
Londres,LON,GB,51.5074,-0.1278,2026-04-09T21:00:00Z,2026-04-09,21:00,3,139.62,0,3.65,100.78,2.08,0.77,1.84,2.18
Londres,LON,GB,51.5074,-0.1278,2026-04-09T22:00:00Z,2026-04-09,22:00,3,140.59,0,3.33,106.1,1.95,0.68,1.71,2.22
Londres,LON,GB,51.5074,-0.1278,2026-04-09T23:00:00Z,2026-04-09,23:00,3,142.28,0,3.47,108.58,2.06,0.7,1.87,2.37
Londres,LON,GB,51.5074,-0.1278,2026-04-10T00:00:00Z,2026-04-10,00:00,3,142.36,0,3.5,108.8,2.1,0.72,2.02,2.47
Londres,LON,GB,51.5074,-0.1278,2026-04-10T01:00:00Z,2026-04-10,01:00,3,140.96,0,3.52,107.34,2.13,0.74,2.12,2.54
Londres,LON,GB,51.5074,-0.1278,2026-04-10T02:00:00Z,2026-04-10,02:00,3,140.07,0,3.76,105.36,2.27,0.75,2.13,2.69
Londres,LON,GB,51.5074,-0.1278,2026-04-10T03:00:00Z,2026-04-10,03:00,3,139.65,0,4.13,103.28,2.47,0.77,2.09,2.88
Londres,LON,GB,51.5074,-0.1278,2026-04-10T04:00:00Z,2026-04-10,04:00,3,139.98,0,4.65,100.72,2.73,0.97,2.22,3.11
Londres,LON,GB,51.5074,-0.1278,2026-04-10T05:00:00Z,2026-04-10,05:00,2,140.03,0,5.37,97.91,3.13,1.16,2.35,3.33
Londres,LON,GB,51.5074,-0.1278,2026-04-10T06:00:00Z,2026-04-10,06:00,2,140.18,0,6.15,95.59,3.58,1.34,2.49,3.39
Londres,LON,GB,51.5074,-0.1278,2026-04-10T07:00:00Z,2026-04-10,07:00,2,140.09,0.05,7.24,93.97,4.01,1.51,2.63,3.33
Londres,LON,GB,51.5074,-0.1278,2026-04-10T08:00:00Z,2026-04-10,08:00,2,140.16,0.25,8.11,93.05,4.43,1.55,2.66,3.23
Londres,LON,GB,51.5074,-0.1278,2026-04-10T09:00:00Z,2026-04-10,09:00,2,140.41,0.67,8.41,92.95,4.88,1.68,2.8,3.06
Londres,LON,GB,51.5074,-0.1278,2026-04-10T10:00:00Z,2026-04-10,10:00,2,140.1,1.65,7.35,94.74,5.19,2.12,3.26,2.75
Londres,LON,GB,51.5074,-0.1278,2026-04-10T11:00:00Z,2026-04-10,11:00,2,139.53,1.73,6.9,96.55,5.23,2.78,3.95,2.31
Londres,LON,GB,51.5074,-0.1278,2026-04-10T12:00:00Z,2026-04-10,12:00,2,138.58,1.66,6.35,99.01,5.13,3.61,4.83,1.87
Londres,LON,GB,51.5074,-0.1278,2026-04-10T13:00:00Z,2026-04-10,13:00,3,138.31,1.12,6.62,100.99,5.03,4.26,5.57,1.55
Londres,LON,GB,51.5074,-0.1278,2026-04-10T14:00:00Z,2026-04-10,14:00,3,137.77,0.94,6.85,101.76,5.1,4.66,6.05,1.4
Londres,LON,GB,51.5074,-0.1278,2026-04-10T15:00:00Z,2026-04-10,15:00,3,137.42,0.76,7.19,102.12,5.2,4.91,6.35,1.36
Londres,LON,GB,51.5074,-0.1278,2026-04-10T16:00:00Z,2026-04-10,16:00,3,137.82,0.54,8.03,102.01,5.25,4.88,6.24,1.31
Londres,LON,GB,51.5074,-0.1278,2026-04-10T17:00:00Z,2026-04-10,17:00,3,138.14,0.32,9.46,100.04,5.43,4.75,6,1.27
Londres,LON,GB,51.5074,-0.1278,2026-04-10T18:00:00Z,2026-04-10,18:00,2,139.11,0.1,10.04,98.72,5.39,4.77,5.97,1.26
Londres,LON,GB,51.5074,-0.1278,2026-04-10T19:00:00Z,2026-04-10,19:00,3,140.68,0.01,8.73,100.34,5.15,4.99,6.35,1.39
Londres,LON,GB,51.5074,-0.1278,2026-04-10T20:00:00Z,2026-04-10,20:00,3,141.25,0,6.62,103.35,4.56,5.45,6.99,1.78
Londres,LON,GB,51.5074,-0.1278,2026-04-10T21:00:00Z,2026-04-10,21:00,3,141.82,0,5.29,105.56,3.83,6.34,7.93,2.5
Londres,LON,GB,51.5074,-0.1278,2026-04-10T22:00:00Z,2026-04-10,22:00,3,144.94,0,5.1,106.43,3.44,7.61,9.2,3.63
Londres,LON,GB,51.5074,-0.1278,2026-04-10T23:00:00Z,2026-04-10,23:00,3,150.31,0,5.96,104.15,3.63,9.39,11.04,4.97
Londres,LON,GB,51.5074,-0.1278,2026-04-11T00:00:00Z,2026-04-11,00:00,3,158.24,0,6.7,101.49,3.87,12.11,13.91,6.22
Londres,LON,GB,51.5074,-0.1278,2026-04-11T01:00:00Z,2026-04-11,01:00,2,164.55,0,6.9,99.92,3.91,14.8,16.78,7.15
Londres,LON,GB,51.5074,-0.1278,2026-04-11T02:00:00Z,2026-04-11,02:00,2,165.75,0,6.69,97.06,3.76,16.35,18.43,7.63
Londres,LON,GB,51.5074,-0.1278,2026-04-11T03:00:00Z,2026-04-11,03:00,2,163.26,0,6.65,93.42,3.66,16.4,18.54,7.68
Londres,LON,GB,51.5074,-0.1278,2026-04-11T04:00:00Z,2026-04-11,04:00,2,158.19,0,6.84,90.76,3.63,14.83,16.94,7.09
Londres,LON,GB,51.5074,-0.1278,2026-04-11T05:00:00Z,2026-04-11,05:00,2,148.22,0,6.79,89.62,3.56,11.32,13.34,5.9
Londres,LON,GB,51.5074,-0.1278,2026-04-11T06:00:00Z,2026-04-11,06:00,2,140.36,0,6.58,91,3.46,7.74,9.78,4.15
Londres,LON,GB,51.5074,-0.1278,2026-04-11T07:00:00Z,2026-04-11,07:00,2,135.34,0.01,6.04,95.11,3.07,4.77,6.51,1.82
Londres,LON,GB,51.5074,-0.1278,2026-04-11T08:00:00Z,2026-04-11,08:00,2,133.52,0.05,5.06,98.73,2.53,2.62,3.85,0.53
Londres,LON,GB,51.5074,-0.1278,2026-04-11T09:00:00Z,2026-04-11,09:00,3,136.62,0.09,3.94,100.94,2.06,1.59,2.4,0.24
Londres,LON,GB,51.5074,-0.1278,2026-04-11T10:00:00Z,2026-04-11,10:00,3,139.38,0.19,2.86,105.67,1.8,1.02,2.1,0.32
Londres,LON,GB,51.5074,-0.1278,2026-04-11T11:00:00Z,2026-04-11,11:00,3,139,0.24,2.26,113.72,1.78,1.02,3.19,0.34
Londres,LON,GB,51.5074,-0.1278,2026-04-11T12:00:00Z,2026-04-11,12:00,3,137.42,0.25,1.83,119.38,1.73,1.16,4.49,0.29
Londres,LON,GB,51.5074,-0.1278,2026-04-11T13:00:00Z,2026-04-11,13:00,3,137.58,0.22,1.31,121.28,1.46,1.12,4.26,0.16
Londres,LON,GB,51.5074,-0.1278,2026-04-11T14:00:00Z,2026-04-11,14:00,3,139.2,0.18,1.07,120.99,1.22,0.91,3.18,0.08
Londres,LON,GB,51.5074,-0.1278,2026-04-11T15:00:00Z,2026-04-11,15:00,3,141.02,0.17,0.99,119.27,1.12,0.79,2.76,0.06
Londres,LON,GB,51.5074,-0.1278,2026-04-11T16:00:00Z,2026-04-11,16:00,3,141.92,0.15,1.04,115.17,1.11,0.79,2.84,0.05
Londres,LON,GB,51.5074,-0.1278,2026-04-11T17:00:00Z,2026-04-11,17:00,3,141.45,0.13,1.23,107.75,1.2,0.83,3.18,0.06
Londres,LON,GB,51.5074,-0.1278,2026-04-11T18:00:00Z,2026-04-11,18:00,2,139.12,0.06,1.48,99.61,1.28,0.88,3.5,0.07
Londres,LON,GB,51.5074,-0.1278,2026-04-11T19:00:00Z,2026-04-11,19:00,2,137.05,0.01,1.63,94.25,1.32,0.89,3.43,0.08
Londres,LON,GB,51.5074,-0.1278,2026-04-11T20:00:00Z,2026-04-11,20:00,2,135.7,0,1.61,91.89,1.29,0.88,3.18,0.1
Londres,LON,GB,51.5074,-0.1278,2026-04-11T21:00:00Z,2026-04-11,21:00,2,135,0,1.58,91.68,1.24,0.85,2.92,0.13
Londres,LON,GB,51.5074,-0.1278,2026-04-11T22:00:00Z,2026-04-11,22:00,2,134.48,0,1.55,92.02,1.19,0.83,2.75,0.15
Londres,LON,GB,51.5074,-0.1278,2026-04-11T23:00:00Z,2026-04-11,23:00,2,134.03,0,1.56,92.35,1.17,0.82,2.67,0.17
Londres,LON,GB,51.5074,-0.1278,2026-04-12T00:00:00Z,2026-04-12,00:00,2,133.86,0,1.57,92.92,1.17,0.84,2.71,0.18
Londres,LON,GB,51.5074,-0.1278,2026-04-12T01:00:00Z,2026-04-12,01:00,2,133.92,0,1.57,93.93,1.18,0.88,2.86,0.18
Londres,LON,GB,51.5074,-0.1278,2026-04-12T02:00:00Z,2026-04-12,02:00,2,134.12,0,1.58,95.44,1.19,0.93,2.99,0.17
Londres,LON,GB,51.5074,-0.1278,2026-04-12T03:00:00Z,2026-04-12,03:00,2,134.6,0,1.58,97.19,1.19,0.95,3.04,0.16
Londres,LON,GB,51.5074,-0.1278,2026-04-12T04:00:00Z,2026-04-12,04:00,2,134.53,0,1.59,98.58,1.19,0.94,2.96,0.15
Londres,LON,GB,51.5074,-0.1278,2026-04-12T05:00:00Z,2026-04-12,05:00,2,134.4,0,1.61,99.83,1.19,0.91,2.84,0.14
Londres,LON,GB,51.5074,-0.1278,2026-04-12T06:00:00Z,2026-04-12,06:00,3,134.45,0,1.64,101.08,1.2,0.88,2.77,0.13
Londres,LON,GB,51.5074,-0.1278,2026-04-12T07:00:00Z,2026-04-12,07:00,3,134.79,0.04,1.71,102.49,1.22,0.87,2.74,0.12
Londres,LON,GB,51.5074,-0.1278,2026-04-12T08:00:00Z,2026-04-12,08:00,3,135.12,0.12,1.68,103.9,1.25,0.87,2.73,0.1
Londres,LON,GB,51.5074,-0.1278,2026-04-12T09:00:00Z,2026-04-12,09:00,3,135.17,0.19,1.61,105.63,1.28,0.88,2.75,0.08
Londres,LON,GB,51.5074,-0.1278,2026-04-12T10:00:00Z,2026-04-12,10:00,3,135.02,0.24,1.52,107.18,1.34,0.91,2.98,0.08
Londres,LON,GB,51.5074,-0.1278,2026-04-12T11:00:00Z,2026-04-12,11:00,3,134.57,0.27,1.47,108.4,1.43,0.97,3.23,0.09
Londres,LON,GB,51.5074,-0.1278,2026-04-12T12:00:00Z,2026-04-12,12:00,3,134.22,0.29,1.45,109.53,1.53,1.04,3.37,0.1
Londres,LON,GB,51.5074,-0.1278,2026-04-12T13:00:00Z,2026-04-12,13:00,3,134.07,0.29,1.43,111.01,1.59,1.11,3.43,0.11
Londres,LON,GB,51.5074,-0.1278,2026-04-12T14:00:00Z,2026-04-12,14:00,3,133.86,0.28,1.43,112.11,1.61,1.14,3.38,0.11
Londres,LON,GB,51.5074,-0.1278,2026-04-12T15:00:00Z,2026-04-12,15:00,3,133.84,0.27,1.48,112.57,1.62,1.14,3.25,0.12
Londres,LON,GB,51.5074,-0.1278,2026-04-12T16:00:00Z,2026-04-12,16:00,3,134.11,0.23,1.64,112.8,1.66,1.11,3.14,0.12
Londres,LON,GB,51.5074,-0.1278,2026-04-12T17:00:00Z,2026-04-12,17:00,3,134.38,0.16,1.94,112.32,1.72,1.08,3.04,0.13
Londres,LON,GB,51.5074,-0.1278,2026-04-12T18:00:00Z,2026-04-12,18:00,3,134.66,0.06,2.28,111.52,1.77,1.03,2.91,0.13
Londres,LON,GB,51.5074,-0.1278,2026-04-12T19:00:00Z,2026-04-12,19:00,3,134.97,0.01,2.46,110.82,1.81,0.97,2.75,0.13
Londres,LON,GB,51.5074,-0.1278,2026-04-12T20:00:00Z,2026-04-12,20:00,3,135.31,0,2.48,110.32,1.81,0.9,2.53,0.12
Londres,LON,GB,51.5074,-0.1278,2026-04-12T21:00:00Z,2026-04-12,21:00,3,135.66,0,2.5,109.81,1.79,0.81,2.23,0.13
Londres,LON,GB,51.5074,-0.1278,2026-04-12T22:00:00Z,2026-04-12,22:00,3,135.79,0,2.53,109.29,1.76,0.7,1.89,0.13
Londres,LON,GB,51.5074,-0.1278,2026-04-12T23:00:00Z,2026-04-12,23:00,3,136.19,0,2.63,108.75,1.77,0.61,1.59,0.14
Londres,LON,GB,51.5074,-0.1278,2026-04-13T00:00:00Z,2026-04-13,00:00,3,136.68,0,2.76,108.21,1.82,0.55,1.37,0.16
Londres,LON,GB,51.5074,-0.1278,2026-04-13T01:00:00Z,2026-04-13,01:00,3,136.85,0,2.89,107.79,1.88,0.52,1.23,0.19
Londres,LON,GB,51.5074,-0.1278,2026-04-13T02:00:00Z,2026-04-13,02:00,3,137.44,0,2.98,107.49,1.93,0.5,1.14,0.21
Londres,LON,GB,51.5074,-0.1278,2026-04-13T03:00:00Z,2026-04-13,03:00,3,138.23,0,3.04,107.26,1.97,0.5,1.09,0.22
Londres,LON,GB,51.5074,-0.1278,2026-04-13T04:00:00Z,2026-04-13,04:00,3,138.22,0,3.07,106.85,2,0.5,1.04,0.23
Londres,LON,GB,51.5074,-0.1278,2026-04-13T05:00:00Z,2026-04-13,05:00,3,138.47,0,3.06,106.74,2,0.5,1,0.21
Londres,LON,GB,51.5074,-0.1278,2026-04-13T06:00:00Z,2026-04-13,06:00,3,138.52,0,3.04,106.86,1.98,0.5,0.96,0.2
Londres,LON,GB,51.5074,-0.1278,2026-04-13T07:00:00Z,2026-04-13,07:00,3,138.45,0.08,3.27,106.64,1.99,0.5,0.92,0.18
Londres,LON,GB,51.5074,-0.1278,2026-04-13T08:00:00Z,2026-04-13,08:00,3,138.44,0.28,3.33,106.47,2.14,0.5,0.91,0.19
Londres,LON,GB,51.5074,-0.1278,2026-04-13T09:00:00Z,2026-04-13,09:00,3,138.43,0.48,3.28,106.46,2.3,0.5,0.92,0.19
Londres,LON,GB,51.5074,-0.1278,2026-04-13T10:00:00Z,2026-04-13,10:00,3,138.16,0.59,3.06,107.11,2.36,0.51,0.94,0.19
Londres,LON,GB,51.5074,-0.1278,2026-04-13T11:00:00Z,2026-04-13,11:00,3,138,0.59,2.78,108.42,2.3,0.56,0.96,0.18
Londres,LON,GB,51.5074,-0.1278,2026-04-13T12:00:00Z,2026-04-13,12:00,3,137.84,0.55,2.54,109.96,2.24,0.63,1.01,0.17
Londres,LON,GB,51.5074,-0.1278,2026-04-13T13:00:00Z,2026-04-13,13:00,3,137.19,0.5,2.32,111.33,2.17,0.7,1.06,0.17
Londres,LON,GB,51.5074,-0.1278,2026-04-13T14:00:00Z,2026-04-13,14:00,3,136.69,0.45,2.13,112.1,2.09,0.76,1.11,0.17
Londres,LON,GB,51.5074,-0.1278,2026-04-13T15:00:00Z,2026-04-13,15:00,3,136.19,0.41,2.04,112.48,2.02,0.79,1.13,0.17
Londres,LON,GB,51.5074,-0.1278,2026-04-13T16:00:00Z,2026-04-13,16:00,3,135.7,0.36,2.11,112.06,2,0.8,1.12,0.18
Londres,LON,GB,51.5074,-0.1278,2026-04-13T17:00:00Z,2026-04-13,17:00,3,135.41,0.29,2.39,111.01,2.04,0.78,1.11,0.18
Londres,LON,GB,51.5074,-0.1278,2026-04-13T18:00:00Z,2026-04-13,18:00,3,135.12,0.15,2.83,109.72,2.1,0.76,1.08,0.17
Londres,LON,GB,51.5074,-0.1278,2026-04-13T19:00:00Z,2026-04-13,19:00,3,135.14,0.02,3.32,108.3,2.25,0.75,1.08,0.17
Londres,LON,GB,51.5074,-0.1278,2026-04-13T20:00:00Z,2026-04-13,20:00,3,135.1,0,3.85,107.13,2.61,0.81,1.18,0.19
Londres,LON,GB,51.5074,-0.1278,2026-04-13T21:00:00Z,2026-04-13,21:00,3,135.24,0,4.38,106.13,2.98,0.89,1.3,0.2
Londres,LON,GB,51.5074,-0.1278,2026-04-13T22:00:00Z,2026-04-13,22:00,3,134.89,0,4.7,105.19,3.23,0.96,1.4,0.21
Londres,LON,GB,51.5074,-0.1278,2026-04-13T23:00:00Z,2026-04-13,23:00,3,134.62,0,4.74,104.87,3.33,1.01,1.48,0.23
Londres,LON,GB,51.5074,-0.1278,2026-04-14T00:00:00Z,2026-04-14,00:00,3,134.53,0,4.58,104.79,3.29,1.03,1.52,0.3
Londres,LON,GB,51.5074,-0.1278,2026-04-14T01:00:00Z,2026-04-14,01:00,3,134.18,0,4.57,104.57,3.3,1.05,1.54,0.44
Londres,LON,GB,51.5074,-0.1278,2026-04-14T02:00:00Z,2026-04-14,02:00,3,134.59,0,4.69,103.64,3.38,1.09,1.59,0.74
Londres,LON,GB,51.5074,-0.1278,2026-04-14T03:00:00Z,2026-04-14,03:00,3,135.57,0,4.65,101.26,3.28,1.37,1.89,1.25
Londres,LON,GB,51.5074,-0.1278,2026-04-14T04:00:00Z,2026-04-14,04:00,2,137.87,0,6.3,94.14,4.04,2.3,2.89,1.79
Londres,LON,GB,51.5074,-0.1278,2026-04-14T05:00:00Z,2026-04-14,05:00,2,141.6,0,9.57,82.68,5.29,3.59,4.31,2.37
Londres,LON,GB,51.5074,-0.1278,2026-04-14T06:00:00Z,2026-04-14,06:00,2,144.76,0.03,11.95,73.06,5.89,4.53,5.38,2.83
Londres,LON,GB,51.5074,-0.1278,2026-04-14T07:00:00Z,2026-04-14,07:00,2,146.49,0.65,12.43,68.42,5.88,4.57,5.54,3.06
Londres,LON,GB,51.5074,-0.1278,2026-04-14T08:00:00Z,2026-04-14,08:00,2,147.62,1.27,11.08,68.26,5.5,4.08,5.12,2.95
Londres,LON,GB,51.5074,-0.1278,2026-04-14T09:00:00Z,2026-04-14,09:00,2,148.57,1.3,9.8,71.96,4.99,3.51,4.58,2.5
Londres,LON,GB,51.5074,-0.1278,2026-04-14T10:00:00Z,2026-04-14,10:00,2,148.7,1.11,8.38,78.69,4.5,3.22,4.29,1.97
Londres,LON,GB,51.5074,-0.1278,2026-04-14T11:00:00Z,2026-04-14,11:00,2,148.57,1.08,7.03,84.66,4.25,3.62,4.71,1.7
Londres,LON,GB,51.5074,-0.1278,2026-04-14T12:00:00Z,2026-04-14,12:00,2,146.38,0.9,5.75,92.54,3.96,3.92,5,1.47
Londres,LON,GB,51.5074,-0.1278,2026-04-14T13:00:00Z,2026-04-14,13:00,3,142.25,0.73,4.8,101.07,3.68,3.77,4.8,1.35
Londres,LON,GB,51.5074,-0.1278,2026-04-14T14:00:00Z,2026-04-14,14:00,3,139.08,0.55,5.01,104.8,3.71,3.28,4.35,1.4
Londres,LON,GB,51.5074,-0.1278,2026-04-14T15:00:00Z,2026-04-14,15:00,3,137.13,0.43,5.5,105.39,3.75,2.55,3.68,1.61
Londres,LON,GB,51.5074,-0.1278,2026-04-14T16:00:00Z,2026-04-14,16:00,3,137.22,0.18,6.61,103.57,3.92,2.12,3.33,1.85
Londres,LON,GB,51.5074,-0.1278,2026-04-14T17:00:00Z,2026-04-14,17:00,2,136.92,0.11,7.61,99.18,4.08,1.95,3.26,2.1
Londres,LON,GB,51.5074,-0.1278,2026-04-14T18:00:00Z,2026-04-14,18:00,2,136.71,0.03,8.05,94.16,4.04,1.8,3.15,2.42
Londres,LON,GB,51.5074,-0.1278,2026-04-14T19:00:00Z,2026-04-14,19:00,2,137.34,0,7.76,90.64,3.86,1.69,3.07,2.78
Londres,LON,GB,51.5074,-0.1278,2026-04-14T20:00:00Z,2026-04-14,20:00,2,138.25,0,7.34,88.14,3.67,1.64,3.06,3.05
Londres,LON,GB,51.5074,-0.1278,2026-04-14T21:00:00Z,2026-04-14,21:00,2,139.26,0,6.92,86.11,3.47,1.6,3.04,3.21
Londres,LON,GB,51.5074,-0.1278,2026-04-14T22:00:00Z,2026-04-14,22:00,2,139.89,0,6.34,84.57,3.12,1.55,2.86,3.15
Londres,LON,GB,51.5074,-0.1278,2026-04-14T23:00:00Z,2026-04-14,23:00,2,140.72,0,6.11,82.94,3,1.55,2.75,2.86
Londres,LON,GB,51.5074,-0.1278,2026-04-15T00:00:00Z,2026-04-15,00:00,2,140.7,0,6.19,81.15,3,1.67,2.83,2.53
Londres,LON,GB,51.5074,-0.1278,2026-04-15T01:00:00Z,2026-04-15,01:00,2,139.39,0,6.47,78.27,2.98,1.8,2.81,2.05
Londres,LON,GB,51.5074,-0.1278,2026-04-15T02:00:00Z,2026-04-15,02:00,2,137.54,0,7.12,74.71,3.11,1.96,2.84,1.55
Londres,LON,GB,51.5074,-0.1278,2026-04-15T03:00:00Z,2026-04-15,03:00,2,135.41,0,7.87,70.36,3.31,2.18,3.05,1.26
Londres,LON,GB,51.5074,-0.1278,2026-04-15T04:00:00Z,2026-04-15,04:00,2,133.33,0,8.72,65.39,3.59,2.46,3.42,1.11
Londres,LON,GB,51.5074,-0.1278,2026-04-15T05:00:00Z,2026-04-15,05:00,2,131.2,0,9.49,60.1,3.85,2.81,3.98,1.09
Londres,LON,GB,51.5074,-0.1278,2026-04-15T06:00:00Z,2026-04-15,06:00,1,129.08,0.01,10,55.28,4,3.18,4.58,1.12
Londres,LON,GB,51.5074,-0.1278,2026-04-15T07:00:00Z,2026-04-15,07:00,1,127.05,0.17,10.22,51.62,4.23,3.5,5.26,1.28
Londres,LON,GB,51.5074,-0.1278,2026-04-15T08:00:00Z,2026-04-15,08:00,1,125.4,0.45,9.85,49.16,4.33,3.74,5.86,1.52
Londres,LON,GB,51.5074,-0.1278,2026-04-15T09:00:00Z,2026-04-15,09:00,1,123.57,0.71,9.05,47.97,4.16,3.76,6.02,1.68
Londres,LON,GB,51.5074,-0.1278,2026-04-15T10:00:00Z,2026-04-15,10:00,1,121.66,1.22,7.4,48.95,3.82,3.43,5.61,1.75
Londres,LON,GB,51.5074,-0.1278,2026-04-15T11:00:00Z,2026-04-15,11:00,1,120.25,1.71,5.88,52.49,3.65,2.98,5.07,1.7
Londres,LON,GB,51.5074,-0.1278,2026-04-15T12:00:00Z,2026-04-15,12:00,1,119.03,1.79,4.84,59.34,3.56,2.71,4.76,1.6
Londres,LON,GB,51.5074,-0.1278,2026-04-15T13:00:00Z,2026-04-15,13:00,2,118.77,1.42,4.2,68.93,3.36,2.8,4.77,1.47
Londres,LON,GB,51.5074,-0.1278,2026-04-15T14:00:00Z,2026-04-15,14:00,2,119.28,0.98,3.99,77.41,3.1,2.74,4.58,1.23
Londres,LON,GB,51.5074,-0.1278,2026-04-15T15:00:00Z,2026-04-15,15:00,2,120.52,0.7,4.09,82.71,2.96,2.72,4.44,0.86
Londres,LON,GB,51.5074,-0.1278,2026-04-15T16:00:00Z,2026-04-15,16:00,2,122.12,0.57,4.27,87.41,2.98,2.75,4.48,0.58
Londres,LON,GB,51.5074,-0.1278,2026-04-15T17:00:00Z,2026-04-15,17:00,2,123.97,0.48,4.57,94.95,3.13,2.98,5.17,0.42
Londres,LON,GB,51.5074,-0.1278,2026-04-15T18:00:00Z,2026-04-15,18:00,3,126.75,0.24,4.89,103.54,3.2,3.51,6.87,0.31
Londres,LON,GB,51.5074,-0.1278,2026-04-15T19:00:00Z,2026-04-15,19:00,3,130.4,0.03,4.74,107.95,3.09,3.82,8.77,0.21
Londres,LON,GB,51.5074,-0.1278,2026-04-15T20:00:00Z,2026-04-15,20:00,3,133.63,0,4.55,106.56,3.1,3.69,9.94,0.15
Londres,LON,GB,51.5074,-0.1278,2026-04-15T21:00:00Z,2026-04-15,21:00,3,135.56,0,4.48,103.01,3.08,3.41,10.32,0.12
Londres,LON,GB,51.5074,-0.1278,2026-04-15T22:00:00Z,2026-04-15,22:00,2,136.14,0,4.37,99.65,3.01,3.16,10.22,0.12
Londres,LON,GB,51.5074,-0.1278,2026-04-15T23:00:00Z,2026-04-15,23:00,2,136.49,0,4.25,98.02,2.93,3.02,10.05,0.11
Londres,LON,GB,51.5074,-0.1278,2026-04-16T00:00:00Z,2026-04-16,00:00,2,136.93,0,4.12,97.19,2.85,2.97,9.92,0.13
Londres,LON,GB,51.5074,-0.1278,2026-04-16T01:00:00Z,2026-04-16,01:00,2,136.61,0,3.78,96.67,2.64,2.93,9.75,0.2
Londres,LON,GB,51.5074,-0.1278,2026-04-16T02:00:00Z,2026-04-16,02:00,2,136.91,0,3.7,95.89,2.53,2.9,9.58,0.29
Londres,LON,GB,51.5074,-0.1278,2026-04-16T03:00:00Z,2026-04-16,03:00,2,136.94,0,3.64,95.26,2.46,2.79,9.09,0.33
Londres,LON,GB,51.5074,-0.1278,2026-04-16T04:00:00Z,2026-04-16,04:00,2,136.97,0,3.42,95.37,2.3,2.53,7.81,0.3
Londres,LON,GB,51.5074,-0.1278,2026-04-16T05:00:00Z,2026-04-16,05:00,2,136.74,0,3.23,95.64,2.14,2.21,6.21,0.24
Londres,LON,GB,51.5074,-0.1278,2026-04-16T06:00:00Z,2026-04-16,06:00,2,136.41,0,3.17,95.59,2.03,1.94,4.93,0.21
Londres,LON,GB,51.5074,-0.1278,2026-04-16T07:00:00Z,2026-04-16,07:00,2,135.89,0.02,3.4,94.9,2.03,1.72,3.88,0.19
Londres,LON,GB,51.5074,-0.1278,2026-04-16T08:00:00Z,2026-04-16,08:00,2,135.53,0.12,3.88,94.19,2.21,1.57,3.3,0.19
Londres,LON,GB,51.5074,-0.1278,2026-04-16T09:00:00Z,2026-04-16,09:00,2,135.56,0.31,4.15,94.21,2.39,1.4,2.89,0.2
Londres,LON,GB,51.5074,-0.1278,2026-04-16T10:00:00Z,2026-04-16,10:00,2,135.76,0.48,4.19,94.86,2.61,1.3,2.79,0.23
Londres,LON,GB,51.5074,-0.1278,2026-04-16T11:00:00Z,2026-04-16,11:00,2,136.16,0.57,4.26,95.68,2.84,1.31,2.94,0.28
Londres,LON,GB,51.5074,-0.1278,2026-04-16T12:00:00Z,2026-04-16,12:00,2,136.46,0.7,4.16,97.3,3.03,1.41,3.17,0.32
Londres,LON,GB,51.5074,-0.1278,2026-04-16T13:00:00Z,2026-04-16,13:00,3,136.64,0.97,3.84,100.67,3.3,1.7,3.67,0.36
Londres,LON,GB,51.5074,-0.1278,2026-04-16T14:00:00Z,2026-04-16,14:00,3,137.18,0.94,4.32,103.21,3.68,2.13,4.41,0.41
Londres,LON,GB,51.5074,-0.1278,2026-04-16T15:00:00Z,2026-04-16,15:00,3,137.71,0.87,4.97,104.32,3.93,2.5,5.02,0.45
Londres,LON,GB,51.5074,-0.1278,2026-04-16T16:00:00Z,2026-04-16,16:00,3,138.61,0.76,6.82,102.2,4.52,2.8,5.5,0.51
Londres,LON,GB,51.5074,-0.1278,2026-04-16T17:00:00Z,2026-04-16,17:00,2,140.15,0.61,10.61,96.23,5.58,3.15,6.04,0.59
Londres,LON,GB,51.5074,-0.1278,2026-04-16T18:00:00Z,2026-04-16,18:00,2,141.69,0.29,15.06,89.14,6.49,3.49,6.46,0.64
Londres,LON,GB,51.5074,-0.1278,2026-04-16T19:00:00Z,2026-04-16,19:00,2,143.47,0.03,18.67,82.09,7.25,3.85,6.85,0.64
Londres,LON,GB,51.5074,-0.1278,2026-04-16T20:00:00Z,2026-04-16,20:00,2,145.23,0,21.45,75.24,7.76,4.27,7.31,0.6
Londres,LON,GB,51.5074,-0.1278,2026-04-16T21:00:00Z,2026-04-16,21:00,2,146.81,0,23.96,68.94,7.95,4.87,7.98,0.54
Londres,LON,GB,51.5074,-0.1278,2026-04-16T22:00:00Z,2026-04-16,22:00,2,148.7,0,25.33,63.57,7.65,5.49,8.58,0.55
Londres,LON,GB,51.5074,-0.1278,2026-04-16T23:00:00Z,2026-04-16,23:00,1,151.85,0,26.4,58.26,7.24,5.99,8.94,0.7
Londres,LON,GB,51.5074,-0.1278,2026-04-17T00:00:00Z,2026-04-17,00:00,1,155.55,0,27.45,52.67,7.07,6.42,9.17,0.88
Londres,LON,GB,51.5074,-0.1278,2026-04-17T01:00:00Z,2026-04-17,01:00,1,158.71,0,28.44,47.24,7.12,7.05,9.48,1.06
Londres,LON,GB,51.5074,-0.1278,2026-04-17T02:00:00Z,2026-04-17,02:00,1,159.26,0,29.32,42.99,7.34,7.81,9.97,1.14
Londres,LON,GB,51.5074,-0.1278,2026-04-17T03:00:00Z,2026-04-17,03:00,1,159.06,0,30.67,40.1,7.73,8.98,10.96,1.09
Londres,LON,GB,51.5074,-0.1278,2026-04-17T04:00:00Z,2026-04-17,04:00,1,156.46,0,29.82,41.79,7.91,9.68,11.6,1.03
Londres,LON,GB,51.5074,-0.1278,2026-04-17T05:00:00Z,2026-04-17,05:00,1,152.78,0,26.41,47.42,7.55,9.99,12.12,1.01
Londres,LON,GB,51.5074,-0.1278,2026-04-17T06:00:00Z,2026-04-17,06:00,1,147.88,0.02,21.42,55.87,6.99,9.47,12.24,1.04
Londres,LON,GB,51.5074,-0.1278,2026-04-17T07:00:00Z,2026-04-17,07:00,2,142.96,0.21,16.25,66.01,6.38,7.46,11.22,1.28
Londres,LON,GB,51.5074,-0.1278,2026-04-17T08:00:00Z,2026-04-17,08:00,2,140.46,0.66,13.45,70.92,5.87,5.44,9.97,1.42
Londres,LON,GB,51.5074,-0.1278,2026-04-17T09:00:00Z,2026-04-17,09:00,2,139.74,1.31,11.52,74.15,5.64,4.42,9.4,1.5
Londres,LON,GB,51.5074,-0.1278,2026-04-17T10:00:00Z,2026-04-17,10:00,2,140,2.19,9.89,75.58,5.54,4.53,9.77,1.55
Londres,LON,GB,51.5074,-0.1278,2026-04-17T11:00:00Z,2026-04-17,11:00,2,141.35,2.77,9.03,75.55,5.57,5.67,11.22,1.65
Londres,LON,GB,51.5074,-0.1278,2026-04-17T12:00:00Z,2026-04-17,12:00,2,141.66,3.01,8.45,77.61,5.65,7.35,13.07,1.57
Londres,LON,GB,51.5074,-0.1278,2026-04-17T13:00:00Z,2026-04-17,13:00,2,141.22,2.88,8.26,82.46,5.76,8.98,14.69,1.3
Londres,LON,GB,51.5074,-0.1278,2026-04-17T14:00:00Z,2026-04-17,14:00,2,140.13,2.68,8.57,87.72,5.96,9.91,15.56,1.04
Londres,LON,GB,51.5074,-0.1278,2026-04-17T15:00:00Z,2026-04-17,15:00,2,138.94,2.47,9.13,92.4,6.16,10.15,15.76,0.9
Londres,LON,GB,51.5074,-0.1278,2026-04-17T16:00:00Z,2026-04-17,16:00,2,138.49,2.21,10.23,95.47,6.41,9.82,15.49,0.86
Londres,LON,GB,51.5074,-0.1278,2026-04-17T17:00:00Z,2026-04-17,17:00,2,138.59,1.85,12.36,95.66,6.77,9.06,14.84,0.93
Londres,LON,GB,51.5074,-0.1278,2026-04-17T18:00:00Z,2026-04-17,18:00,2,139.25,1.07,15.7,93.12,7.15,8.23,13.99,1.02
Londres,LON,GB,51.5074,-0.1278,2026-04-17T19:00:00Z,2026-04-17,19:00,2,140.36,0.18,18.82,89.59,7.52,7.71,13.37,1.02
Londres,LON,GB,51.5074,-0.1278,2026-04-17T20:00:00Z,2026-04-17,20:00,2,140.99,0,19.4,86.75,7.78,7.54,13.08,0.94
Londres,LON,GB,51.5074,-0.1278,2026-04-17T21:00:00Z,2026-04-17,21:00,2,141.06,0,19.65,85.36,7.87,7.38,12.78,0.83
Londres,LON,GB,51.5074,-0.1278,2026-04-17T22:00:00Z,2026-04-17,22:00,2,140.6,0,19.38,84.94,7.85,7.22,12.4,0.71
Londres,LON,GB,51.5074,-0.1278,2026-04-17T23:00:00Z,2026-04-17,23:00,2,139.52,0,18.26,86.14,7.67,6.71,11.62,0.61
Londres,LON,GB,51.5074,-0.1278,2026-04-18T00:00:00Z,2026-04-18,00:00,2,137.97,0,15.84,88.87,7.08,5.55,9.91,0.52
Londres,LON,GB,51.5074,-0.1278,2026-04-18T01:00:00Z,2026-04-18,01:00,2,135.06,0,11.62,92.87,5.57,3.95,7.24,0.43
Londres,LON,GB,51.5074,-0.1278,2026-04-18T02:00:00Z,2026-04-18,02:00,2,133.15,0,9.22,92.67,4.59,3,5.29,0.4
Londres,LON,GB,51.5074,-0.1278,2026-04-18T03:00:00Z,2026-04-18,03:00,2,132.74,0,7.91,90.78,4.07,2.4,4.14,0.48
Londres,LON,GB,51.5074,-0.1278,2026-04-18T04:00:00Z,2026-04-18,04:00,2,132.93,0,7.2,88.27,3.83,2.05,3.67,0.62
Londres,LON,GB,51.5074,-0.1278,2026-04-18T05:00:00Z,2026-04-18,05:00,2,133.63,0,7.23,85.3,3.92,1.91,3.72,0.81
Londres,LON,GB,51.5074,-0.1278,2026-04-18T06:00:00Z,2026-04-18,06:00,2,134.61,0.01,7.61,82.48,4.11,1.88,4.01,0.99
Londres,LON,GB,51.5074,-0.1278,2026-04-18T07:00:00Z,2026-04-18,07:00,2,135.12,0.28,8.34,79.58,4.42,1.92,4.33,1.14
Londres,LON,GB,51.5074,-0.1278,2026-04-18T08:00:00Z,2026-04-18,08:00,2,136.39,1.05,8.4,78.13,4.87,1.99,4.67,1.29
Londres,LON,GB,51.5074,-0.1278,2026-04-18T09:00:00Z,2026-04-18,09:00,2,137.47,1.87,7.86,77.88,5.19,2.1,4.98,1.42
Londres,LON,GB,51.5074,-0.1278,2026-04-18T10:00:00Z,2026-04-18,10:00,2,137.49,2.22,7.16,79.27,5.27,2.47,5.45,1.45
Londres,LON,GB,51.5074,-0.1278,2026-04-18T11:00:00Z,2026-04-18,11:00,2,136.83,2.2,6.64,81.55,5.21,2.98,5.87,1.38
Londres,LON,GB,51.5074,-0.1278,2026-04-18T12:00:00Z,2026-04-18,12:00,2,136.25,2.09,6.18,84.16,5.18,3.37,6.07,1.36
Londres,LON,GB,51.5074,-0.1278,2026-04-18T13:00:00Z,2026-04-18,13:00,2,135.61,1.95,5.97,87.5,5.21,3.65,6.15,1.35
Londres,LON,GB,51.5074,-0.1278,2026-04-18T14:00:00Z,2026-04-18,14:00,2,134.7,1.8,5.97,90.69,5.18,3.82,6.16,1.22
Londres,LON,GB,51.5074,-0.1278,2026-04-18T15:00:00Z,2026-04-18,15:00,2,133.33,1.59,6.04,93.88,5.01,3.35,5.56,1.09
Londres,LON,GB,51.5074,-0.1278,2026-04-18T16:00:00Z,2026-04-18,16:00,2,132.4,1.33,6.29,95.67,4.77,2.41,4.44,1.02
Londres,LON,GB,51.5074,-0.1278,2026-04-18T17:00:00Z,2026-04-18,17:00,2,132.28,1,7.06,95.18,4.68,1.63,3.43,1.09
Londres,LON,GB,51.5074,-0.1278,2026-04-18T18:00:00Z,2026-04-18,18:00,2,133.2,0.51,8.24,93.25,4.67,1.43,3.03,1.29
Londres,LON,GB,51.5074,-0.1278,2026-04-18T19:00:00Z,2026-04-18,19:00,2,134.82,0.07,9.15,90.55,4.72,1.31,2.73,1.69
Londres,LON,GB,51.5074,-0.1278,2026-04-18T20:00:00Z,2026-04-18,20:00,2,136.41,0,9.62,86.45,4.9,1.21,2.35,2.29
Londres,LON,GB,51.5074,-0.1278,2026-04-18T21:00:00Z,2026-04-18,21:00,2,137.91,0,10.22,81.46,4.94,1.08,1.91,2.91
Londres,LON,GB,51.5074,-0.1278,2026-04-18T22:00:00Z,2026-04-18,22:00,2,139.06,0,10.31,77.18,4.72,0.94,1.52,3.16
Londres,LON,GB,51.5074,-0.1278,2026-04-18T23:00:00Z,2026-04-18,23:00,2,140.34,0,12.29,70.47,5.29,1.11,1.62,3.1
Londres,LON,GB,51.5074,-0.1278,2026-04-19T00:00:00Z,2026-04-19,00:00,2,141.16,0,13.74,64.78,5.64,1.47,1.96,2.84
Londres,LON,GB,51.5074,-0.1278,2026-04-19T01:00:00Z,2026-04-19,01:00,2,140.53,0,14.25,60.71,5.76,1.75,2.25,2.57
Londres,LON,GB,51.5074,-0.1278,2026-04-19T02:00:00Z,2026-04-19,02:00,1,140.24,0,13.66,59.86,5.63,2.16,2.73,2.36
Londres,LON,GB,51.5074,-0.1278,2026-04-19T03:00:00Z,2026-04-19,03:00,2,139.95,0,12.05,62.54,5.22,2.49,3.19,2.17
Londres,LON,GB,51.5074,-0.1278,2026-04-19T04:00:00Z,2026-04-19,04:00,2,139.47,0,9.5,68.62,4.44,2.73,3.57,1.89
Londres,LON,GB,51.5074,-0.1278,2026-04-19T05:00:00Z,2026-04-19,05:00,2,139.73,0,8.69,71.31,4.26,2.87,3.87,1.67
Londres,LON,GB,51.5074,-0.1278,2026-04-19T06:00:00Z,2026-04-19,06:00,2,139.8,0.02,8.62,72.37,4.25,3,4.15,1.56
Londres,LON,GB,51.5074,-0.1278,2026-04-19T07:00:00Z,2026-04-19,07:00,2,139.77,0.42,8.88,73.05,4.34,2.91,4.2,1.56
Londres,LON,GB,51.5074,-0.1278,2026-04-19T08:00:00Z,2026-04-19,08:00,2,140.39,1.44,8.44,74.33,4.58,2.88,4.28,1.65
Londres,LON,GB,51.5074,-0.1278,2026-04-19T09:00:00Z,2026-04-19,09:00,2,141.58,2.21,8.28,76.43,4.86,3.15,4.66,1.78
Londres,LON,GB,51.5074,-0.1278,2026-04-19T10:00:00Z,2026-04-19,10:00,2,142.48,2.66,8.44,79.76,5.14,3.64,5.28,1.83
Londres,LON,GB,51.5074,-0.1278,2026-04-19T11:00:00Z,2026-04-19,11:00,2,142.61,2.78,8.45,84.98,5.41,4.09,5.8,1.8
Londres,LON,GB,51.5074,-0.1278,2026-04-19T12:00:00Z,2026-04-19,12:00,2,142.36,2.73,8.39,90.1,5.88,4.89,6.61,1.77
Londres,LON,GB,51.5074,-0.1278,2026-04-19T13:00:00Z,2026-04-19,13:00,2,142.93,2.83,9.01,94.11,6.98,5.68,7.39,1.82
Londres,LON,GB,51.5074,-0.1278,2026-04-19T14:00:00Z,2026-04-19,14:00,2,143.11,3.1,10.45,95.01,8.46,6.6,8.29,1.8
Londres,LON,GB,51.5074,-0.1278,2026-04-19T15:00:00Z,2026-04-19,15:00,2,143.28,3.35,12.45,94.37,10.06,7.39,9.11,1.83
Londres,LON,GB,51.5074,-0.1278,2026-04-19T16:00:00Z,2026-04-19,16:00,2,144.1,3.33,14.84,93.4,11.36,8.05,9.77,1.87
Londres,LON,GB,51.5074,-0.1278,2026-04-19T17:00:00Z,2026-04-19,17:00,2,143.31,2.84,17.84,90.58,11.87,8.3,9.97,1.88
Londres,LON,GB,51.5074,-0.1278,2026-04-19T18:00:00Z,2026-04-19,18:00,2,142.33,1.6,21.91,86.14,11.97,7.8,9.39,1.97
Londres,LON,GB,51.5074,-0.1278,2026-04-19T19:00:00Z,2026-04-19,19:00,2,141.32,0.23,24.12,82.95,11.56,6.94,8.43,2.11
Londres,LON,GB,51.5074,-0.1278,2026-04-19T20:00:00Z,2026-04-19,20:00,2,140.17,0,22.23,80.37,10.74,6.66,8.08,2.25
Londres,LON,GB,51.5074,-0.1278,2026-04-19T21:00:00Z,2026-04-19,21:00,2,139.6,0,20.29,78.35,9.82,6.76,8.16,2.53
Londres,LON,GB,51.5074,-0.1278,2026-04-19T22:00:00Z,2026-04-19,22:00,2,140.15,0,18.43,78.48,8.79,7.26,8.77,2.58
Londres,LON,GB,51.5074,-0.1278,2026-04-19T23:00:00Z,2026-04-19,23:00,2,140.34,0,15.23,84.31,7.38,7.53,9.25,2.16
Londres,LON,GB,51.5074,-0.1278,2026-04-20T00:00:00Z,2026-04-20,00:00,2,138.83,0,9.52,95.01,5.2,7.03,8.87,1.65
Londres,LON,GB,51.5074,-0.1278,2026-04-20T01:00:00Z,2026-04-20,01:00,3,136.03,0,4.18,102.69,2.88,5.17,6.76,1.51
Londres,LON,GB,51.5074,-0.1278,2026-04-20T02:00:00Z,2026-04-20,02:00,2,135.8,0,3.67,99.42,2.52,3.17,4.48,1.45
Londres,LON,GB,51.5074,-0.1278,2026-04-20T03:00:00Z,2026-04-20,03:00,2,135.86,0,3.83,96.3,2.55,1.98,3.06,1.32
Londres,LON,GB,51.5074,-0.1278,2026-04-20T04:00:00Z,2026-04-20,04:00,2,135.57,0,4.03,94.02,2.62,1.36,2.29,1.2
Londres,LON,GB,51.5074,-0.1278,2026-04-20T05:00:00Z,2026-04-20,05:00,2,135.31,0,4.01,93.13,2.6,1.19,2.02,1.07
Londres,LON,GB,51.5074,-0.1278,2026-04-20T06:00:00Z,2026-04-20,06:00,2,135.15,0.02,4.07,92.56,2.58,1.04,1.82,1
Londres,LON,GB,51.5074,-0.1278,2026-04-20T07:00:00Z,2026-04-20,07:00,2,134.77,0.25,4.09,93.19,2.57,1.06,1.88,0.96
Londres,LON,GB,51.5074,-0.1278,2026-04-20T08:00:00Z,2026-04-20,08:00,2,135.22,0.61,4.08,95.03,2.63,1.14,2.07,0.97
Londres,LON,GB,51.5074,-0.1278,2026-04-20T09:00:00Z,2026-04-20,09:00,2,135.76,0.85,4,98.73,2.64,1.35,2.41,0.98
Londres,LON,GB,51.5074,-0.1278,2026-04-20T10:00:00Z,2026-04-20,10:00,3,134.68,0.7,3.16,105.53,2.27,1.31,2.37,0.87
Londres,LON,GB,51.5074,-0.1278,2026-04-20T11:00:00Z,2026-04-20,11:00,3,133.58,0.49,2.35,111.25,1.95,1.1,2.11,0.8
Londres,LON,GB,51.5074,-0.1278,2026-04-20T12:00:00Z,2026-04-20,12:00,3,133.06,0.39,1.96,114.46,1.85,1.05,2.06,0.81
Londres,LON,GB,51.5074,-0.1278,2026-04-20T13:00:00Z,2026-04-20,13:00,3,132.82,0.35,1.82,116.76,1.89,1.02,2.05,0.83
Londres,LON,GB,51.5074,-0.1278,2026-04-20T14:00:00Z,2026-04-20,14:00,3,131.93,0.36,1.84,117.13,2.01,1.04,2.07,0.81
Londres,LON,GB,51.5074,-0.1278,2026-04-20T15:00:00Z,2026-04-20,15:00,3,131.04,0.38,1.87,116.44,2.06,1.06,2.07,0.78
Londres,LON,GB,51.5074,-0.1278,2026-04-20T16:00:00Z,2026-04-20,16:00,3,130.69,0.35,1.97,114.92,2.06,1.02,1.96,0.75
Londres,LON,GB,51.5074,-0.1278,2026-04-20T17:00:00Z,2026-04-20,17:00,3,130.58,0.25,2.05,112.17,1.92,0.89,1.69,0.7
Londres,LON,GB,51.5074,-0.1278,2026-04-20T18:00:00Z,2026-04-20,18:00,3,131.04,0.12,2.16,108.93,1.73,0.74,1.38,0.67
Londres,LON,GB,51.5074,-0.1278,2026-04-20T19:00:00Z,2026-04-20,19:00,3,132.08,0.01,2.27,106.19,1.54,0.6,1.12,0.69
Londres,LON,GB,51.5074,-0.1278,2026-04-20T20:00:00Z,2026-04-20,20:00,3,133.9,0,2.56,102.9,1.55,0.55,1.01,0.78
Londres,LON,GB,51.5074,-0.1278,2026-04-20T21:00:00Z,2026-04-20,21:00,2,136.1,0,2.88,98.89,1.59,0.54,0.99,0.85
Londres,LON,GB,51.5074,-0.1278,2026-04-20T22:00:00Z,2026-04-20,22:00,2,138.5,0,3.01,94.86,1.61,0.56,1.08,0.8
Londres,LON,GB,51.5074,-0.1278,2026-04-20T23:00:00Z,2026-04-20,23:00,2,140.14,0,3,93.88,1.67,0.65,1.32,0.68
Londres,LON,GB,51.5074,-0.1278,2026-04-21T00:00:00Z,2026-04-21,00:00,2,140.09,0,2.92,96.95,1.76,0.77,1.71,0.6
Londres,LON,GB,51.5074,-0.1278,2026-04-21T01:00:00Z,2026-04-21,01:00,2,138.05,0,2.88,99.81,1.87,0.89,2.11,0.58
Londres,LON,GB,51.5074,-0.1278,2026-04-21T02:00:00Z,2026-04-21,02:00,3,136.57,0,2.91,100.57,1.93,0.98,2.33,0.61
Londres,LON,GB,51.5074,-0.1278,2026-04-21T03:00:00Z,2026-04-21,03:00,2,136.43,0,2.99,98.98,1.92,0.98,2.3,0.67
Londres,LON,GB,51.5074,-0.1278,2026-04-21T04:00:00Z,2026-04-21,04:00,2,137.4,0,3.19,96.72,1.91,0.94,2.12,0.74
Londres,LON,GB,51.5074,-0.1278,2026-04-21T05:00:00Z,2026-04-21,05:00,2,138.63,0,3.39,95.58,1.93,0.89,1.96,0.79
Londres,LON,GB,51.5074,-0.1278,2026-04-21T06:00:00Z,2026-04-21,06:00,2,139.58,0.01,3.6,96.07,1.95,1.04,2.03,0.8
Londres,LON,GB,51.5074,-0.1278,2026-04-21T07:00:00Z,2026-04-21,07:00,2,140.17,0.11,3.63,97.89,1.88,1.04,1.94,0.83
Londres,LON,GB,51.5074,-0.1278,2026-04-21T08:00:00Z,2026-04-21,08:00,2,140.22,0.25,3.32,99.58,1.72,0.96,1.71,0.89
Londres,LON,GB,51.5074,-0.1278,2026-04-21T09:00:00Z,2026-04-21,09:00,2,139.8,0.36,3.14,99.97,1.6,1.16,1.79,1
Londres,LON,GB,51.5074,-0.1278,2026-04-21T10:00:00Z,2026-04-21,10:00,3,139.24,0.39,2.81,100.55,1.48,1.72,2.28,1.15
Londres,LON,GB,51.5074,-0.1278,2026-04-21T11:00:00Z,2026-04-21,11:00,3,138.71,0.4,2.52,101,1.47,2.73,3.31,1.32
Londres,LON,GB,51.5074,-0.1278,2026-04-21T12:00:00Z,2026-04-21,12:00,3,138.85,0.4,2.3,101.29,1.5,3.76,4.42,1.56
Londres,LON,GB,51.5074,-0.1278,2026-04-21T13:00:00Z,2026-04-21,13:00,3,139.6,0.44,2.2,101.29,1.64,4.96,5.77,1.89
Londres,LON,GB,51.5074,-0.1278,2026-04-21T14:00:00Z,2026-04-21,14:00,3,140.39,0.5,2.35,101.34,1.92,6.93,8.02,2.27
Londres,LON,GB,51.5074,-0.1278,2026-04-21T15:00:00Z,2026-04-21,15:00,3,141.84,0.49,2.46,102.93,2.06,8.74,10,2.31
Londres,LON,GB,51.5074,-0.1278,2026-04-21T16:00:00Z,2026-04-21,16:00,3,143.84,0.49,2.73,105.31,2.09,9.72,11.02,2.2
Londres,LON,GB,51.5074,-0.1278,2026-04-21T17:00:00Z,2026-04-21,17:00,3,145.74,0.44,3.51,105.75,2.13,10.13,11.49,2.22
Londres,LON,GB,51.5074,-0.1278,2026-04-21T18:00:00Z,2026-04-21,18:00,3,146.04,0.27,4.56,106.59,2.27,10.5,12.09,2.48
Londres,LON,GB,51.5074,-0.1278,2026-04-21T19:00:00Z,2026-04-21,19:00,3,145.15,0.04,5.14,110.97,2.48,10.67,12.68,2.75
Londres,LON,GB,51.5074,-0.1278,2026-04-21T20:00:00Z,2026-04-21,20:00,3,143.34,0,4.83,115.85,2.67,10.18,12.58,2.86
Londres,LON,GB,51.5074,-0.1278,2026-04-21T21:00:00Z,2026-04-21,21:00,3,142.85,0,4.49,118.57,2.74,9.58,12.17,2.96
Londres,LON,GB,51.5074,-0.1278,2026-04-21T22:00:00Z,2026-04-21,22:00,3,142.29,0,4.35,117.76,2.76,9.34,11.95,3.12
Londres,LON,GB,51.5074,-0.1278,2026-04-21T23:00:00Z,2026-04-21,23:00,3,143,0,4.38,115.95,2.76,9.66,12.15,3.42
Londres,LON,GB,51.5074,-0.1278,2026-04-22T00:00:00Z,2026-04-22,00:00,3,144.55,0,4.49,113.73,2.75,10.51,12.81,3.98
Londres,LON,GB,51.5074,-0.1278,2026-04-22T01:00:00Z,2026-04-22,01:00,3,147.49,0,4.7,111.32,2.83,12.09,14.27,4.87
Londres,LON,GB,51.5074,-0.1278,2026-04-22T02:00:00Z,2026-04-22,02:00,3,151.15,0,4.97,108.58,3.04,14.14,16.32,5.88
Londres,LON,GB,51.5074,-0.1278,2026-04-22T03:00:00Z,2026-04-22,03:00,3,154.61,0,5.17,105.52,3.3,15.96,18.17,6.62
Londres,LON,GB,51.5074,-0.1278,2026-04-22T04:00:00Z,2026-04-22,04:00,3,157.23,0,5.25,103.17,3.58,17.02,19.27,6.77
Londres,LON,GB,51.5074,-0.1278,2026-04-22T05:00:00Z,2026-04-22,05:00,3,158.83,0,5.38,100.09,3.86,17.76,20.06,6.73
Londres,LON,GB,51.5074,-0.1278,2026-04-22T06:00:00Z,2026-04-22,06:00,2,161.37,0.03,6.24,96.43,4.17,18.57,20.97,6.91
Londres,LON,GB,51.5074,-0.1278,2026-04-22T07:00:00Z,2026-04-22,07:00,2,164.44,0.42,7.24,92.84,4.41,19.01,21.55,7.42
Londres,LON,GB,51.5074,-0.1278,2026-04-22T08:00:00Z,2026-04-22,08:00,2,168.43,1.14,7.62,89.87,4.5,19.61,22.36,8.31
Londres,LON,GB,51.5074,-0.1278,2026-04-22T09:00:00Z,2026-04-22,09:00,2,171.66,1.69,7.58,90.13,4.43,19.62,22.5,8.83
Londres,LON,GB,51.5074,-0.1278,2026-04-22T10:00:00Z,2026-04-22,10:00,2,172.77,1.75,6.88,95.2,4.16,18.98,21.81,8.45
Londres,LON,GB,51.5074,-0.1278,2026-04-22T11:00:00Z,2026-04-22,11:00,3,171.18,1.46,5.7,104.35,3.81,18.17,20.73,7.3
Londres,LON,GB,51.5074,-0.1278,2026-04-22T12:00:00Z,2026-04-22,12:00,3,170.34,1.17,4.83,113.9,3.57,18.58,20.91,6.38
Londres,LON,GB,51.5074,-0.1278,2026-04-22T13:00:00Z,2026-04-22,13:00,3,170.73,0.96,4.32,122.01,3.44,19.93,22.16,5.97
Londres,LON,GB,51.5074,-0.1278,2026-04-22T14:00:00Z,2026-04-22,14:00,3,169.17,0.74,3.72,129.55,3.31,20.42,22.6,5.72
Londres,LON,GB,51.5074,-0.1278,2026-04-22T15:00:00Z,2026-04-22,15:00,3,165.92,0.54,3.16,135.79,3.19,19.71,21.83,5.31
Londres,LON,GB,51.5074,-0.1278,2026-04-22T16:00:00Z,2026-04-22,16:00,4,162.79,0.37,3.07,140.66,3.2,18.73,20.84,4.82
Londres,LON,GB,51.5074,-0.1278,2026-04-22T17:00:00Z,2026-04-22,17:00,4,162.41,0.25,3.71,141.3,3.46,19.33,21.54,4.57
Londres,LON,GB,51.5074,-0.1278,2026-04-22T18:00:00Z,2026-04-22,18:00,3,164.46,0.12,4.97,138.56,3.85,21.19,23.63,4.55
Londres,LON,GB,51.5074,-0.1278,2026-04-22T19:00:00Z,2026-04-22,19:00,3,165.64,0.02,6.29,133.47,4.16,22.73,25.44,4.51
Londres,LON,GB,51.5074,-0.1278,2026-04-22T20:00:00Z,2026-04-22,20:00,3,165.2,0,6.84,127.78,4.27,23.18,26.05,4.42
Londres,LON,GB,51.5074,-0.1278,2026-04-22T21:00:00Z,2026-04-22,21:00,3,164.94,0,7.05,122.72,4.25,23.24,26.12,4.4
Londres,LON,GB,51.5074,-0.1278,2026-04-22T22:00:00Z,2026-04-22,22:00,3,165.03,0,7.06,118.68,4.22,23.38,26.22,4.54
Londres,LON,GB,51.5074,-0.1278,2026-04-22T23:00:00Z,2026-04-22,23:00,3,167.9,0,7.02,116.15,4.29,24,26.77,4.9
Londres,LON,GB,51.5074,-0.1278,2026-04-23T00:00:00Z,2026-04-23,00:00,3,172.47,0,7,113.61,4.42,25.07,27.83,5.4
Londres,LON,GB,51.5074,-0.1278,2026-04-23T01:00:00Z,2026-04-23,01:00,3,178.17,0,7.12,110.59,4.6,26.62,29.43,6.07
Londres,LON,GB,51.5074,-0.1278,2026-04-23T02:00:00Z,2026-04-23,02:00,3,184.63,0,7.33,107.33,4.77,28.52,31.36,6.76
Londres,LON,GB,51.5074,-0.1278,2026-04-23T03:00:00Z,2026-04-23,03:00,3,189.03,0,7.47,104.39,4.87,30.22,33.04,7.28
Londres,LON,GB,51.5074,-0.1278,2026-04-23T04:00:00Z,2026-04-23,04:00,3,190.08,0,7.52,101.46,4.89,31.29,34.05,7.39
Londres,LON,GB,51.5074,-0.1278,2026-04-23T05:00:00Z,2026-04-23,05:00,3,189.47,0,7.46,98.55,4.92,31.9,34.62,7.16
Londres,LON,GB,51.5074,-0.1278,2026-04-23T06:00:00Z,2026-04-23,06:00,3,188.1,0.05,7.95,95.72,5,32.26,35,6.86
Londres,LON,GB,51.5074,-0.1278,2026-04-23T07:00:00Z,2026-04-23,07:00,3,187.3,0.51,8.46,93.53,5.15,32.17,34.98,6.86
Londres,LON,GB,51.5074,-0.1278,2026-04-23T08:00:00Z,2026-04-23,08:00,3,188.77,1.22,8.4,92.88,5.37,32.68,35.64,7.11
Londres,LON,GB,51.5074,-0.1278,2026-04-23T09:00:00Z,2026-04-23,09:00,3,190.44,1.77,8.43,93.92,5.65,33.83,36.97,7.38
Londres,LON,GB,51.5074,-0.1278,2026-04-23T10:00:00Z,2026-04-23,10:00,3,191.6,2.03,8.3,97.82,5.88,35.19,38.47,7.23
Londres,LON,GB,51.5074,-0.1278,2026-04-23T11:00:00Z,2026-04-23,11:00,3,191.69,2.01,8.04,105.06,6.08,36.72,40.05,6.45
Londres,LON,GB,51.5074,-0.1278,2026-04-23T12:00:00Z,2026-04-23,12:00,3,190.65,1.75,7.37,115.36,6.24,38.37,41.65,5.39
Londres,LON,GB,51.5074,-0.1278,2026-04-23T13:00:00Z,2026-04-23,13:00,3,188.7,1.42,6.58,126.52,6.35,39.9,43.12,4.64
Londres,LON,GB,51.5074,-0.1278,2026-04-23T14:00:00Z,2026-04-23,14:00,3,183.42,1.09,5.72,135.77,6.2,39.17,42.33,4.06
Londres,LON,GB,51.5074,-0.1278,2026-04-23T15:00:00Z,2026-04-23,15:00,4,172.89,0.8,4.88,142.72,5.69,34.04,37.05,3.56
Londres,LON,GB,51.5074,-0.1278,2026-04-23T16:00:00Z,2026-04-23,16:00,4,161.24,0.58,4.33,145.6,4.98,26.18,29.04,3.14
Londres,LON,GB,51.5074,-0.1278,2026-04-23T17:00:00Z,2026-04-23,17:00,4,149.38,0.41,4.14,142.66,4.2,17.57,20.31,2.76
Londres,LON,GB,51.5074,-0.1278,2026-04-23T18:00:00Z,2026-04-23,18:00,3,141.45,0.23,4.42,135.22,3.69,11.08,14,2.54
Londres,LON,GB,51.5074,-0.1278,2026-04-23T19:00:00Z,2026-04-23,19:00,3,137.43,0.04,4.72,127.12,3.39,7.38,10.62,2.34
Londres,LON,GB,51.5074,-0.1278,2026-04-23T20:00:00Z,2026-04-23,20:00,3,135.9,0,4.7,120.67,3.21,5.62,9.08,2.11
Londres,LON,GB,51.5074,-0.1278,2026-04-23T21:00:00Z,2026-04-23,21:00,3,135.68,0,4.68,116.3,3.11,4.89,8.43,1.86
Londres,LON,GB,51.5074,-0.1278,2026-04-23T22:00:00Z,2026-04-23,22:00,3,135.04,0,4.56,113,3.07,4.41,7.91,1.62
Londres,LON,GB,51.5074,-0.1278,2026-04-23T23:00:00Z,2026-04-23,23:00,3,135.18,0,4.56,110.45,3.12,4.28,7.73,1.44
Londres,LON,GB,51.5074,-0.1278,2026-04-24T00:00:00Z,2026-04-24,00:00,3,135.71,0,4.68,107.34,3.24,4.51,7.93,1.4
Londres,LON,GB,51.5074,-0.1278,2026-04-24T01:00:00Z,2026-04-24,01:00,3,135.51,0,4.88,103.76,3.38,5.28,8.68,1.39
Londres,LON,GB,51.5074,-0.1278,2026-04-24T02:00:00Z,2026-04-24,02:00,3,135.82,0,5.02,100.54,3.48,5.99,9.48,1.44
Londres,LON,GB,51.5074,-0.1278,2026-04-24T03:00:00Z,2026-04-24,03:00,2,135.75,0,5.1,97.24,3.54,6.89,10.47,1.46
Londres,LON,GB,51.5074,-0.1278,2026-04-24T04:00:00Z,2026-04-24,04:00,2,135.67,0,5.18,94.24,3.54,7.83,11.44,1.44
Londres,LON,GB,51.5074,-0.1278,2026-04-24T05:00:00Z,2026-04-24,05:00,2,135.46,0,5.35,91.4,3.52,8.63,12.19,1.39
Londres,LON,GB,51.5074,-0.1278,2026-04-24T06:00:00Z,2026-04-24,06:00,2,135.73,0.05,5.87,89.12,3.54,9.35,12.84,1.36
Londres,LON,GB,51.5074,-0.1278,2026-04-24T07:00:00Z,2026-04-24,07:00,2,136.66,0.46,6.25,87.65,3.56,9.77,13.21,1.44
Londres,LON,GB,51.5074,-0.1278,2026-04-24T08:00:00Z,2026-04-24,08:00,2,137.77,1.04,6.23,87.47,3.59,10.05,13.43,1.54
Londres,LON,GB,51.5074,-0.1278,2026-04-24T09:00:00Z,2026-04-24,09:00,2,138.32,1.43,6.11,89.33,3.62,10.04,13.33,1.57
Londres,LON,GB,51.5074,-0.1278,2026-04-24T10:00:00Z,2026-04-24,10:00,2,138.62,1.55,5.8,93.97,3.65,9.98,13.15,1.43
Londres,LON,GB,51.5074,-0.1278,2026-04-24T11:00:00Z,2026-04-24,11:00,2,138.94,1.48,5.39,99.77,3.73,9.68,12.79,1.21
Londres,LON,GB,51.5074,-0.1278,2026-04-24T12:00:00Z,2026-04-24,12:00,3,138.61,1.28,4.81,106.77,3.77,9.52,12.63,0.97
Londres,LON,GB,51.5074,-0.1278,2026-04-24T13:00:00Z,2026-04-24,13:00,3,138.54,1.06,4.3,113.67,3.87,9.83,13.06,0.81
Londres,LON,GB,51.5074,-0.1278,2026-04-24T14:00:00Z,2026-04-24,14:00,3,137.99,0.9,3.97,119.49,3.93,10.24,13.61,0.74
Londres,LON,GB,51.5074,-0.1278,2026-04-24T15:00:00Z,2026-04-24,15:00,3,136.31,0.75,3.73,124.32,3.85,9.62,12.99,0.79
Londres,LON,GB,51.5074,-0.1278,2026-04-24T16:00:00Z,2026-04-24,16:00,3,134.97,0.64,3.77,127.02,3.77,8.29,11.65,0.87
Londres,LON,GB,51.5074,-0.1278,2026-04-24T17:00:00Z,2026-04-24,17:00,3,133.39,0.51,4.02,126.79,3.68,7.08,10.48,0.94
Londres,LON,GB,51.5074,-0.1278,2026-04-24T18:00:00Z,2026-04-24,18:00,3,132.09,0.31,4.54,124.38,3.62,6.1,9.68,1.06
Londres,LON,GB,51.5074,-0.1278,2026-04-24T19:00:00Z,2026-04-24,19:00,3,131.24,0.07,5.16,120.77,3.6,5.27,9.09,1.19
Londres,LON,GB,51.5074,-0.1278,2026-04-24T20:00:00Z,2026-04-24,20:00,3,130.66,0,5.55,116.09,3.65,4.78,8.7,1.31
Londres,LON,GB,51.5074,-0.1278,2026-04-24T21:00:00Z,2026-04-24,21:00,3,131.01,0,6.14,110.53,3.78,4.47,8.45,1.51
Londres,LON,GB,51.5074,-0.1278,2026-04-24T22:00:00Z,2026-04-24,22:00,3,131.58,0,6.74,104.9,3.93,4.45,8.45,1.67
Londres,LON,GB,51.5074,-0.1278,2026-04-24T23:00:00Z,2026-04-24,23:00,3,132.91,0,7.19,100.48,4.07,4.66,8.72,1.71
Londres,LON,GB,51.5074,-0.1278,2026-04-25T00:00:00Z,2026-04-25,00:00,2,133.78,0,7.45,96.94,4.19,4.99,9.12,1.65
Londres,LON,GB,51.5074,-0.1278,2026-04-25T01:00:00Z,2026-04-25,01:00,2,133.95,0,7.51,93.93,4.3,5.38,9.58,1.56
Londres,LON,GB,51.5074,-0.1278,2026-04-25T02:00:00Z,2026-04-25,02:00,2,134.74,0,7.57,91.38,4.44,5.73,10.02,1.53
Londres,LON,GB,51.5074,-0.1278,2026-04-25T03:00:00Z,2026-04-25,03:00,2,135.07,0,7.58,88.91,4.55,6.16,10.5,1.53
Londres,LON,GB,51.5074,-0.1278,2026-04-25T04:00:00Z,2026-04-25,04:00,2,135.39,0,7.47,86.84,4.64,6.54,10.84,1.55
Londres,LON,GB,51.5074,-0.1278,2026-04-25T05:00:00Z,2026-04-25,05:00,2,135.72,0,7.37,85.49,4.72,6.88,11.06,1.53
Londres,LON,GB,51.5074,-0.1278,2026-04-25T06:00:00Z,2026-04-25,06:00,2,135.85,0.03,7.37,85.19,4.77,7.22,11.19,1.48
Londres,LON,GB,51.5074,-0.1278,2026-04-25T07:00:00Z,2026-04-25,07:00,2,135.96,0.31,7.31,86.49,4.75,7.37,11.1,1.46
Londres,LON,GB,51.5074,-0.1278,2026-04-25T08:00:00Z,2026-04-25,08:00,2,136.22,0.87,7.05,87.85,4.91,7.56,11.16,1.42
Londres,LON,GB,51.5074,-0.1278,2026-04-25T09:00:00Z,2026-04-25,09:00,2,136.68,1.37,6.82,89.22,5.13,8.25,11.8,1.32
Londres,LON,GB,51.5074,-0.1278,2026-04-25T10:00:00Z,2026-04-25,10:00,2,137.1,1.75,6.86,90.31,5.49,9.5,13.1,1.13
Londres,LON,GB,51.5074,-0.1278,2026-04-25T11:00:00Z,2026-04-25,11:00,2,137.77,2.08,7.23,90.18,6.03,11.12,14.86,0.95
Londres,LON,GB,51.5074,-0.1278,2026-04-25T12:00:00Z,2026-04-25,12:00,2,138.34,2.25,7.43,90.77,6.64,12.85,16.82,0.84
Londres,LON,GB,51.5074,-0.1278,2026-04-25T13:00:00Z,2026-04-25,13:00,2,139.28,2.35,7.69,92.96,7.41,14.61,18.83,0.78
Londres,LON,GB,51.5074,-0.1278,2026-04-25T14:00:00Z,2026-04-25,14:00,2,140.41,2.32,8.02,96.52,8.08,16.46,20.77,0.7
Londres,LON,GB,51.5074,-0.1278,2026-04-25T15:00:00Z,2026-04-25,15:00,3,141.71,2.19,8.44,100.8,8.57,18.23,22.54,0.62
Londres,LON,GB,51.5074,-0.1278,2026-04-25T16:00:00Z,2026-04-25,16:00,3,143.03,2,9.32,104.83,9.06,19.36,23.59,0.59
Londres,LON,GB,51.5074,-0.1278,2026-04-25T17:00:00Z,2026-04-25,17:00,3,143.8,1.7,10.96,105.58,9.39,19.85,23.92,0.6
Londres,LON,GB,51.5074,-0.1278,2026-04-25T18:00:00Z,2026-04-25,18:00,3,144.66,1.08,13.47,104,9.5,19.69,23.6,0.68
Londres,LON,GB,51.5074,-0.1278,2026-04-25T19:00:00Z,2026-04-25,19:00,3,145.57,0.26,15.81,101.57,9.07,18.78,22.5,0.76
Londres,LON,GB,51.5074,-0.1278,2026-04-25T20:00:00Z,2026-04-25,20:00,2,145.77,0,15.78,99.89,8.38,17.74,21.29,0.76
Londres,LON,GB,51.5074,-0.1278,2026-04-25T21:00:00Z,2026-04-25,21:00,2,145.97,0,15.72,97.81,7.96,17.23,20.7,0.78
Londres,LON,GB,51.5074,-0.1278,2026-04-25T22:00:00Z,2026-04-25,22:00,2,146.9,0,16.03,93.95,7.64,16.8,20.3,0.93
Londres,LON,GB,51.5074,-0.1278,2026-04-25T23:00:00Z,2026-04-25,23:00,2,147.62,0,16.54,88.56,7.27,16,19.62,1.09
Londres,LON,GB,51.5074,-0.1278,2026-04-26T00:00:00Z,2026-04-26,00:00,2,147.97,0,17.16,82.84,7.03,15.12,18.76,1.35
Londres,LON,GB,51.5074,-0.1278,2026-04-26T01:00:00Z,2026-04-26,01:00,2,147.66,0,17.57,77.66,6.89,14.62,18.16,1.69
Londres,LON,GB,51.5074,-0.1278,2026-04-26T02:00:00Z,2026-04-26,02:00,2,147.82,0,17.22,73.72,6.62,14.56,17.98,1.99
Londres,LON,GB,51.5074,-0.1278,2026-04-26T03:00:00Z,2026-04-26,03:00,2,148.17,0,16.26,70.3,6.28,15.14,18.44,2.28
Londres,LON,GB,51.5074,-0.1278,2026-04-26T04:00:00Z,2026-04-26,04:00,2,148.49,0,14.88,67.66,5.9,15.48,18.55,2.76
Londres,LON,GB,51.5074,-0.1278,2026-04-26T05:00:00Z,2026-04-26,05:00,2,149.35,0,13.37,67.47,5.57,15.52,18.33,3.28
Londres,LON,GB,51.5074,-0.1278,2026-04-26T06:00:00Z,2026-04-26,06:00,2,150.21,0.08,11.87,71.07,5.27,15.25,17.83,3.94
Londres,LON,GB,51.5074,-0.1278,2026-04-26T07:00:00Z,2026-04-26,07:00,2,150.1,0.48,9.81,77.89,4.83,14.47,16.89,4.79
Londres,LON,GB,51.5074,-0.1278,2026-04-26T08:00:00Z,2026-04-26,08:00,2,150.33,1.05,8.65,80.25,4.79,14.18,16.58,5.25
Londres,LON,GB,51.5074,-0.1278,2026-04-26T09:00:00Z,2026-04-26,09:00,2,149.61,1.49,7.79,83.34,4.92,14.76,17.21,5.42
Londres,LON,GB,51.5074,-0.1278,2026-04-26T10:00:00Z,2026-04-26,10:00,2,148.68,1.6,7.19,88.83,5.13,16.51,19.04,5.18
Londres,LON,GB,51.5074,-0.1278,2026-04-26T11:00:00Z,2026-04-26,11:00,2,148.08,1.68,6.79,94.95,5.41,19.74,22.43,4.59
Londres,LON,GB,51.5074,-0.1278,2026-04-26T12:00:00Z,2026-04-26,12:00,3,147.86,1.6,6.47,102.68,5.6,23.9,26.75,3.46
Londres,LON,GB,51.5074,-0.1278,2026-04-26T13:00:00Z,2026-04-26,13:00,3,147.21,1.45,6.28,111.5,5.76,27.39,30.33,2.2
Londres,LON,GB,51.5074,-0.1278,2026-04-26T14:00:00Z,2026-04-26,14:00,3,146.14,1.32,6.33,118.98,5.88,29.56,32.55,1.32
Londres,LON,GB,51.5074,-0.1278,2026-04-26T15:00:00Z,2026-04-26,15:00,3,145.27,1.15,6.55,125.08,5.92,29.71,32.7,0.94
Londres,LON,GB,51.5074,-0.1278,2026-04-26T16:00:00Z,2026-04-26,16:00,3,144.77,0.96,7.2,128.68,5.93,28.48,31.48,0.84
Londres,LON,GB,51.5074,-0.1278,2026-04-26T17:00:00Z,2026-04-26,17:00,3,144.28,0.65,8.04,128.97,5.72,26.35,29.33,0.89
Londres,LON,GB,51.5074,-0.1278,2026-04-26T18:00:00Z,2026-04-26,18:00,3,143.98,0.28,8.77,126.94,5.43,23.82,26.75,1.05
Londres,LON,GB,51.5074,-0.1278,2026-04-26T19:00:00Z,2026-04-26,19:00,3,144.7,0.06,8.88,124.11,5.14,21.35,24.38,1.31
Londres,LON,GB,51.5074,-0.1278,2026-04-26T20:00:00Z,2026-04-26,20:00,3,144.38,0,8.39,120.3,4.9,18.87,22.15,1.5
Londres,LON,GB,51.5074,-0.1278,2026-04-26T21:00:00Z,2026-04-26,21:00,3,142.75,0,8.11,116.41,4.68,16,19.54,1.71
Londres,LON,GB,51.5074,-0.1278,2026-04-26T22:00:00Z,2026-04-26,22:00,3,139.57,0,7.29,113.68,4.26,13.27,16.94,1.94
Londres,LON,GB,51.5074,-0.1278,2026-04-26T23:00:00Z,2026-04-26,23:00,3,138.5,0,7.31,109.05,4.23,11.65,15.49,1.86
Londres,LON,GB,51.5074,-0.1278,2026-04-27T00:00:00Z,2026-04-27,00:00,3,138.17,0,7.58,103.68,4.26,10.93,14.89,1.75
Londres,LON,GB,51.5074,-0.1278,2026-04-27T01:00:00Z,2026-04-27,01:00,2,137.9,0,7.89,97.87,4.33,10.58,14.62,1.66
Londres,LON,GB,51.5074,-0.1278,2026-04-27T02:00:00Z,2026-04-27,02:00,2,138.16,0,8.19,93.16,4.46,10.44,14.59,1.6
Londres,LON,GB,51.5074,-0.1278,2026-04-27T03:00:00Z,2026-04-27,03:00,2,138.42,0,8.41,89.33,4.58,10.53,14.74,1.53
Londres,LON,GB,51.5074,-0.1278,2026-04-27T04:00:00Z,2026-04-27,04:00,2,138.41,0,8.39,86.15,4.61,10.57,14.79,1.48
Londres,LON,GB,51.5074,-0.1278,2026-04-27T05:00:00Z,2026-04-27,05:00,2,138.51,0,8.53,83.22,4.7,10.35,14.61,1.45
Londres,LON,GB,51.5074,-0.1278,2026-04-27T06:00:00Z,2026-04-27,06:00,2,138.69,0.1,9,80.36,4.86,10.09,14.43,1.42
Londres,LON,GB,51.5074,-0.1278,2026-04-27T07:00:00Z,2026-04-27,07:00,2,139.12,0.79,9.13,78.12,5.07,9.89,14.36,1.44
Londres,LON,GB,51.5074,-0.1278,2026-04-27T08:00:00Z,2026-04-27,08:00,2,140.74,1.84,9.25,76.02,5.44,10.18,14.85,1.49
Londres,LON,GB,51.5074,-0.1278,2026-04-27T09:00:00Z,2026-04-27,09:00,2,142.35,2.77,9.55,74.57,5.94,11.05,15.92,1.56
Londres,LON,GB,51.5074,-0.1278,2026-04-27T10:00:00Z,2026-04-27,10:00,2,143.29,3.29,9.56,75.41,6.47,12.56,17.61,1.5
Londres,LON,GB,51.5074,-0.1278,2026-04-27T11:00:00Z,2026-04-27,11:00,2,143.28,3.42,9.36,78.37,6.96,14.37,19.58,1.4
Londres,LON,GB,51.5074,-0.1278,2026-04-27T12:00:00Z,2026-04-27,12:00,2,143.65,3.35,9.23,82.3,7.49,17.33,22.72,1.28
Londres,LON,GB,51.5074,-0.1278,2026-04-27T13:00:00Z,2026-04-27,13:00,2,145.14,3.24,9.4,87.9,8.12,20.99,26.55,1.23
Londres,LON,GB,51.5074,-0.1278,2026-04-27T14:00:00Z,2026-04-27,14:00,2,146.43,3.11,9.81,93.57,8.43,24.58,30.25,1.21
Londres,LON,GB,51.5074,-0.1278,2026-04-27T15:00:00Z,2026-04-27,15:00,3,148.65,2.93,10.61,99.05,8.44,28.04,33.72,1.26
Londres,LON,GB,51.5074,-0.1278,2026-04-27T16:00:00Z,2026-04-27,16:00,3,151.48,2.81,12.46,102.87,8.61,30.93,36.56,1.36
Londres,LON,GB,51.5074,-0.1278,2026-04-27T17:00:00Z,2026-04-27,17:00,3,153.98,2.62,15.95,101.83,9.46,32.73,38.29,1.52
Londres,LON,GB,51.5074,-0.1278,2026-04-27T18:00:00Z,2026-04-27,18:00,3,156.3,1.74,21.29,96.79,10.59,33.58,39.05,1.71
Londres,LON,GB,51.5074,-0.1278,2026-04-27T19:00:00Z,2026-04-27,19:00,3,158.29,0.37,26.98,89.86,11.55,33.43,38.81,1.88
Londres,LON,GB,51.5074,-0.1278,2026-04-27T20:00:00Z,2026-04-27,20:00,3,159.4,0,29.74,82.01,12.08,33.08,38.37,1.76
Londres,LON,GB,51.5074,-0.1278,2026-04-27T21:00:00Z,2026-04-27,21:00,3,159.77,0,32.31,74.12,12.41,33.01,38.21,1.5
Londres,LON,GB,51.5074,-0.1278,2026-04-27T22:00:00Z,2026-04-27,22:00,3,159.6,0,33.77,69,12.05,32.84,37.91,1.32
Londres,LON,GB,51.5074,-0.1278,2026-04-27T23:00:00Z,2026-04-27,23:00,3,158.72,0,31.6,70.35,10.36,32.08,36.76,1.53
Londres,LON,GB,51.5074,-0.1278,2026-04-28T00:00:00Z,2026-04-28,00:00,3,155.97,0,26.81,73.22,8.34,29.89,33.91,2.01
Londres,LON,GB,51.5074,-0.1278,2026-04-28T01:00:00Z,2026-04-28,01:00,3,150.48,0,18.35,84.78,6.82,25.52,28.36,2.23
Londres,LON,GB,51.5074,-0.1278,2026-04-28T02:00:00Z,2026-04-28,02:00,2,148.22,0,13.83,88.82,5.51,21.17,23.06,1.76
Londres,LON,GB,51.5074,-0.1278,2026-04-28T03:00:00Z,2026-04-28,03:00,2,146.89,0,11.63,88.52,4.92,17.65,19.05,1.35
Londres,LON,GB,51.5074,-0.1278,2026-04-28T04:00:00Z,2026-04-28,04:00,2,144.09,0,8.83,88.48,4.11,14.4,15.61,1.15
Londres,LON,GB,51.5074,-0.1278,2026-04-28T05:00:00Z,2026-04-28,05:00,2,142.8,0,7.96,86.84,3.87,11.74,13.03,1.12
Londres,LON,GB,51.5074,-0.1278,2026-04-28T06:00:00Z,2026-04-28,06:00,2,141.79,0.04,7.43,87.94,3.51,9.16,10.45,1.11
Londres,LON,GB,51.5074,-0.1278,2026-04-28T07:00:00Z,2026-04-28,07:00,2,138.83,0.25,6.46,93.47,2.94,6.23,7.43,1.13
Londres,LON,GB,51.5074,-0.1278,2026-04-28T08:00:00Z,2026-04-28,08:00,2,137.13,0.6,5.99,96.95,2.85,4.73,6.03,1.24
Londres,LON,GB,51.5074,-0.1278,2026-04-28T09:00:00Z,2026-04-28,09:00,2,136.18,0.95,5.81,98.98,2.9,3.8,5.25,1.36
Londres,LON,GB,51.5074,-0.1278,2026-04-28T10:00:00Z,2026-04-28,10:00,3,134.7,1.06,5.11,104.18,2.77,2.77,4.25,1.35
Londres,LON,GB,51.5074,-0.1278,2026-04-28T11:00:00Z,2026-04-28,11:00,3,130.92,0.85,3.91,113.9,2.52,1.92,3.38,1.19
Londres,LON,GB,51.5074,-0.1278,2026-04-28T12:00:00Z,2026-04-28,12:00,3,127.61,0.64,2.94,121.83,2.38,1.61,3.09,1.1
Londres,LON,GB,51.5074,-0.1278,2026-04-28T13:00:00Z,2026-04-28,13:00,3,127.18,0.53,2.51,126.49,2.45,1.96,3.61,1.26
Londres,LON,GB,51.5074,-0.1278,2026-04-28T14:00:00Z,2026-04-28,14:00,3,128.58,0.47,2.41,129.41,2.64,3.47,5.51,1.77
Londres,LON,GB,51.5074,-0.1278,2026-04-28T15:00:00Z,2026-04-28,15:00,3,131.55,0.43,2.46,132.47,2.85,6.65,9.34,2.62
Londres,LON,GB,51.5074,-0.1278,2026-04-28T16:00:00Z,2026-04-28,16:00,3,135.6,0.34,2.78,135.21,3.01,10.2,13.44,3.68
Londres,LON,GB,51.5074,-0.1278,2026-04-28T17:00:00Z,2026-04-28,17:00,3,137.77,0.24,3.28,134.27,3.02,12.43,15.89,4.44
Londres,LON,GB,51.5074,-0.1278,2026-04-28T18:00:00Z,2026-04-28,18:00,3,138.82,0.12,3.96,131.27,2.99,12.58,16.1,4.73
Londres,LON,GB,51.5074,-0.1278,2026-04-28T19:00:00Z,2026-04-28,19:00,3,139.16,0.02,4.46,127.59,2.92,10.87,14.33,4.61
Londres,LON,GB,51.5074,-0.1278,2026-04-28T20:00:00Z,2026-04-28,20:00,3,138.9,0,4.7,123.54,2.95,8.79,12.27,4.26
Londres,LON,GB,51.5074,-0.1278,2026-04-28T21:00:00Z,2026-04-28,21:00,3,138.54,0,4.8,119.47,3.06,7.48,11.16,4.06
Londres,LON,GB,51.5074,-0.1278,2026-04-28T22:00:00Z,2026-04-28,22:00,3,137.21,0,4.8,114.96,3.13,7,10.94,3.93
Londres,LON,GB,51.5074,-0.1278,2026-04-28T23:00:00Z,2026-04-28,23:00,3,137.26,0,4.88,111.54,3.17,7.13,11.27,3.92
Londres,LON,GB,51.5074,-0.1278,2026-04-29T00:00:00Z,2026-04-29,00:00,3,137.96,0,4.98,108.45,3.14,7.99,12.04,4.12
Londres,LON,GB,51.5074,-0.1278,2026-04-29T01:00:00Z,2026-04-29,01:00,3,139.29,0,5.07,105.33,3.14,9.32,13.07,4.55
Londres,LON,GB,51.5074,-0.1278,2026-04-29T02:00:00Z,2026-04-29,02:00,3,140.51,0,5.2,102.2,3.16,10.58,13.95,5.21
Londres,LON,GB,51.5074,-0.1278,2026-04-29T03:00:00Z,2026-04-29,03:00,2,142.2,0,5.33,99.39,3.25,11.28,14.28,6.03
Londres,LON,GB,51.5074,-0.1278,2026-04-29T04:00:00Z,2026-04-29,04:00,2,143.64,0,5.46,96.62,3.41,11.32,14.04,7.05
Londres,LON,GB,51.5074,-0.1278,2026-04-29T05:00:00Z,2026-04-29,05:00,2,145.12,0,5.66,93.81,3.67,11.03,13.58,8.48
Londres,LON,GB,51.5074,-0.1278,2026-04-29T06:00:00Z,2026-04-29,06:00,2,147.06,0.05,6.6,91.25,4.03,10.45,12.94,10.14
Londres,LON,GB,51.5074,-0.1278,2026-04-29T07:00:00Z,2026-04-29,07:00,2,149.26,0.47,7.36,89.78,4.39,9.32,11.83,11.71
Londres,LON,GB,51.5074,-0.1278,2026-04-29T08:00:00Z,2026-04-29,08:00,2,150.78,1.08,7.29,89.4,4.6,8.33,10.87,12.52
Londres,LON,GB,51.5074,-0.1278,2026-04-29T09:00:00Z,2026-04-29,09:00,2,152.5,1.47,6.87,91.02,4.61,8.01,10.57,12.6
Londres,LON,GB,51.5074,-0.1278,2026-04-29T10:00:00Z,2026-04-29,10:00,2,153.37,1.54,6.14,95.07,4.47,8.63,11.22,11.87
Londres,LON,GB,51.5074,-0.1278,2026-04-29T11:00:00Z,2026-04-29,11:00,3,151.9,1.33,5.18,101.62,4.19,9.94,12.46,10.32
Londres,LON,GB,51.5074,-0.1278,2026-04-29T12:00:00Z,2026-04-29,12:00,3,149.88,1.06,4.3,109.67,3.97,11.88,14.32,8.84
Londres,LON,GB,51.5074,-0.1278,2026-04-29T13:00:00Z,2026-04-29,13:00,3,148.93,0.87,3.84,117.19,3.88,14.33,16.76,7.95
Londres,LON,GB,51.5074,-0.1278,2026-04-29T14:00:00Z,2026-04-29,14:00,3,148.85,0.75,3.66,122.32,3.87,16.76,19.3,7.65
Londres,LON,GB,51.5074,-0.1278,2026-04-29T15:00:00Z,2026-04-29,15:00,3,148.58,0.66,3.65,125.12,3.84,18.31,21.02,7.46
Londres,LON,GB,51.5074,-0.1278,2026-04-29T16:00:00Z,2026-04-29,16:00,3,148.79,0.56,3.86,127.37,3.79,18.84,21.69,7.22
Londres,LON,GB,51.5074,-0.1278,2026-04-29T17:00:00Z,2026-04-29,17:00,3,149.28,0.42,4.27,128.91,3.76,18.98,21.93,7.19
Londres,LON,GB,51.5074,-0.1278,2026-04-29T18:00:00Z,2026-04-29,18:00,3,149.6,0.22,4.88,129.97,3.75,18.51,21.55,7.22
Londres,LON,GB,51.5074,-0.1278,2026-04-29T19:00:00Z,2026-04-29,19:00,3,150.16,0.03,5.45,130.14,3.78,17.45,20.52,7.26
Londres,LON,GB,51.5074,-0.1278,2026-04-29T20:00:00Z,2026-04-29,20:00,3,152.08,0,5.65,129.08,3.99,16.79,19.89,7.38
Londres,LON,GB,51.5074,-0.1278,2026-04-29T21:00:00Z,2026-04-29,21:00,3,154.93,0,5.88,126.75,4.32,16.56,19.69,7.61
Londres,LON,GB,51.5074,-0.1278,2026-04-29T22:00:00Z,2026-04-29,22:00,3,158.09,0,6,123.42,4.67,16.29,19.45,7.94
Londres,LON,GB,51.5074,-0.1278,2026-04-29T23:00:00Z,2026-04-29,23:00,3,159.9,0,5.97,119.73,4.94,15.4,18.53,8.29
Londres,LON,GB,51.5074,-0.1278,2026-04-30T00:00:00Z,2026-04-30,00:00,3,159.3,0,5.87,115.96,5.03,13.95,16.97,8.51
Londres,LON,GB,51.5074,-0.1278,2026-04-30T01:00:00Z,2026-04-30,01:00,3,156.94,0,5.74,111.86,4.94,12.39,15.3,8.84
Londres,LON,GB,51.5074,-0.1278,2026-04-30T02:00:00Z,2026-04-30,02:00,3,153.36,0,5.47,107.82,4.59,10.92,13.68,9.38
Londres,LON,GB,51.5074,-0.1278,2026-04-30T03:00:00Z,2026-04-30,03:00,3,148.85,0,5.06,103.93,4.08,9.59,12.16,9.97
Londres,LON,GB,51.5074,-0.1278,2026-04-30T04:00:00Z,2026-04-30,04:00,3,144.33,0,4.6,100.75,3.59,8.47,10.85,10.48
Londres,LON,GB,51.5074,-0.1278,2026-04-30T05:00:00Z,2026-04-30,05:00,2,141.66,0,4.23,98.85,3.29,7.9,10.13,10.86
Londres,LON,GB,51.5074,-0.1278,2026-04-30T06:00:00Z,2026-04-30,06:00,2,140.48,0.05,4.27,97.5,3.15,7.68,9.8,11.04
Londres,LON,GB,51.5074,-0.1278,2026-04-30T07:00:00Z,2026-04-30,07:00,2,140.12,0.28,4.11,96.37,3.17,7.62,9.67,10.99
Londres,LON,GB,51.5074,-0.1278,2026-04-30T08:00:00Z,2026-04-30,08:00,2,141.42,0.57,3.91,96.11,3.31,7.96,10.01,10.88
Londres,LON,GB,51.5074,-0.1278,2026-04-30T09:00:00Z,2026-04-30,09:00,2,143.01,0.78,3.77,97.13,3.46,8.81,10.83,10.67
Londres,LON,GB,51.5074,-0.1278,2026-04-30T10:00:00Z,2026-04-30,10:00,2,144.67,0.86,3.62,99.44,3.61,10.29,12.3,10.29
Londres,LON,GB,51.5074,-0.1278,2026-04-30T11:00:00Z,2026-04-30,11:00,3,146.41,0.84,3.38,104.23,3.75,12.41,14.5,9.71
Londres,LON,GB,51.5074,-0.1278,2026-04-30T12:00:00Z,2026-04-30,12:00,3,147.03,0.73,3.03,110.85,3.82,14.94,17.06,9.13
Londres,LON,GB,51.5074,-0.1278,2026-04-30T13:00:00Z,2026-04-30,13:00,3,147.75,0.63,2.8,117.55,3.87,17.12,19.25,8.75
Londres,LON,GB,51.5074,-0.1278,2026-04-30T14:00:00Z,2026-04-30,14:00,3,148.02,0.56,2.69,122.34,3.9,18.44,20.59,8.54
Londres,LON,GB,51.5074,-0.1278,2026-04-30T15:00:00Z,2026-04-30,15:00,3,148.11,0.5,2.73,126,3.91,18.97,21.14,8.33
Londres,LON,GB,51.5074,-0.1278,2026-04-30T16:00:00Z,2026-04-30,16:00,3,147.92,0.47,3.04,128.7,3.92,18.65,20.81,7.78
Londres,LON,GB,51.5074,-0.1278,2026-04-30T17:00:00Z,2026-04-30,17:00,3,145.44,0.42,3.66,129.1,3.93,17.37,19.47,6.97
Londres,LON,GB,51.5074,-0.1278,2026-04-30T18:00:00Z,2026-04-30,18:00,3,143.14,0.28,4.52,127.29,3.97,15.46,17.52,6.46
Londres,LON,GB,51.5074,-0.1278,2026-04-30T19:00:00Z,2026-04-30,19:00,3,141.59,0.07,5.32,124.06,3.98,13.33,15.37,6.31
Londres,LON,GB,51.5074,-0.1278,2026-04-30T20:00:00Z,2026-04-30,20:00,3,139.86,0,5.41,119.88,3.97,11.3,13.33,6.51
Londres,LON,GB,51.5074,-0.1278,2026-04-30T21:00:00Z,2026-04-30,21:00,3,139.79,0,5.46,116.34,3.96,9.76,11.76,6.99
Londres,LON,GB,51.5074,-0.1278,2026-04-30T22:00:00Z,2026-04-30,22:00,3,142.42,0,5.65,112.81,3.98,8.9,10.87,7.65
Londres,LON,GB,51.5074,-0.1278,2026-04-30T23:00:00Z,2026-04-30,23:00,3,146.99,0,6.22,109.04,4.13,8.92,10.83,8.29
Londres,LON,GB,51.5074,-0.1278,2026-05-01T00:00:00Z,2026-05-01,00:00,3,152.51,0,7.05,105.02,4.38,9.79,11.63,8.72
Londres,LON,GB,51.5074,-0.1278,2026-05-01T01:00:00Z,2026-05-01,01:00,3,157.08,0,8.18,100.18,4.64,10.79,12.6,8.82
Londres,LON,GB,51.5074,-0.1278,2026-05-01T02:00:00Z,2026-05-01,02:00,2,161.81,0,9.59,94.61,4.95,11.78,13.61,8.75
Londres,LON,GB,51.5074,-0.1278,2026-05-01T03:00:00Z,2026-05-01,03:00,2,165.81,0,10.97,88.15,5.25,12.81,14.68,8.58
Londres,LON,GB,51.5074,-0.1278,2026-05-01T04:00:00Z,2026-05-01,04:00,2,168.36,0,12.48,80.9,5.4,13.76,15.72,7.76
Londres,LON,GB,51.5074,-0.1278,2026-05-01T05:00:00Z,2026-05-01,05:00,2,170.38,0,14.54,72.78,5.57,14.79,16.82,6.32
Londres,LON,GB,51.5074,-0.1278,2026-05-01T06:00:00Z,2026-05-01,06:00,2,171.47,0.17,17.4,64.16,5.87,15.84,17.9,5
Londres,LON,GB,51.5074,-0.1278,2026-05-01T07:00:00Z,2026-05-01,07:00,2,170.86,1.15,19.42,55.76,5.94,16.38,18.39,3.52
Londres,LON,GB,51.5074,-0.1278,2026-05-01T08:00:00Z,2026-05-01,08:00,2,170.6,2.4,20.92,48.05,5.85,16.75,18.73,2.26
Londres,LON,GB,51.5074,-0.1278,2026-05-01T09:00:00Z,2026-05-01,09:00,2,169.58,3.22,23.23,40.11,5.94,17.33,19.28,1.5
Londres,LON,GB,51.5074,-0.1278,2026-05-01T10:00:00Z,2026-05-01,10:00,2,167.64,4.53,24.74,33.43,6.31,18.09,20.02,1.05
Londres,LON,GB,51.5074,-0.1278,2026-05-01T11:00:00Z,2026-05-01,11:00,2,166.07,6.65,26.02,28.91,7.11,19.34,21.38,0.79
Londres,LON,GB,51.5074,-0.1278,2026-05-01T12:00:00Z,2026-05-01,12:00,2,165.81,9.19,27.88,26.93,8.44,21.39,23.65,0.59
Londres,LON,GB,51.5074,-0.1278,2026-05-01T13:00:00Z,2026-05-01,13:00,2,164.56,11.34,28.88,30.1,10.42,23.97,26.56,0.35
Londres,LON,GB,51.5074,-0.1278,2026-05-01T14:00:00Z,2026-05-01,14:00,2,162.52,11.09,28.21,36.67,10.79,23.94,26.78,0.23
Londres,LON,GB,51.5074,-0.1278,2026-05-01T15:00:00Z,2026-05-01,15:00,2,158.23,9.2,25.65,46.92,10.51,22.26,25.25,0.18
Londres,LON,GB,51.5074,-0.1278,2026-05-01T16:00:00Z,2026-05-01,16:00,2,153.76,6.24,22.7,59.97,9.83,19.38,22.4,0.18
Londres,LON,GB,51.5074,-0.1278,2026-05-01T17:00:00Z,2026-05-01,17:00,2,150.97,3.36,21.49,72.47,9.2,16.61,19.63,0.24
Londres,LON,GB,51.5074,-0.1278,2026-05-01T18:00:00Z,2026-05-01,18:00,2,150.05,1.5,21.48,83.29,8.9,15.09,18.2,0.31
Londres,LON,GB,51.5074,-0.1278,2026-05-01T19:00:00Z,2026-05-01,19:00,2,149.72,0.33,21.45,92.36,8.74,14.57,17.79,0.39
Londres,LON,GB,51.5074,-0.1278,2026-05-01T20:00:00Z,2026-05-01,20:00,2,149.97,0,19.72,99.38,8.78,14.87,18.23,0.39
Londres,LON,GB,51.5074,-0.1278,2026-05-01T21:00:00Z,2026-05-01,21:00,3,150.42,0,18.21,104.16,8.86,15.38,18.86,0.35
Londres,LON,GB,51.5074,-0.1278,2026-05-01T22:00:00Z,2026-05-01,22:00,3,150.08,0,17.33,106.27,8.91,15.56,19.03,0.3
Londres,LON,GB,51.5074,-0.1278,2026-05-01T23:00:00Z,2026-05-01,23:00,3,150.28,0,17.14,106.35,9.04,15.74,19.18,0.24
Londres,LON,GB,51.5074,-0.1278,2026-05-02T00:00:00Z,2026-05-02,00:00,3,150.47,0,17.12,105.63,9.2,15.54,18.97,0.21
Londres,LON,GB,51.5074,-0.1278,2026-05-02T01:00:00Z,2026-05-02,01:00,3,149.89,0,17.23,104.26,9.31,15.19,18.63,0.2
Londres,LON,GB,51.5074,-0.1278,2026-05-02T02:00:00Z,2026-05-02,02:00,3,149.29,0,17.67,101.26,9.39,14.58,18.05,0.21
Londres,LON,GB,51.5074,-0.1278,2026-05-02T03:00:00Z,2026-05-02,03:00,2,148.32,0,18.3,96.99,9.49,13.95,17.45,0.19
Londres,LON,GB,51.5074,-0.1278,2026-05-02T04:00:00Z,2026-05-02,04:00,2,147.72,0,19.72,91.28,9.64,13.44,16.93,0.18
Londres,LON,GB,51.5074,-0.1278,2026-05-02T05:00:00Z,2026-05-02,05:00,2,148.06,0,22.05,83.88,10.06,13.47,16.91,0.19
Londres,LON,GB,51.5074,-0.1278,2026-05-02T06:00:00Z,2026-05-02,06:00,2,148.58,0.24,25.43,78.18,10.73,14.12,17.42,0.16
Londres,LON,GB,51.5074,-0.1278,2026-05-02T07:00:00Z,2026-05-02,07:00,2,149.84,1.97,27.36,75.59,11.53,14.92,18.06,0.19
Londres,LON,GB,51.5074,-0.1278,2026-05-02T08:00:00Z,2026-05-02,08:00,2,151.66,4.64,27.39,74.04,12.74,15.95,18.95,0.21
Londres,LON,GB,51.5074,-0.1278,2026-05-02T09:00:00Z,2026-05-02,09:00,2,153.47,7.09,27.57,73.3,14.58,17.19,20.07,0.18
Londres,LON,GB,51.5074,-0.1278,2026-05-02T10:00:00Z,2026-05-02,10:00,2,155.79,7.63,29.43,71.64,16.21,18.42,21.17,0.15
Londres,LON,GB,51.5074,-0.1278,2026-05-02T11:00:00Z,2026-05-02,11:00,2,156.74,7.81,29.09,71.57,16.05,18.84,21.49,0.11
Londres,LON,GB,51.5074,-0.1278,2026-05-02T12:00:00Z,2026-05-02,12:00,2,156.75,7.03,26.42,74.28,14.27,18.58,21.18,0.09
Londres,LON,GB,51.5074,-0.1278,2026-05-02T13:00:00Z,2026-05-02,13:00,2,155.62,3.52,25.09,77.77,10.24,17.64,19.76,0.13
Londres,LON,GB,51.5074,-0.1278,2026-05-02T14:00:00Z,2026-05-02,14:00,2,152.05,2.07,20.13,86.09,6.43,15.7,17.29,0.24
Londres,LON,GB,51.5074,-0.1278,2026-05-02T15:00:00Z,2026-05-02,15:00,2,147.37,1.09,15.61,93.03,4.56,13.23,14.5,0.34
Londres,LON,GB,51.5074,-0.1278,2026-05-02T16:00:00Z,2026-05-02,16:00,2,142.33,0.66,12.41,96.37,3.9,11.09,12.14,0.37
Londres,LON,GB,51.5074,-0.1278,2026-05-02T17:00:00Z,2026-05-02,17:00,2,138.76,0.6,12.18,91.62,3.92,9.81,10.66,0.34
Londres,LON,GB,51.5074,-0.1278,2026-05-02T18:00:00Z,2026-05-02,18:00,2,136.41,0.48,13.96,83.88,4.18,8.7,9.35,0.31
Londres,LON,GB,51.5074,-0.1278,2026-05-02T19:00:00Z,2026-05-02,19:00,2,135.39,0.16,16.86,76.08,4.65,7.78,8.36,0.31
Londres,LON,GB,51.5074,-0.1278,2026-05-02T20:00:00Z,2026-05-02,20:00,2,134.41,0,19.23,68.55,5.18,7.02,7.57,0.34
Londres,LON,GB,51.5074,-0.1278,2026-05-02T21:00:00Z,2026-05-02,21:00,2,133.7,0,21.32,62.32,5.64,6.41,6.96,0.37
Londres,LON,GB,51.5074,-0.1278,2026-05-02T22:00:00Z,2026-05-02,22:00,1,133.16,0,22.46,56.6,5.95,5.92,6.49,0.38
Londres,LON,GB,51.5074,-0.1278,2026-05-02T23:00:00Z,2026-05-02,23:00,1,133.18,0,22.69,51.66,6.13,5.63,6.24,0.35
Londres,LON,GB,51.5074,-0.1278,2026-05-03T00:00:00Z,2026-05-03,00:00,1,133.47,0,22.39,47.36,6.35,5.58,6.24,0.35
Londres,LON,GB,51.5074,-0.1278,2026-05-03T01:00:00Z,2026-05-03,01:00,1,134.17,0,22.32,43.03,6.18,5.96,6.64,0.33
Londres,LON,GB,51.5074,-0.1278,2026-05-03T02:00:00Z,2026-05-03,02:00,1,135.94,0,24.35,37.36,6,6.58,7.28,0.34
Londres,LON,GB,51.5074,-0.1278,2026-05-03T03:00:00Z,2026-05-03,03:00,1,138.27,0.01,28.47,31.05,6.34,7.79,8.5,0.3
Londres,LON,GB,51.5074,-0.1278,2026-05-03T04:00:00Z,2026-05-03,04:00,1,140.4,0.03,34.34,23.84,6.68,9.15,9.83,0.28
Londres,LON,GB,51.5074,-0.1278,2026-05-03T05:00:00Z,2026-05-03,05:00,2,142.35,0.1,40.48,17,7.23,10.71,11.34,0.27
Londres,LON,GB,51.5074,-0.1278,2026-05-03T06:00:00Z,2026-05-03,06:00,2,144.11,1.84,43.93,13.58,8.01,12.33,12.89,0.28
Londres,LON,GB,51.5074,-0.1278,2026-05-03T07:00:00Z,2026-05-03,07:00,2,145.86,7.11,41.37,16.24,8.72,13.14,13.63,0.26
Londres,LON,GB,51.5074,-0.1278,2026-05-03T08:00:00Z,2026-05-03,08:00,2,148.15,11.21,40.78,17.26,9.58,13.12,13.57,0.25
Londres,LON,GB,51.5074,-0.1278,2026-05-03T09:00:00Z,2026-05-03,09:00,2,150.63,13.64,41.6,16.75,10.68,12.87,13.3,0.24
Londres,LON,GB,51.5074,-0.1278,2026-05-03T10:00:00Z,2026-05-03,10:00,2,152.49,15.69,40.15,17.95,12.48,13.28,13.75,0.24
Londres,LON,GB,51.5074,-0.1278,2026-05-03T11:00:00Z,2026-05-03,11:00,2,153.36,18.06,35.99,20.94,14.11,14.1,14.62,0.23
Londres,LON,GB,51.5074,-0.1278,2026-05-03T12:00:00Z,2026-05-03,12:00,2,153.85,19.26,32.2,23.4,15.36,14.94,15.53,0.19
Londres,LON,GB,51.5074,-0.1278,2026-05-03T13:00:00Z,2026-05-03,13:00,2,153.4,18.58,29.73,25.67,16.28,15.92,16.61,0.16
Londres,LON,GB,51.5074,-0.1278,2026-05-03T14:00:00Z,2026-05-03,14:00,2,152.18,15.69,29.41,26.86,16.08,16.38,17.23,0.14
Londres,LON,GB,51.5074,-0.1278,2026-05-03T15:00:00Z,2026-05-03,15:00,2,150.4,12.57,29.57,28.54,14.98,15.74,16.75,0.17
Londres,LON,GB,51.5074,-0.1278,2026-05-03T16:00:00Z,2026-05-03,16:00,2,148.66,9.25,30.47,31.02,14.26,15.84,17.06,0.19
Londres,LON,GB,51.5074,-0.1278,2026-05-03T17:00:00Z,2026-05-03,17:00,2,146.39,5.89,30.92,35.53,13.29,16.18,17.53,0.2
Londres,LON,GB,51.5074,-0.1278,2026-05-03T18:00:00Z,2026-05-03,18:00,2,143.57,2.74,30.17,43.08,11.78,15.15,16.45,0.24
Londres,LON,GB,51.5074,-0.1278,2026-05-03T19:00:00Z,2026-05-03,19:00,2,140.34,0.54,27.04,53.61,10.39,13.47,14.59,0.24
Londres,LON,GB,51.5074,-0.1278,2026-05-03T20:00:00Z,2026-05-03,20:00,2,139.3,0.01,25.04,57.68,9.83,12.43,13.47,0.22
Londres,LON,GB,51.5074,-0.1278,2026-05-03T21:00:00Z,2026-05-03,21:00,2,138.16,0,23.03,61.19,9.35,12.05,13,0.17
Londres,LON,GB,51.5074,-0.1278,2026-05-03T22:00:00Z,2026-05-03,22:00,2,136.45,0,20.36,66.37,8.33,11.57,12.39,0.16
Londres,LON,GB,51.5074,-0.1278,2026-05-03T23:00:00Z,2026-05-03,23:00,2,135.02,0,18.08,70.44,7.63,11.37,12.11,0.15
Londres,LON,GB,51.5074,-0.1278,2026-05-04T00:00:00Z,2026-05-04,00:00,2,133.95,0,16.04,74.67,7.16,11.13,11.85,0.12
Londres,LON,GB,51.5074,-0.1278,2026-05-04T01:00:00Z,2026-05-04,01:00,2,133.84,0,16.29,76.22,7.42,11.1,11.91,0.12
Londres,LON,GB,51.5074,-0.1278,2026-05-04T02:00:00Z,2026-05-04,02:00,2,134.6,0,18.83,74.06,8.26,11.45,12.41,0.1
Londres,LON,GB,51.5074,-0.1278,2026-05-04T03:00:00Z,2026-05-04,03:00,2,135.36,0,21.62,70.38,8.93,11.8,12.85,0.06
Londres,LON,GB,51.5074,-0.1278,2026-05-04T04:00:00Z,2026-05-04,04:00,2,135.54,0,23.87,65.65,9.41,12.01,13.09,0.05
Londres,LON,GB,51.5074,-0.1278,2026-05-04T05:00:00Z,2026-05-04,05:00,2,135.97,0,25.59,60.98,10.13,12.1,13.26,0.06
Londres,LON,GB,51.5074,-0.1278,2026-05-04T06:00:00Z,2026-05-04,06:00,2,136.21,0.21,26.98,57.5,10.86,12.26,13.5,0.06
Londres,LON,GB,51.5074,-0.1278,2026-05-04T07:00:00Z,2026-05-04,07:00,2,135.7,0.76,21.78,66.2,10.21,11.31,12.58,0.11
Londres,LON,GB,51.5074,-0.1278,2026-05-04T08:00:00Z,2026-05-04,08:00,2,135.75,1.7,18.85,68.38,9.71,11.18,12.4,0.19
Londres,LON,GB,51.5074,-0.1278,2026-05-04T09:00:00Z,2026-05-04,09:00,2,135.81,2.73,17.82,67.49,9.98,11.29,12.41,0.29
Londres,LON,GB,51.5074,-0.1278,2026-05-04T10:00:00Z,2026-05-04,10:00,2,135.81,4.47,16.87,67.29,10.86,11.7,12.72,0.34
Londres,LON,GB,51.5074,-0.1278,2026-05-04T11:00:00Z,2026-05-04,11:00,2,136.12,5.92,16.75,68.02,12.42,12.31,13.23,0.31
Londres,LON,GB,51.5074,-0.1278,2026-05-04T12:00:00Z,2026-05-04,12:00,2,136.81,6.92,16.97,69.67,14.06,13.2,14.05,0.22
Londres,LON,GB,51.5074,-0.1278,2026-05-04T13:00:00Z,2026-05-04,13:00,2,137.76,7.45,17.86,72.22,15.79,14.15,14.96,0.13
Londres,LON,GB,51.5074,-0.1278,2026-05-04T14:00:00Z,2026-05-04,14:00,2,138.69,7.36,19.79,74.88,17.45,15.02,15.83,0.07
Londres,LON,GB,51.5074,-0.1278,2026-05-04T15:00:00Z,2026-05-04,15:00,2,139.72,7.01,22.94,76.82,19.22,15.51,16.37,0.08
Londres,LON,GB,51.5074,-0.1278,2026-05-04T16:00:00Z,2026-05-04,16:00,2,141.01,6.33,27.51,76.28,21.03,15.7,16.71,0.09
Londres,LON,GB,51.5074,-0.1278,2026-05-04T17:00:00Z,2026-05-04,17:00,2,141.73,4.63,32.02,73.61,21.08,15.1,16.31,0.11
Londres,LON,GB,51.5074,-0.1278,2026-05-04T18:00:00Z,2026-05-04,18:00,2,141.62,2.07,35.66,71.09,19.12,13.97,15.42,0.12
Londres,LON,GB,51.5074,-0.1278,2026-05-04T19:00:00Z,2026-05-04,19:00,2,141.86,0.2,36.07,69.56,16.1,12.85,14.48,0.15
Londres,LON,GB,51.5074,-0.1278,2026-05-04T20:00:00Z,2026-05-04,20:00,2,141.42,0,32.18,68.38,13.48,11.88,13.56,0.2
Londres,LON,GB,51.5074,-0.1278,2026-05-04T21:00:00Z,2026-05-04,21:00,2,140.52,0,28.25,66.33,11.47,10.85,12.48,0.29
Londres,LON,GB,51.5074,-0.1278,2026-05-04T22:00:00Z,2026-05-04,22:00,2,139.15,0,25.08,63.65,9.69,9.71,11.32,0.37
Londres,LON,GB,51.5074,-0.1278,2026-05-04T23:00:00Z,2026-05-04,23:00,2,137.98,0,22.8,61.24,8.19,9.05,10.69,0.35
Londres,LON,GB,51.5074,-0.1278,2026-05-05T00:00:00Z,2026-05-05,00:00,2,136.52,0,20.24,61.64,7.08,8.75,10.55,0.28
Londres,LON,GB,51.5074,-0.1278,2026-05-05T01:00:00Z,2026-05-05,01:00,2,134.93,0,13.38,69.31,5,8.02,9.89,0.31
Londres,LON,GB,51.5074,-0.1278,2026-05-05T02:00:00Z,2026-05-05,02:00,2,134.24,0,9.55,72.8,3.84,6.94,8.93,0.4
Londres,LON,GB,51.5074,-0.1278,2026-05-05T03:00:00Z,2026-05-05,03:00,2,134.37,0,7.85,74.34,3.53,6.07,8.26,0.46
Londres,LON,GB,51.5074,-0.1278,2026-05-05T04:00:00Z,2026-05-05,04:00,2,134.27,0,7.01,75.42,3.49,5.55,7.91,0.49
Londres,LON,GB,51.5074,-0.1278,2026-05-05T05:00:00Z,2026-05-05,05:00,2,134.66,0,6.67,76.47,3.47,5.16,7.59,0.52
Londres,LON,GB,51.5074,-0.1278,2026-05-05T06:00:00Z,2026-05-05,06:00,2,135.23,0.02,6.77,76.88,3.46,4.88,7.26,0.55
Londres,LON,GB,51.5074,-0.1278,2026-05-05T07:00:00Z,2026-05-05,07:00,2,135.67,0.17,7.03,78.13,3.43,4.33,6.52,0.55
Londres,LON,GB,51.5074,-0.1278,2026-05-05T08:00:00Z,2026-05-05,08:00,2,136.06,0.65,7.9,78.57,3.91,3.96,6.01,0.58
Londres,LON,GB,51.5074,-0.1278,2026-05-05T09:00:00Z,2026-05-05,09:00,2,136.36,1.33,8.56,79.25,4.48,3.95,5.9,0.62
Londres,LON,GB,51.5074,-0.1278,2026-05-05T10:00:00Z,2026-05-05,10:00,2,136.33,1.72,8.91,81.8,4.83,4.06,5.95,0.64
Londres,LON,GB,51.5074,-0.1278,2026-05-05T11:00:00Z,2026-05-05,11:00,2,135.32,1.52,8.91,86.61,4.81,3.93,5.72,0.64
Londres,LON,GB,51.5074,-0.1278,2026-05-05T12:00:00Z,2026-05-05,12:00,2,134.22,1.34,8.64,91.26,4.76,3.71,5.4,0.68
Londres,LON,GB,51.5074,-0.1278,2026-05-05T13:00:00Z,2026-05-05,13:00,2,133.91,1.38,8.37,95.45,4.9,3.8,5.43,0.68
Londres,LON,GB,51.5074,-0.1278,2026-05-05T14:00:00Z,2026-05-05,14:00,2,133.47,1.24,8.55,98.25,5.05,4.02,5.66,0.69
Londres,LON,GB,51.5074,-0.1278,2026-05-05T15:00:00Z,2026-05-05,15:00,3,132.85,0.98,8.68,100.5,5.02,4.09,5.84,0.74
Londres,LON,GB,51.5074,-0.1278,2026-05-05T16:00:00Z,2026-05-05,16:00,3,132.85,0.89,9.41,100.58,5.24,3.99,5.88,0.78
Londres,LON,GB,51.5074,-0.1278,2026-05-05T17:00:00Z,2026-05-05,17:00,2,132.73,0.67,11.66,97.14,5.85,4,6.03,0.77
Londres,LON,GB,51.5074,-0.1278,2026-05-05T18:00:00Z,2026-05-05,18:00,2,132.8,0.37,14.2,93,6.56,4.06,6.22,0.75
Londres,LON,GB,51.5074,-0.1278,2026-05-05T19:00:00Z,2026-05-05,19:00,2,132.37,0.08,15.7,89.53,6.93,4.04,6.26,0.72
Londres,LON,GB,51.5074,-0.1278,2026-05-05T20:00:00Z,2026-05-05,20:00,2,130.77,0,15.11,87.53,6.48,3.73,5.87,0.66
Londres,LON,GB,51.5074,-0.1278,2026-05-05T21:00:00Z,2026-05-05,21:00,2,129,0,13.42,88.47,5.77,3.17,5.13,0.68
Londres,LON,GB,51.5074,-0.1278,2026-05-05T22:00:00Z,2026-05-05,22:00,2,128.23,0,10,93.99,4.59,2.44,4.21,0.73
Londres,LON,GB,51.5074,-0.1278,2026-05-05T23:00:00Z,2026-05-05,23:00,2,128.3,0,7.98,95.77,3.89,1.95,3.65,0.75
Londres,LON,GB,51.5074,-0.1278,2026-05-06T00:00:00Z,2026-05-06,00:00,2,128.83,0,6.63,96.29,3.41,1.65,3.28,0.78
Londres,LON,GB,51.5074,-0.1278,2026-05-06T01:00:00Z,2026-05-06,01:00,2,128.97,0,5.7,96.55,3.04,1.62,3.17,0.78
Londres,LON,GB,51.5074,-0.1278,2026-05-06T02:00:00Z,2026-05-06,02:00,2,130.28,0,5.81,95.99,3.15,1.96,3.54,0.79
Londres,LON,GB,51.5074,-0.1278,2026-05-06T03:00:00Z,2026-05-06,03:00,2,131.23,0,5.97,94.16,3.34,2.63,4.37,0.82
Londres,LON,GB,51.5074,-0.1278,2026-05-06T04:00:00Z,2026-05-06,04:00,2,131.18,0,6.07,90.51,3.45,3.53,5.48,0.83
Londres,LON,GB,51.5074,-0.1278,2026-05-06T05:00:00Z,2026-05-06,05:00,2,131.06,0,6.23,85.59,3.54,4.23,6.55,0.84
Londres,LON,GB,51.5074,-0.1278,2026-05-06T06:00:00Z,2026-05-06,06:00,2,131.13,0.01,6.53,80.9,3.65,4.38,7.13,0.84
Londres,LON,GB,51.5074,-0.1278,2026-05-06T07:00:00Z,2026-05-06,07:00,2,131.43,0.09,7.09,77.21,3.75,3.82,6.91,0.92
Londres,LON,GB,51.5074,-0.1278,2026-05-06T08:00:00Z,2026-05-06,08:00,2,132.44,0.31,7.65,75.49,3.98,3.42,6.68,0.96
Londres,LON,GB,51.5074,-0.1278,2026-05-06T09:00:00Z,2026-05-06,09:00,2,134.11,0.73,8.16,74.82,4.33,3.27,6.55,1.01
Londres,LON,GB,51.5074,-0.1278,2026-05-06T10:00:00Z,2026-05-06,10:00,2,135.36,1.53,9.1,74.23,5.11,3.3,6.61,1.06
Londres,LON,GB,51.5074,-0.1278,2026-05-06T11:00:00Z,2026-05-06,11:00,2,136.02,2.12,10.33,74.61,6.02,3.42,6.64,1.07
Londres,LON,GB,51.5074,-0.1278,2026-05-06T12:00:00Z,2026-05-06,12:00,2,135.84,2.51,11,76.74,6.94,3.78,6.77,1.07
Londres,LON,GB,51.5074,-0.1278,2026-05-06T13:00:00Z,2026-05-06,13:00,2,136,2.71,11.68,79.95,7.97,4.43,7.17,1.04
Londres,LON,GB,51.5074,-0.1278,2026-05-06T14:00:00Z,2026-05-06,14:00,2,135.09,2.85,12.23,83.58,8.8,4.98,7.47,0.97
Londres,LON,GB,51.5074,-0.1278,2026-05-06T15:00:00Z,2026-05-06,15:00,2,134.38,3.05,12.93,86.72,9.74,5.44,7.76,0.92
Londres,LON,GB,51.5074,-0.1278,2026-05-06T16:00:00Z,2026-05-06,16:00,2,133.94,3.04,14.79,87.48,10.76,5.7,7.9,0.91
Londres,LON,GB,51.5074,-0.1278,2026-05-06T17:00:00Z,2026-05-06,17:00,2,133.68,2.39,18.18,84.48,11.29,5.27,7.39,0.98
Londres,LON,GB,51.5074,-0.1278,2026-05-06T18:00:00Z,2026-05-06,18:00,2,133.69,1.22,21.7,80.53,11.31,4.8,6.9,1.05
Londres,LON,GB,51.5074,-0.1278,2026-05-06T19:00:00Z,2026-05-06,19:00,2,133.85,0.28,23.16,77.65,10.96,4.44,6.51,1.11
Londres,LON,GB,51.5074,-0.1278,2026-05-06T20:00:00Z,2026-05-06,20:00,2,133.76,0.01,22.34,74.71,10.65,4.3,6.28,1.16
Londres,LON,GB,51.5074,-0.1278,2026-05-06T21:00:00Z,2026-05-06,21:00,2,133.4,0,21.08,72.57,10.45,4.48,6.29,1.19
Londres,LON,GB,51.5074,-0.1278,2026-05-06T22:00:00Z,2026-05-06,22:00,2,132.45,0,17.67,77.46,9.08,4.35,5.88,1.06
Londres,LON,GB,51.5074,-0.1278,2026-05-06T23:00:00Z,2026-05-06,23:00,2,132.11,0,15.63,79.93,8,3.98,5.36,0.9
Londres,LON,GB,51.5074,-0.1278,2026-05-07T00:00:00Z,2026-05-07,00:00,2,131.4,0,12.41,84.23,6.4,3.59,4.83,0.69
Londres,LON,GB,51.5074,-0.1278,2026-05-07T01:00:00Z,2026-05-07,01:00,2,128.98,0,6.93,92.99,4.04,2.68,3.78,0.6
Londres,LON,GB,51.5074,-0.1278,2026-05-07T02:00:00Z,2026-05-07,02:00,2,128.66,0,6.05,93.43,3.6,2.44,3.49,0.56
Londres,LON,GB,51.5074,-0.1278,2026-05-07T03:00:00Z,2026-05-07,03:00,2,128.52,0,5.82,92.75,3.48,2.34,3.36,0.53
Londres,LON,GB,51.5074,-0.1278,2026-05-07T04:00:00Z,2026-05-07,04:00,2,128.21,0,5.64,92.31,3.4,2.27,3.27,0.52
Londres,LON,GB,51.5074,-0.1278,2026-05-07T05:00:00Z,2026-05-07,05:00,2,127.99,0,5.24,92.99,3.25,2.24,3.21,0.5
Londres,LON,GB,51.5074,-0.1278,2026-05-07T06:00:00Z,2026-05-07,06:00,2,127.77,0.08,5.14,94.64,3.07,2.14,3.07,0.5
Londres,LON,GB,51.5074,-0.1278,2026-05-07T07:00:00Z,2026-05-07,07:00,2,127.18,0.33,4.55,97.01,2.87,1.89,2.8,0.51
Londres,LON,GB,51.5074,-0.1278,2026-05-07T08:00:00Z,2026-05-07,08:00,3,126.86,0.55,3.91,100.01,2.76,1.77,2.66,0.49
Londres,LON,GB,51.5074,-0.1278,2026-05-07T09:00:00Z,2026-05-07,09:00,3,126.73,0.65,3.37,103.34,2.7,1.81,2.68,0.45
Londres,LON,GB,51.5074,-0.1278,2026-05-07T10:00:00Z,2026-05-07,10:00,3,126.17,0.63,2.84,107.51,2.65,1.99,2.87,0.42
Londres,LON,GB,51.5074,-0.1278,2026-05-07T11:00:00Z,2026-05-07,11:00,3,125.57,0.54,2.35,112.27,2.61,2.28,3.18,0.39
Londres,LON,GB,51.5074,-0.1278,2026-05-07T12:00:00Z,2026-05-07,12:00,3,124.68,0.45,1.97,117.12,2.58,2.59,3.52,0.36
Londres,LON,GB,51.5074,-0.1278,2026-05-07T13:00:00Z,2026-05-07,13:00,3,124.35,0.41,1.86,121.3,2.66,2.84,3.8,0.35
Londres,LON,GB,51.5074,-0.1278,2026-05-07T14:00:00Z,2026-05-07,14:00,3,123.9,0.42,2,123.8,2.9,2.98,3.99,0.34
Londres,LON,GB,51.5074,-0.1278,2026-05-07T15:00:00Z,2026-05-07,15:00,3,123.65,0.43,2.23,125.48,3.1,3.14,4.24,0.33
Londres,LON,GB,51.5074,-0.1278,2026-05-07T16:00:00Z,2026-05-07,16:00,3,123.86,0.49,2.86,125.42,3.48,3.27,4.5,0.33
Londres,LON,GB,51.5074,-0.1278,2026-05-07T17:00:00Z,2026-05-07,17:00,3,123.99,0.52,3.85,123.28,3.94,3.33,4.79,0.36
Londres,LON,GB,51.5074,-0.1278,2026-05-07T18:00:00Z,2026-05-07,18:00,3,123.93,0.4,4.82,119.39,4.15,3.23,5.05,0.43
Londres,LON,GB,51.5074,-0.1278,2026-05-07T19:00:00Z,2026-05-07,19:00,3,123.99,0.12,5.48,115.14,4.08,3.06,5.28,0.58
Londres,LON,GB,51.5074,-0.1278,2026-05-07T20:00:00Z,2026-05-07,20:00,3,123.91,0,5.12,112.11,3.75,2.87,5.42,0.76
Londres,LON,GB,51.5074,-0.1278,2026-05-07T21:00:00Z,2026-05-07,21:00,3,123.36,0,4.59,110.6,3.42,2.72,5.44,0.95
Londres,LON,GB,51.5074,-0.1278,2026-05-07T22:00:00Z,2026-05-07,22:00,3,123.24,0,4.32,109.62,3.21,2.65,5.31,1.13
Londres,LON,GB,51.5074,-0.1278,2026-05-07T23:00:00Z,2026-05-07,23:00,3,123.84,0,4.61,107.9,3.26,2.96,5.43,1.23
Londres,LON,GB,51.5074,-0.1278,2026-05-08T00:00:00Z,2026-05-08,00:00,3,125.37,0,5.05,105.38,3.34,3.76,6,1.27
Londres,LON,GB,51.5074,-0.1278,2026-05-08T01:00:00Z,2026-05-08,01:00,3,127.46,0,5.8,101.84,3.51,4.85,6.8,1.28
Londres,LON,GB,51.5074,-0.1278,2026-05-08T02:00:00Z,2026-05-08,02:00,2,129.65,0,6.8,95.76,3.86,5.73,7.44,1.33
Londres,LON,GB,51.5074,-0.1278,2026-05-08T03:00:00Z,2026-05-08,03:00,2,130.36,0,7.73,87.45,4.18,6.41,7.96,1.45
Londres,LON,GB,51.5074,-0.1278,2026-05-08T04:00:00Z,2026-05-08,04:00,2,130.57,0,8.82,77.98,4.46,6.65,8.07,1.58
Londres,LON,GB,51.5074,-0.1278,2026-05-08T05:00:00Z,2026-05-08,05:00,2,130.26,0,9.97,69.65,4.76,6.79,8.16,1.63
Londres,LON,GB,51.5074,-0.1278,2026-05-08T06:00:00Z,2026-05-08,06:00,2,130.15,0.04,11.16,63.55,5.05,6.91,8.31,1.61
Londres,LON,GB,51.5074,-0.1278,2026-05-08T07:00:00Z,2026-05-08,07:00,1,130.29,0.48,11.94,59.79,5.24,6.94,8.4,1.51
Londres,LON,GB,51.5074,-0.1278,2026-05-08T08:00:00Z,2026-05-08,08:00,1,131.8,1.61,11.68,58,5.55,7.22,8.77,1.36
Londres,LON,GB,51.5074,-0.1278,2026-05-08T09:00:00Z,2026-05-08,09:00,1,134.15,2.84,10.8,58.45,6.01,8.28,9.95,1.26
Londres,LON,GB,51.5074,-0.1278,2026-05-08T10:00:00Z,2026-05-08,10:00,2,137.04,3.77,9.43,61.88,6.5,10.6,12.44,1.14
Londres,LON,GB,51.5074,-0.1278,2026-05-08T11:00:00Z,2026-05-08,11:00,2,139.64,3.49,8.52,68.06,6.54,14.07,16.04,0.99
Londres,LON,GB,51.5074,-0.1278,2026-05-08T12:00:00Z,2026-05-08,12:00,2,140.55,2.72,7.23,78.59,6.14,17.65,19.66,0.85
Londres,LON,GB,51.5074,-0.1278,2026-05-08T13:00:00Z,2026-05-08,13:00,2,139.55,1.92,5.87,91.7,5.54,20.03,21.94,0.79
Londres,LON,GB,51.5074,-0.1278,2026-05-08T14:00:00Z,2026-05-08,14:00,3,136.82,1.32,4.87,103.73,4.79,19.82,21.51,0.84
Londres,LON,GB,51.5074,-0.1278,2026-05-08T15:00:00Z,2026-05-08,15:00,3,134.18,0.96,4.26,112.31,4.09,17.43,18.88,1.03
Londres,LON,GB,51.5074,-0.1278,2026-05-08T16:00:00Z,2026-05-08,16:00,3,134.16,0.76,4.24,117.23,3.72,15.7,17.02,1.19
Londres,LON,GB,51.5074,-0.1278,2026-05-08T17:00:00Z,2026-05-08,17:00,3,136.48,0.57,4.78,118.81,3.64,15.51,16.92,1.38
Londres,LON,GB,51.5074,-0.1278,2026-05-08T18:00:00Z,2026-05-08,18:00,3,138.97,0.32,5.48,118.72,3.64,15.8,17.37,1.54
Londres,LON,GB,51.5074,-0.1278,2026-05-08T19:00:00Z,2026-05-08,19:00,3,139.97,0.09,5.95,117.51,3.6,15.21,16.88,1.66
Londres,LON,GB,51.5074,-0.1278,2026-05-08T20:00:00Z,2026-05-08,20:00,3,139.28,0,5.99,115.8,3.53,13.69,15.35,1.72
Londres,LON,GB,51.5074,-0.1278,2026-05-08T21:00:00Z,2026-05-08,21:00,3,139.51,0,6.11,114.42,3.53,12.75,14.42,1.8
Londres,LON,GB,51.5074,-0.1278,2026-05-08T22:00:00Z,2026-05-08,22:00,3,142.33,0,6.52,112.54,3.62,13.89,15.68,1.95
Londres,LON,GB,51.5074,-0.1278,2026-05-08T23:00:00Z,2026-05-08,23:00,3,146.71,0,7.29,108.1,3.85,16.68,18.69,2.03
Londres,LON,GB,51.5074,-0.1278,2026-05-09T00:00:00Z,2026-05-09,00:00,3,149.7,0,7.96,101.28,4,19.41,21.59,2.09
Londres,LON,GB,51.5074,-0.1278,2026-05-09T01:00:00Z,2026-05-09,01:00,2,152.15,0,8.29,94.07,4.03,21.12,23.34,2.19
Londres,LON,GB,51.5074,-0.1278,2026-05-09T02:00:00Z,2026-05-09,02:00,2,154.43,0,8.54,87.98,4.04,22.13,24.31,2.21
Londres,LON,GB,51.5074,-0.1278,2026-05-09T03:00:00Z,2026-05-09,03:00,2,157.09,0,8.74,82.84,4.07,22.95,25.05,2.15
Londres,LON,GB,51.5074,-0.1278,2026-05-09T04:00:00Z,2026-05-09,04:00,2,159.01,0,8.87,78.74,4.09,24.25,26.25,2
Londres,LON,GB,51.5074,-0.1278,2026-05-09T05:00:00Z,2026-05-09,05:00,3,160.38,0,9.08,75.1,4.17,26.09,28.02,1.84
Londres,LON,GB,51.5074,-0.1278,2026-05-09T06:00:00Z,2026-05-09,06:00,3,161.56,0.12,9.62,71.63,4.29,28.51,30.43,1.66
Londres,LON,GB,51.5074,-0.1278,2026-05-09T07:00:00Z,2026-05-09,07:00,3,162.32,0.5,9.85,68.37,4.39,31.09,33.06,1.54
Londres,LON,GB,51.5074,-0.1278,2026-05-09T08:00:00Z,2026-05-09,08:00,3,163.79,1.17,9.72,66.53,4.48,33.37,35.45,1.57
Londres,LON,GB,51.5074,-0.1278,2026-05-09T09:00:00Z,2026-05-09,09:00,3,164.52,1.83,9.43,67.24,4.59,35.4,37.61,1.7
Londres,LON,GB,51.5074,-0.1278,2026-05-09T10:00:00Z,2026-05-09,10:00,3,164.59,2.24,8.43,73.09,4.56,35.99,38.25,1.88
Londres,LON,GB,51.5074,-0.1278,2026-05-09T11:00:00Z,2026-05-09,11:00,3,161.59,2.03,6.99,85.32,4.28,33.98,36.13,1.9
Londres,LON,GB,51.5074,-0.1278,2026-05-09T12:00:00Z,2026-05-09,12:00,3,155.64,1.47,5.48,101.09,3.92,29.97,31.89,1.74
Londres,LON,GB,51.5074,-0.1278,2026-05-09T13:00:00Z,2026-05-09,13:00,3,148.72,1,4.27,115.9,3.63,24.8,26.54,1.65
Londres,LON,GB,51.5074,-0.1278,2026-05-09T14:00:00Z,2026-05-09,14:00,3,143.06,0.72,3.53,125.78,3.43,20.6,22.3,1.62
Londres,LON,GB,51.5074,-0.1278,2026-05-09T15:00:00Z,2026-05-09,15:00,3,139.26,0.58,3.25,130.58,3.31,17.08,18.87,1.75
Londres,LON,GB,51.5074,-0.1278,2026-05-09T16:00:00Z,2026-05-09,16:00,3,136.88,0.49,3.32,131.83,3.25,14.24,16.14,1.91
Londres,LON,GB,51.5074,-0.1278,2026-05-09T17:00:00Z,2026-05-09,17:00,3,133.79,0.39,3.6,130.68,3.28,11.84,13.79,1.97
Londres,LON,GB,51.5074,-0.1278,2026-05-09T18:00:00Z,2026-05-09,18:00,3,135.39,0.23,4.23,130.31,3.65,12.36,14.46,2.14
Londres,LON,GB,51.5074,-0.1278,2026-05-09T19:00:00Z,2026-05-09,19:00,3,141.9,0.02,4.94,131.64,4.14,16.68,18.93,2.44
Londres,LON,GB,51.5074,-0.1278,2026-05-09T20:00:00Z,2026-05-09,20:00,3,146.23,0,5.2,131.66,4.33,20.81,23.07,2.74
Londres,LON,GB,51.5074,-0.1278,2026-05-09T21:00:00Z,2026-05-09,21:00,3,147.17,0,5.31,130.1,4.2,23.42,25.62,2.84
Londres,LON,GB,51.5074,-0.1278,2026-05-09T22:00:00Z,2026-05-09,22:00,3,144.95,0,4.89,129.15,3.72,24.34,26.27,2.87
Londres,LON,GB,51.5074,-0.1278,2026-05-09T23:00:00Z,2026-05-09,23:00,3,142.71,0,4.68,128.03,3.39,24.12,25.9,2.84
Londres,LON,GB,51.5074,-0.1278,2026-05-10T00:00:00Z,2026-05-10,00:00,3,140.18,0,4.47,124.84,3.15,23.19,24.9,2.77
Londres,LON,GB,51.5074,-0.1278,2026-05-10T01:00:00Z,2026-05-10,01:00,3,136.85,0,4.31,120.4,2.9,20.19,21.49,2.46
Londres,LON,GB,51.5074,-0.1278,2026-05-10T02:00:00Z,2026-05-10,02:00,3,134.85,0,4.32,116.06,2.7,17.65,18.62,2.12
Londres,LON,GB,51.5074,-0.1278,2026-05-10T03:00:00Z,2026-05-10,03:00,3,133.58,0,4.38,111.47,2.64,16.07,16.93,1.94
Londres,LON,GB,51.5074,-0.1278,2026-05-10T04:00:00Z,2026-05-10,04:00,3,131.3,0,4.13,107.76,2.49,14.45,15.22,1.87
Londres,LON,GB,51.5074,-0.1278,2026-05-10T05:00:00Z,2026-05-10,05:00,3,129.78,0,4.04,103.66,2.42,13.5,14.36,1.89
Londres,LON,GB,51.5074,-0.1278,2026-05-10T06:00:00Z,2026-05-10,06:00,2,128.44,0.01,4.15,99.24,2.36,12.65,13.64,1.89
Londres,LON,GB,51.5074,-0.1278,2026-05-10T07:00:00Z,2026-05-10,07:00,2,127.36,0.05,4.41,96.87,2.25,12.06,13.31,2.12
Londres,LON,GB,51.5074,-0.1278,2026-05-10T08:00:00Z,2026-05-10,08:00,2,126.91,0.14,4.71,95.76,2.27,11.32,12.79,2.36
Londres,LON,GB,51.5074,-0.1278,2026-05-10T09:00:00Z,2026-05-10,09:00,2,127.02,0.29,4.9,96.41,2.33,10.69,12.26,2.47
Londres,LON,GB,51.5074,-0.1278,2026-05-10T10:00:00Z,2026-05-10,10:00,2,127.04,0.43,4.71,98.83,2.46,10.51,12.48,2.76
Londres,LON,GB,51.5074,-0.1278,2026-05-10T11:00:00Z,2026-05-10,11:00,3,126.68,0.42,4.4,102.6,2.56,9.96,12.36,3.08
Londres,LON,GB,51.5074,-0.1278,2026-05-10T12:00:00Z,2026-05-10,12:00,3,125.95,0.34,3.9,107.24,2.55,9.42,12.2,3.12
Londres,LON,GB,51.5074,-0.1278,2026-05-10T13:00:00Z,2026-05-10,13:00,3,125.72,0.29,3.3,112.53,2.46,7.7,10.59,2.91
Londres,LON,GB,51.5074,-0.1278,2026-05-10T14:00:00Z,2026-05-10,14:00,3,124.85,0.22,2.87,115.36,2.27,5.2,7.98,2.53
Londres,LON,GB,51.5074,-0.1278,2026-05-10T15:00:00Z,2026-05-10,15:00,3,124.55,0.18,2.84,114.61,2.16,3.24,5.98,2.13
Londres,LON,GB,51.5074,-0.1278,2026-05-10T16:00:00Z,2026-05-10,16:00,3,125.34,0.2,2.99,112.35,2.11,2.37,5,1.66
Londres,LON,GB,51.5074,-0.1278,2026-05-10T17:00:00Z,2026-05-10,17:00,3,125.93,0.13,3.44,108.9,2.1,1.83,4.27,1.29
Londres,LON,GB,51.5074,-0.1278,2026-05-10T18:00:00Z,2026-05-10,18:00,3,126.53,0.06,3.85,105.59,2.08,1.51,3.86,1.06
Londres,LON,GB,51.5074,-0.1278,2026-05-10T19:00:00Z,2026-05-10,19:00,3,127.02,0.01,4.03,102.99,2.05,1.29,3.53,0.93
Londres,LON,GB,51.5074,-0.1278,2026-05-10T20:00:00Z,2026-05-10,20:00,3,128.33,0,4.04,101.24,2.04,1.16,3.2,0.88
Londres,LON,GB,51.5074,-0.1278,2026-05-10T21:00:00Z,2026-05-10,21:00,2,129.47,0,3.96,99.81,2.07,1.09,3.07,0.89
Londres,LON,GB,51.5074,-0.1278,2026-05-10T22:00:00Z,2026-05-10,22:00,2,129.87,0,3.85,98.62,2.12,1.07,3.14,0.93
Londres,LON,GB,51.5074,-0.1278,2026-05-10T23:00:00Z,2026-05-10,23:00,2,130.02,0,3.9,97.93,2.25,1.06,3.26,1
Londres,LON,GB,51.5074,-0.1278,2026-05-11T00:00:00Z,2026-05-11,00:00,2,129.98,0,3.98,97.55,2.34,1.02,3.2,1.06
Londres,LON,GB,51.5074,-0.1278,2026-05-12T01:00:00Z,2026-05-12,01:00,2,129.21,0,5.28,96.75,2.99,1.11,1.87,0.86
Londres,LON,GB,51.5074,-0.1278,2026-05-12T02:00:00Z,2026-05-12,02:00,2,129.33,0,5.13,97.08,3.05,1.23,1.98,0.81
Londres,LON,GB,51.5074,-0.1278,2026-05-12T03:00:00Z,2026-05-12,03:00,2,129.64,0,5.13,96.05,3.18,1.44,2.16,0.76
Londres,LON,GB,51.5074,-0.1278,2026-05-12T04:00:00Z,2026-05-12,04:00,2,129.48,0,5.23,93.98,3.31,1.68,2.33,0.71
Londres,LON,GB,51.5074,-0.1278,2026-05-12T05:00:00Z,2026-05-12,05:00,2,129.12,0,5.34,91.52,3.39,2.11,2.68,0.68
Londres,LON,GB,51.5074,-0.1278,2026-05-12T06:00:00Z,2026-05-12,06:00,2,128.67,0.05,5.73,89.7,3.39,2.58,3.07,0.71
Londres,LON,GB,51.5074,-0.1278,2026-05-12T07:00:00Z,2026-05-12,07:00,2,128.71,0.18,5.58,88.62,3.31,3,3.47,0.8
Londres,LON,GB,51.5074,-0.1278,2026-05-12T08:00:00Z,2026-05-12,08:00,2,128.02,0.37,5.35,87.48,3.29,3.42,3.89,0.91
Londres,LON,GB,51.5074,-0.1278,2026-05-12T09:00:00Z,2026-05-12,09:00,2,127.42,0.54,5.19,87.46,3.29,4,4.46,1.09
Londres,LON,GB,51.5074,-0.1278,2026-05-12T10:00:00Z,2026-05-12,10:00,2,127.02,0.75,5.09,89.84,3.56,5.03,5.52,1.26
Londres,LON,GB,51.5074,-0.1278,2026-05-12T11:00:00Z,2026-05-12,11:00,2,126.82,0.97,5.17,95.66,4.07,6.43,6.98,1.32
Londres,LON,GB,51.5074,-0.1278,2026-05-12T12:00:00Z,2026-05-12,12:00,3,126.42,1.06,4.93,104.76,4.35,7.73,8.34,1.24
Londres,LON,GB,51.5074,-0.1278,2026-05-12T13:00:00Z,2026-05-12,13:00,3,125.32,1.04,4.32,114.93,4.3,8.08,8.75,1.12
Londres,LON,GB,51.5074,-0.1278,2026-05-12T14:00:00Z,2026-05-12,14:00,3,123.6,0.86,3.99,119.59,4.04,7.07,7.88,1.1
Londres,LON,GB,51.5074,-0.1278,2026-05-12T15:00:00Z,2026-05-12,15:00,3,122.07,0.77,3.87,117.15,3.83,6.04,7.11,1.1
Londres,LON,GB,51.5074,-0.1278,2026-05-12T16:00:00Z,2026-05-12,16:00,3,121.07,0.71,3.98,111.81,3.65,4.97,6.32,1.11
Londres,LON,GB,51.5074,-0.1278,2026-05-12T17:00:00Z,2026-05-12,17:00,3,120.31,0.61,4.36,105.35,3.46,3.27,4.69,1.12
Londres,LON,GB,51.5074,-0.1278,2026-05-12T18:00:00Z,2026-05-12,18:00,2,119.46,0.43,4.85,98.82,3.2,1.95,3.22,1.13
Londres,LON,GB,51.5074,-0.1278,2026-05-12T19:00:00Z,2026-05-12,19:00,2,119.16,0.15,5.05,95,2.79,1.35,2.38,1.18
Londres,LON,GB,51.5074,-0.1278,2026-05-12T20:00:00Z,2026-05-12,20:00,2,118.67,0.01,5.27,92.36,2.72,1.26,2.17,1.28
Londres,LON,GB,51.5074,-0.1278,2026-05-12T21:00:00Z,2026-05-12,21:00,2,118.56,0,5.21,91.24,2.66,1.3,2.19,1.48
Londres,LON,GB,51.5074,-0.1278,2026-05-12T22:00:00Z,2026-05-12,22:00,2,118.12,0,4.42,93.47,2.23,1.28,2.27,1.56
Londres,LON,GB,51.5074,-0.1278,2026-05-12T23:00:00Z,2026-05-12,23:00,2,118.28,0,3.78,95.36,1.99,1.25,2.56,1.52
Londres,LON,GB,51.5074,-0.1278,2026-05-13T00:00:00Z,2026-05-13,00:00,2,118.54,0,3.4,96.13,1.9,1.24,2.92,1.44
Londres,LON,GB,51.5074,-0.1278,2026-05-13T01:00:00Z,2026-05-13,01:00,2,118.47,0,2.99,95.35,1.8,1.26,3.44,1.39
Londres,LON,GB,51.5074,-0.1278,2026-05-13T02:00:00Z,2026-05-13,02:00,2,117.98,0,2.55,93.74,1.7,1.48,4.58,1.41
Londres,LON,GB,51.5074,-0.1278,2026-05-13T03:00:00Z,2026-05-13,03:00,2,117.68,0,2.22,91.74,1.61,1.87,6.12,1.33
Londres,LON,GB,51.5074,-0.1278,2026-05-13T04:00:00Z,2026-05-13,04:00,2,118.11,0,2.1,89.81,1.52,2.04,6.41,1.05
Londres,LON,GB,51.5074,-0.1278,2026-05-13T05:00:00Z,2026-05-13,05:00,2,117.99,0,2.06,87.57,1.44,1.93,5.78,0.87
Londres,LON,GB,51.5074,-0.1278,2026-05-13T06:00:00Z,2026-05-13,06:00,2,117.78,0.02,1.99,85.57,1.36,1.78,5.14,0.77
Londres,LON,GB,51.5074,-0.1278,2026-05-13T07:00:00Z,2026-05-13,07:00,2,117.76,0.08,1.84,84.52,1.29,1.61,4.3,0.63
Londres,LON,GB,51.5074,-0.1278,2026-05-13T08:00:00Z,2026-05-13,08:00,2,118.02,0.15,1.74,84.59,1.25,1.41,3.35,0.48
Londres,LON,GB,51.5074,-0.1278,2026-05-13T09:00:00Z,2026-05-13,09:00,2,117.92,0.21,1.67,84.9,1.23,1.22,2.57,0.41
Londres,LON,GB,51.5074,-0.1278,2026-05-13T10:00:00Z,2026-05-13,10:00,2,117.48,0.26,1.52,86.28,1.21,1.09,2.15,0.4
Londres,LON,GB,51.5074,-0.1278,2026-05-13T11:00:00Z,2026-05-13,11:00,2,117.64,0.28,1.32,87.93,1.18,1,1.95,0.42
Londres,LON,GB,51.5074,-0.1278,2026-05-13T12:00:00Z,2026-05-13,12:00,2,118.72,0.29,1.17,88.79,1.14,0.88,1.76,0.45
Londres,LON,GB,51.5074,-0.1278,2026-05-13T13:00:00Z,2026-05-13,13:00,2,120.48,0.28,1.09,89.06,1.1,0.72,1.52,0.47
Londres,LON,GB,51.5074,-0.1278,2026-05-13T14:00:00Z,2026-05-13,14:00,2,121.08,0.27,1.11,89.36,1.09,0.57,1.31,0.45
Londres,LON,GB,51.5074,-0.1278,2026-05-13T15:00:00Z,2026-05-13,15:00,2,120.39,0.26,1.18,90.22,1.08,0.5,1.22,0.43
Londres,LON,GB,51.5074,-0.1278,2026-05-13T16:00:00Z,2026-05-13,16:00,2,120.07,0.25,1.31,91.29,1.08,0.5,1.18,0.45
Londres,LON,GB,51.5074,-0.1278,2026-05-13T17:00:00Z,2026-05-13,17:00,2,119.1,0.22,1.54,91.48,1.1,0.5,1.11,0.5
Londres,LON,GB,51.5074,-0.1278,2026-05-13T18:00:00Z,2026-05-13,18:00,2,118.59,0.16,1.87,90.97,1.12,0.5,1.03,0.57
Londres,LON,GB,51.5074,-0.1278,2026-05-13T19:00:00Z,2026-05-13,19:00,2,118.8,0.06,2.25,89.82,1.15,0.5,0.94,0.65
Londres,LON,GB,51.5074,-0.1278,2026-05-13T20:00:00Z,2026-05-13,20:00,2,119.19,0,2.49,88.65,1.21,0.5,0.88,0.76
Londres,LON,GB,51.5074,-0.1278,2026-05-13T21:00:00Z,2026-05-13,21:00,2,119.86,0,2.54,88.18,1.24,0.5,0.83,0.89
Londres,LON,GB,51.5074,-0.1278,2026-05-13T22:00:00Z,2026-05-13,22:00,2,120.18,0,2.56,88.37,1.26,0.5,0.8,1
Londres,LON,GB,51.5074,-0.1278,2026-05-13T23:00:00Z,2026-05-13,23:00,2,120.63,0,2.58,89.44,1.27,0.5,0.77,1.05
Londres,LON,GB,51.5074,-0.1278,2026-05-14T00:00:00Z,2026-05-14,00:00,2,120.8,0,2.56,90.43,1.27,0.5,0.73,1.04
Londres,LON,GB,51.5074,-0.1278,2026-05-14T01:00:00Z,2026-05-14,01:00,2,120.5,0,2.5,90.47,1.24,0.5,0.68,0.95
Londres,LON,GB,51.5074,-0.1278,2026-05-14T02:00:00Z,2026-05-14,02:00,2,121.02,0,2.49,90.35,1.24,0.5,0.64,0.86
Londres,LON,GB,51.5074,-0.1278,2026-05-14T03:00:00Z,2026-05-14,03:00,2,121.17,0,2.51,89.59,1.27,0.5,0.61,0.8
Londres,LON,GB,51.5074,-0.1278,2026-05-14T04:00:00Z,2026-05-14,04:00,2,120.76,0,2.54,88.03,1.29,0.5,0.58,0.77
Londres,LON,GB,51.5074,-0.1278,2026-05-14T05:00:00Z,2026-05-14,05:00,2,120.53,0,2.6,86.78,1.33,0.5,0.55,0.75
Londres,LON,GB,51.5074,-0.1278,2026-05-14T06:00:00Z,2026-05-14,06:00,2,120.67,0.09,2.76,85.53,1.38,0.5,0.55,0.74
Londres,LON,GB,51.5074,-0.1278,2026-05-14T07:00:00Z,2026-05-14,07:00,2,120.43,0.29,2.7,84.04,1.45,0.5,0.54,0.73
Londres,LON,GB,51.5074,-0.1278,2026-05-14T08:00:00Z,2026-05-14,08:00,2,120.54,0.52,2.71,83.12,1.57,0.5,0.52,0.74
Londres,LON,GB,51.5074,-0.1278,2026-05-14T09:00:00Z,2026-05-14,09:00,2,120.47,0.68,2.71,82.99,1.69,0.5,0.53,0.78
Londres,LON,GB,51.5074,-0.1278,2026-05-14T10:00:00Z,2026-05-14,10:00,2,119.58,0.68,2.49,84.87,1.69,0.5,0.58,0.76
Londres,LON,GB,51.5074,-0.1278,2026-05-14T11:00:00Z,2026-05-14,11:00,2,117.76,0.55,2.04,88.42,1.54,0.53,0.63,0.67
Londres,LON,GB,51.5074,-0.1278,2026-05-14T12:00:00Z,2026-05-14,12:00,2,116.14,0.44,1.78,91.96,1.49,0.63,0.74,0.62
Londres,LON,GB,51.5074,-0.1278,2026-05-14T13:00:00Z,2026-05-14,13:00,2,115.5,0.38,1.75,95.29,1.52,0.74,0.84,0.59
Londres,LON,GB,51.5074,-0.1278,2026-05-14T14:00:00Z,2026-05-14,14:00,2,115,0.34,2.04,96.76,1.67,0.8,0.89,0.57
Londres,LON,GB,51.5074,-0.1278,2026-05-14T15:00:00Z,2026-05-14,15:00,2,114.78,0.3,2.53,96.97,1.81,0.79,0.88,0.53
Londres,LON,GB,51.5074,-0.1278,2026-05-14T16:00:00Z,2026-05-14,16:00,2,115.75,0.3,3.08,96.93,1.92,0.75,0.83,0.49
Londres,LON,GB,51.5074,-0.1278,2026-05-14T17:00:00Z,2026-05-14,17:00,2,116.82,0.32,3.48,97.05,1.89,0.73,0.8,0.45
Londres,LON,GB,51.5074,-0.1278,2026-05-14T18:00:00Z,2026-05-14,18:00,2,117.99,0.25,3.78,97.81,1.8,0.72,0.79,0.4
Londres,LON,GB,51.5074,-0.1278,2026-05-14T19:00:00Z,2026-05-14,19:00,2,118.53,0.11,4.19,97.31,1.73,0.68,0.75,0.39
Londres,LON,GB,51.5074,-0.1278,2026-05-14T20:00:00Z,2026-05-14,20:00,2,119.09,0.01,4.74,95.89,1.83,0.7,0.77,0.43
Londres,LON,GB,51.5074,-0.1278,2026-05-14T21:00:00Z,2026-05-14,21:00,2,119.19,0,5.04,93.83,1.97,0.75,0.84,0.47
Londres,LON,GB,51.5074,-0.1278,2026-05-14T22:00:00Z,2026-05-14,22:00,2,118.5,0,5.26,91.64,2.1,0.81,0.91,0.52
Londres,LON,GB,51.5074,-0.1278,2026-05-14T23:00:00Z,2026-05-14,23:00,2,118.23,0,5.43,89.66,2.24,0.87,1,0.57
Londres,LON,GB,51.5074,-0.1278,2026-05-15T00:00:00Z,2026-05-15,00:00,2,117.95,0,5.5,87.76,2.36,0.92,1.08,0.65
Londres,LON,GB,51.5074,-0.1278,2026-05-15T01:00:00Z,2026-05-15,01:00,2,118.05,0,6.17,84.65,2.82,1.16,1.35,0.74
Londres,LON,GB,51.5074,-0.1278,2026-05-15T02:00:00Z,2026-05-15,02:00,2,118.98,0,7.32,80.17,3.52,1.93,2.18,0.77
Londres,LON,GB,51.5074,-0.1278,2026-05-15T03:00:00Z,2026-05-15,03:00,2,120.28,0,8.18,75.75,4.01,2.81,3.11,0.77
Londres,LON,GB,51.5074,-0.1278,2026-05-15T04:00:00Z,2026-05-15,04:00,2,121.29,0,9.45,68.39,4.58,4.01,4.39,0.77
Londres,LON,GB,51.5074,-0.1278,2026-05-15T05:00:00Z,2026-05-15,05:00,1,123.13,0.01,11.19,59.44,5.15,5.34,5.82,0.75
Londres,LON,GB,51.5074,-0.1278,2026-05-15T06:00:00Z,2026-05-15,06:00,1,124.78,0.37,12.35,53.72,5.3,6.03,6.57,0.72
Londres,LON,GB,51.5074,-0.1278,2026-05-15T07:00:00Z,2026-05-15,07:00,1,125.85,1.49,11.35,52.53,5.19,5.88,6.45,0.72
Londres,LON,GB,51.5074,-0.1278,2026-05-15T08:00:00Z,2026-05-15,08:00,1,127.08,2.6,9.69,55.22,4.98,5.26,5.86,0.75
Londres,LON,GB,51.5074,-0.1278,2026-05-15T09:00:00Z,2026-05-15,09:00,2,128.12,3.01,8.24,61.03,4.59,4.58,5.2,0.72
Londres,LON,GB,51.5074,-0.1278,2026-05-15T10:00:00Z,2026-05-15,10:00,2,125.95,1.36,5.15,79.67,2.67,1.86,2.27,0.58
Londres,LON,GB,51.5074,-0.1278,2026-05-15T11:00:00Z,2026-05-15,11:00,2,124.19,0.81,3.17,90.25,1.94,0.74,0.99,0.47
Londres,LON,GB,51.5074,-0.1278,2026-05-15T12:00:00Z,2026-05-15,12:00,2,123.47,0.66,2.56,95.15,1.94,0.84,1.05,0.44
Londres,LON,GB,51.5074,-0.1278,2026-05-15T13:00:00Z,2026-05-15,13:00,3,123.25,0.53,2.25,100.15,2.01,1.09,1.28,0.45
Londres,LON,GB,51.5074,-0.1278,2026-05-15T14:00:00Z,2026-05-15,14:00,3,122.78,0.41,1.93,103.89,1.89,1.23,1.42,0.47
Londres,LON,GB,51.5074,-0.1278,2026-05-15T15:00:00Z,2026-05-15,15:00,3,122.04,0.31,1.69,105.64,1.61,1.13,1.33,0.5
Londres,LON,GB,51.5074,-0.1278,2026-05-15T16:00:00Z,2026-05-15,16:00,3,121.38,0.26,1.62,105.55,1.37,0.88,1.09,0.53
Londres,LON,GB,51.5074,-0.1278,2026-05-15T17:00:00Z,2026-05-15,17:00,3,119.78,0.23,1.78,104.81,1.27,0.66,0.86,0.57
Londres,LON,GB,51.5074,-0.1278,2026-05-15T18:00:00Z,2026-05-15,18:00,3,118.54,0.17,2.15,103.83,1.28,0.54,0.73,0.63
Londres,LON,GB,51.5074,-0.1278,2026-05-15T19:00:00Z,2026-05-15,19:00,3,118.36,0.07,2.73,102.4,1.35,0.5,0.64,0.68
Londres,LON,GB,51.5074,-0.1278,2026-05-15T20:00:00Z,2026-05-15,20:00,3,118.76,0,3.23,100.76,1.43,0.5,0.58,0.73
Londres,LON,GB,51.5074,-0.1278,2026-05-15T21:00:00Z,2026-05-15,21:00,3,119.35,0,3.49,100.39,1.5,0.5,0.56,0.76
Londres,LON,GB,51.5074,-0.1278,2026-05-15T22:00:00Z,2026-05-15,22:00,3,119.34,0,3.66,100.94,1.6,0.5,0.62,0.83
Londres,LON,GB,51.5074,-0.1278,2026-05-15T23:00:00Z,2026-05-15,23:00,3,119.29,0,3.84,101.69,1.79,0.58,0.79,0.97
Londres,LON,GB,51.5074,-0.1278,2026-05-16T00:00:00Z,2026-05-16,00:00,3,119.33,0,3.93,102.05,1.97,0.64,0.97,1.12
Londres,LON,GB,51.5074,-0.1278,2026-05-16T01:00:00Z,2026-05-16,01:00,3,119.4,0,3.88,101.79,2.08,0.67,1.09,1.22
Londres,LON,GB,51.5074,-0.1278,2026-05-16T02:00:00Z,2026-05-16,02:00,3,119.88,0,3.78,100.76,2.12,0.65,1.13,1.25
Londres,LON,GB,51.5074,-0.1278,2026-05-16T03:00:00Z,2026-05-16,03:00,2,120.35,0,3.71,98.77,2.11,0.62,1.11,1.25
Londres,LON,GB,51.5074,-0.1278,2026-05-16T04:00:00Z,2026-05-16,04:00,2,120.81,0,3.72,95.73,2.08,0.57,1.05,1.26
Londres,LON,GB,51.5074,-0.1278,2026-05-16T05:00:00Z,2026-05-16,05:00,2,121.36,0,3.77,93.01,2.07,0.55,0.95,1.26
Londres,LON,GB,51.5074,-0.1278,2026-05-16T06:00:00Z,2026-05-16,06:00,2,121.91,0.12,3.89,91.8,2.04,0.52,0.83,1.21
Londres,LON,GB,51.5074,-0.1278,2026-05-16T07:00:00Z,2026-05-16,07:00,2,121.45,0.35,3.39,91.88,1.97,0.5,0.72,1.09
Londres,LON,GB,51.5074,-0.1278,2026-05-16T08:00:00Z,2026-05-16,08:00,2,120.82,0.46,2.78,93.98,1.85,0.5,0.65,0.91
Londres,LON,GB,51.5074,-0.1278,2026-05-16T09:00:00Z,2026-05-16,09:00,2,120,0.46,2.31,96.79,1.74,0.5,0.65,0.77
Londres,LON,GB,51.5074,-0.1278,2026-05-16T10:00:00Z,2026-05-16,10:00,2,119.33,0.4,2.03,99.26,1.68,0.5,0.73,0.71
Londres,LON,GB,51.5074,-0.1278,2026-05-16T11:00:00Z,2026-05-16,11:00,2,118.45,0.34,1.91,99.45,1.64,0.54,0.83,0.7
Londres,LON,GB,51.5074,-0.1278,2026-05-16T12:00:00Z,2026-05-16,12:00,2,118.02,0.29,1.93,98.3,1.63,0.62,0.96,0.68
Londres,LON,GB,51.5074,-0.1278,2026-05-16T13:00:00Z,2026-05-16,13:00,2,118.37,0.26,2.16,96.77,1.69,0.74,1.17,0.59
Londres,LON,GB,51.5074,-0.1278,2026-05-16T14:00:00Z,2026-05-16,14:00,2,118.73,0.25,2.46,95.02,1.76,0.84,1.33,0.42
Londres,LON,GB,51.5074,-0.1278,2026-05-16T15:00:00Z,2026-05-16,15:00,2,117.81,0.21,2.74,92.01,1.77,0.87,1.36,0.25
Londres,LON,GB,51.5074,-0.1278,2026-05-16T16:00:00Z,2026-05-16,16:00,2,115.33,0.15,2.91,88.79,1.69,0.83,1.27,0.12
Londres,LON,GB,51.5074,-0.1278,2026-05-16T17:00:00Z,2026-05-16,17:00,2,111.95,0.09,2.87,86.85,1.54,0.78,1.18,0.07
Londres,LON,GB,51.5074,-0.1278,2026-05-16T18:00:00Z,2026-05-16,18:00,2,109.22,0.03,2.74,86.57,1.41,0.72,1.13,0.06
Londres,LON,GB,51.5074,-0.1278,2026-05-16T19:00:00Z,2026-05-16,19:00,2,108.75,0.01,2.56,86.8,1.34,0.66,1.1,0.08
Londres,LON,GB,51.5074,-0.1278,2026-05-16T20:00:00Z,2026-05-16,20:00,2,109.05,0,2.5,86.82,1.34,0.69,1.2,0.11
Londres,LON,GB,51.5074,-0.1278,2026-05-16T21:00:00Z,2026-05-16,21:00,2,109.07,0,2.53,88.02,1.38,0.81,1.42,0.13
Londres,LON,GB,51.5074,-0.1278,2026-05-16T22:00:00Z,2026-05-16,22:00,2,108.62,0,2.61,91.04,1.4,0.96,1.62,0.11
Londres,LON,GB,51.5074,-0.1278,2026-05-16T23:00:00Z,2026-05-16,23:00,2,107.87,0,2.76,93.81,1.44,1.04,1.69,0.08
Londres,LON,GB,51.5074,-0.1278,2026-05-17T00:00:00Z,2026-05-17,00:00,2,107.31,0,2.87,94.2,1.44,1.06,1.66,0.06
Londres,LON,GB,51.5074,-0.1278,2026-05-17T01:00:00Z,2026-05-17,01:00,2,108.52,0,2.88,92.15,1.43,1.08,1.65,0.07
Londres,LON,GB,51.5074,-0.1278,2026-05-17T02:00:00Z,2026-05-17,02:00,2,111.3,0,2.8,89.22,1.41,1.14,1.69,0.12
Londres,LON,GB,51.5074,-0.1278,2026-05-17T03:00:00Z,2026-05-17,03:00,2,114.55,0,2.67,87.01,1.39,1.13,1.68,0.22
Londres,LON,GB,51.5074,-0.1278,2026-05-17T04:00:00Z,2026-05-17,04:00,2,116.15,0,2.55,85.21,1.39,0.97,1.5,0.34
Londres,LON,GB,51.5074,-0.1278,2026-05-17T05:00:00Z,2026-05-17,05:00,2,116.29,0,2.49,83.66,1.36,0.71,1.17,0.44
Londres,LON,GB,51.5074,-0.1278,2026-05-17T06:00:00Z,2026-05-17,06:00,2,115.79,0.01,2.5,81.71,1.34,0.51,0.87,0.51
Londres,LON,GB,51.5074,-0.1278,2026-05-17T07:00:00Z,2026-05-17,07:00,2,115.01,0.04,2.6,79.29,1.36,0.5,0.68,0.55
Londres,LON,GB,51.5074,-0.1278,2026-05-17T08:00:00Z,2026-05-17,08:00,2,115.06,0.11,2.81,76.95,1.48,0.5,0.59,0.58
Londres,LON,GB,51.5074,-0.1278,2026-05-17T09:00:00Z,2026-05-17,09:00,2,115.3,0.23,2.96,74.92,1.64,0.5,0.57,0.61
Londres,LON,GB,51.5074,-0.1278,2026-05-17T10:00:00Z,2026-05-17,10:00,2,115.61,0.37,2.88,74.14,1.76,0.5,0.58,0.61
Londres,LON,GB,51.5074,-0.1278,2026-05-17T11:00:00Z,2026-05-17,11:00,2,115.81,0.44,2.62,74.87,1.82,0.5,0.63,0.6
Londres,LON,GB,51.5074,-0.1278,2026-05-17T12:00:00Z,2026-05-17,12:00,2,116,0.44,2.31,76.62,1.81,0.5,0.7,0.58
Londres,LON,GB,51.5074,-0.1278,2026-05-17T13:00:00Z,2026-05-17,13:00,2,116.1,0.4,1.99,79.17,1.71,0.5,0.75,0.53
Londres,LON,GB,51.5074,-0.1278,2026-05-17T14:00:00Z,2026-05-17,14:00,2,116.48,0.32,1.77,81.72,1.53,0.5,0.76,0.46
Londres,LON,GB,51.5074,-0.1278,2026-05-17T15:00:00Z,2026-05-17,15:00,2,117.14,0.28,1.67,83.87,1.37,0.5,0.76,0.4
Londres,LON,GB,51.5074,-0.1278,2026-05-17T16:00:00Z,2026-05-17,16:00,2,117.22,0.19,1.79,84.9,1.27,0.5,0.78,0.33
Londres,LON,GB,51.5074,-0.1278,2026-05-17T17:00:00Z,2026-05-17,17:00,2,117.12,0.1,2.04,85.68,1.25,0.5,0.71,0.26
Londres,LON,GB,51.5074,-0.1278,2026-05-17T18:00:00Z,2026-05-17,18:00,2,116.73,0.04,2.19,86.78,1.24,0.5,0.6,0.19
Londres,LON,GB,51.5074,-0.1278,2026-05-17T19:00:00Z,2026-05-17,19:00,2,117.03,0.01,2.26,88.31,1.22,0.5,0.5,0.15
Londres,LON,GB,51.5074,-0.1278,2026-05-17T20:00:00Z,2026-05-17,20:00,2,117.36,0,2.26,89.22,1.2,0.5,0.5,0.12
Londres,LON,GB,51.5074,-0.1278,2026-05-17T21:00:00Z,2026-05-17,21:00,2,117.32,0,2.27,88.87,1.19,0.5,0.5,0.11
Londres,LON,GB,51.5074,-0.1278,2026-05-17T22:00:00Z,2026-05-17,22:00,2,116.94,0,2.27,87.74,1.16,0.5,0.5,0.09
Londres,LON,GB,51.5074,-0.1278,2026-05-17T23:00:00Z,2026-05-17,23:00,2,116.3,0,2.24,87.34,1.1,0.5,0.5,0.07
Londres,LON,GB,51.5074,-0.1278,2026-05-18T00:00:00Z,2026-05-18,00:00,2,115.57,0,2.2,87.66,1.07,0.5,0.5,0.06
Londres,LON,GB,51.5074,-0.1278,2026-05-18T01:00:00Z,2026-05-18,01:00,2,114.52,0,2.23,87.62,1.08,0.5,0.5,0.06
Londres,LON,GB,51.5074,-0.1278,2026-05-18T02:00:00Z,2026-05-18,02:00,2,114.07,0,2.39,87.64,1.16,0.5,0.5,0.06
Londres,LON,GB,51.5074,-0.1278,2026-05-18T03:00:00Z,2026-05-18,03:00,2,114.1,0,2.51,86.94,1.23,0.5,0.5,0.06
Londres,LON,GB,51.5074,-0.1278,2026-05-18T04:00:00Z,2026-05-18,04:00,2,114.21,0,2.53,86.39,1.27,0.5,0.5,0.06
Londres,LON,GB,51.5074,-0.1278,2026-05-18T05:00:00Z,2026-05-18,05:00,2,114.22,0,2.39,86.64,1.22,0.5,0.52,0.06
Londres,LON,GB,51.5074,-0.1278,2026-05-18T06:00:00Z,2026-05-18,06:00,2,114.51,0.01,2.26,88.17,1.15,0.5,0.55,0.06
Londres,LON,GB,51.5074,-0.1278,2026-05-18T07:00:00Z,2026-05-18,07:00,2,114.61,0.05,2.16,90.33,1.11,0.5,0.62,0.05
Londres,LON,GB,51.5074,-0.1278,2026-05-18T08:00:00Z,2026-05-18,08:00,2,114.52,0.1,2.21,91.93,1.18,0.54,0.8,0.05
Londres,LON,GB,51.5074,-0.1278,2026-05-18T09:00:00Z,2026-05-18,09:00,2,114.24,0.16,2.27,93.05,1.26,0.57,0.95,0.04
Londres,LON,GB,51.5074,-0.1278,2026-05-18T10:00:00Z,2026-05-18,10:00,2,113.84,0.24,2.16,94.22,1.29,0.58,1,0.03
Londres,LON,GB,51.5074,-0.1278,2026-05-18T11:00:00Z,2026-05-18,11:00,2,113.59,0.28,1.9,96.17,1.28,0.53,0.96,0.03
Londres,LON,GB,51.5074,-0.1278,2026-05-18T12:00:00Z,2026-05-18,12:00,2,113.35,0.28,1.65,98.03,1.24,0.5,0.88,0.03
Londres,LON,GB,51.5074,-0.1278,2026-05-18T13:00:00Z,2026-05-18,13:00,2,113.47,0.25,1.55,99.25,1.23,0.5,0.85,0.04
Londres,LON,GB,51.5074,-0.1278,2026-05-18T14:00:00Z,2026-05-18,14:00,2,113.21,0.23,1.57,99.9,1.31,0.5,0.85,0.09
Londres,LON,GB,51.5074,-0.1278,2026-05-18T15:00:00Z,2026-05-18,15:00,3,113.23,0.22,1.64,100.24,1.39,0.51,0.87,0.17
Londres,LON,GB,51.5074,-0.1278,2026-05-18T16:00:00Z,2026-05-18,16:00,3,113.32,0.23,1.73,100.64,1.46,0.52,0.89,0.28
Londres,LON,GB,51.5074,-0.1278,2026-05-18T17:00:00Z,2026-05-18,17:00,2,113.59,0.17,2.08,99.11,1.54,0.52,0.88,0.41
Londres,LON,GB,51.5074,-0.1278,2026-05-18T18:00:00Z,2026-05-18,18:00,2,113.66,0.09,2.59,96.31,1.64,0.5,0.84,0.57
Londres,LON,GB,51.5074,-0.1278,2026-05-18T19:00:00Z,2026-05-18,19:00,2,114.26,0.01,3.06,93.18,1.68,0.5,0.75,0.69
Londres,LON,GB,51.5074,-0.1278,2026-05-18T20:00:00Z,2026-05-18,20:00,2,114.38,0,3.22,90.02,1.6,0.5,0.67,0.7
Londres,LON,GB,51.5074,-0.1278,2026-05-18T21:00:00Z,2026-05-18,21:00,2,114.31,0,3.16,87.02,1.48,0.5,0.63,0.63
Londres,LON,GB,51.5074,-0.1278,2026-05-18T22:00:00Z,2026-05-18,22:00,2,114.11,0,3.13,84.39,1.42,0.5,0.62,0.49
Londres,LON,GB,51.5074,-0.1278,2026-05-18T23:00:00Z,2026-05-18,23:00,2,113.97,0,3.17,82.61,1.41,0.5,0.67,0.34
Londres,LON,GB,51.5074,-0.1278,2026-05-19T00:00:00Z,2026-05-19,00:00,2,113.84,0,3.09,82.19,1.37,0.51,0.72,0.25
Londres,LON,GB,51.5074,-0.1278,2026-05-20T01:00:00Z,2026-05-20,01:00,2,113.3,0,2.63,94.9,1.7,3.14,6.4,0.03
Londres,LON,GB,51.5074,-0.1278,2026-05-20T02:00:00Z,2026-05-20,02:00,2,112.94,0,2.65,94.5,1.7,3.4,6.66,0.02
Londres,LON,GB,51.5074,-0.1278,2026-05-20T03:00:00Z,2026-05-20,03:00,2,112.94,0,2.71,94.03,1.74,3.59,7.06,0.02
Londres,LON,GB,51.5074,-0.1278,2026-05-20T04:00:00Z,2026-05-20,04:00,2,113.37,0,2.79,93.85,1.79,3.6,7.13,0.02
Londres,LON,GB,51.5074,-0.1278,2026-05-20T05:00:00Z,2026-05-20,05:00,2,113.69,0,3.03,93.55,1.93,3.72,7.68,0.02
Londres,LON,GB,51.5074,-0.1278,2026-05-20T06:00:00Z,2026-05-20,06:00,2,114.37,0.09,3.27,93.58,2.1,4.03,9.03,0.01
Londres,LON,GB,51.5074,-0.1278,2026-05-20T07:00:00Z,2026-05-20,07:00,2,114.67,0.26,3.31,93.83,2.27,4.33,10.43,0.01
Londres,LON,GB,51.5074,-0.1278,2026-05-20T08:00:00Z,2026-05-20,08:00,2,115.44,0.35,3.62,94.01,2.48,4.52,10.77,0.01
Londres,LON,GB,51.5074,-0.1278,2026-05-20T09:00:00Z,2026-05-20,09:00,2,116.67,0.35,4,93.54,2.57,4.43,9.46,0.02
Londres,LON,GB,51.5074,-0.1278,2026-05-20T10:00:00Z,2026-05-20,10:00,2,117.27,0.4,4.26,91.9,2.49,4.12,7.15,0.02
Londres,LON,GB,51.5074,-0.1278,2026-05-20T11:00:00Z,2026-05-20,11:00,2,117.71,0.57,4.1,91.8,2.47,4.08,6.52,0.03
Londres,LON,GB,51.5074,-0.1278,2026-05-20T12:00:00Z,2026-05-20,12:00,2,116.93,0.62,3.57,95.05,2.57,4.48,7.86,0.02
Londres,LON,GB,51.5074,-0.1278,2026-05-20T13:00:00Z,2026-05-20,13:00,3,116.03,0.53,3.08,100.73,2.84,5.18,11.19,0.01
Londres,LON,GB,51.5074,-0.1278,2026-05-20T14:00:00Z,2026-05-20,14:00,3,115.08,0.51,3.03,105.19,3.2,5.82,14.71,0.01
Londres,LON,GB,51.5074,-0.1278,2026-05-20T15:00:00Z,2026-05-20,15:00,3,114.41,0.52,3.18,108.21,3.38,5.95,15.98,0.01
Londres,LON,GB,51.5074,-0.1278,2026-05-20T16:00:00Z,2026-05-20,16:00,3,113.84,0.58,3.29,109.96,3.42,5.66,15.44,0.01
Londres,LON,GB,51.5074,-0.1278,2026-05-20T17:00:00Z,2026-05-20,17:00,3,113.54,0.51,3.74,110.19,3.43,5.23,14.24,0.02
Londres,LON,GB,51.5074,-0.1278,2026-05-20T18:00:00Z,2026-05-20,18:00,3,113.52,0.4,4.36,108.66,3.41,4.81,12.86,0.03
Londres,LON,GB,51.5074,-0.1278,2026-05-20T19:00:00Z,2026-05-20,19:00,3,113.79,0.19,5.28,105.47,3.51,4.53,11.83,0.05
Londres,LON,GB,51.5074,-0.1278,2026-05-20T20:00:00Z,2026-05-20,20:00,3,114.94,0.02,6.32,101.56,3.86,4.61,11.87,0.07
Londres,LON,GB,51.5074,-0.1278,2026-05-20T21:00:00Z,2026-05-20,21:00,2,115.98,0,6.84,97.65,4.09,4.66,11.73,0.08
Londres,LON,GB,51.5074,-0.1278,2026-05-20T22:00:00Z,2026-05-20,22:00,2,116.35,0,7.41,93.55,4.26,4.67,11.44,0.08
Londres,LON,GB,51.5074,-0.1278,2026-05-20T23:00:00Z,2026-05-20,23:00,2,117.06,0,8.16,90.3,4.52,4.79,11.48,0.08
Londres,LON,GB,51.5074,-0.1278,2026-05-21T00:00:00Z,2026-05-21,00:00,2,117.31,0,8.99,87.45,4.86,5.1,12.02,0.08
Londres,LON,GB,51.5074,-0.1278,2026-05-21T01:00:00Z,2026-05-21,01:00,2,117.6,0,10.87,83.52,5.57,5.67,13.1,0.09
Londres,LON,GB,51.5074,-0.1278,2026-05-21T02:00:00Z,2026-05-21,02:00,2,118.61,0,14.07,78.04,6.54,6.48,14.61,0.12
Londres,LON,GB,51.5074,-0.1278,2026-05-21T03:00:00Z,2026-05-21,03:00,2,119.8,0,16.84,73.12,7.12,7.32,16.17,0.21
Londres,LON,GB,51.5074,-0.1278,2026-05-21T04:00:00Z,2026-05-21,04:00,2,121.38,0,18.69,68.77,7.36,7.98,17.35,0.47
Londres,LON,GB,51.5074,-0.1278,2026-05-21T05:00:00Z,2026-05-21,05:00,2,122.68,0.02,19.63,64.83,7.39,8.49,18.02,0.9
Londres,LON,GB,51.5074,-0.1278,2026-05-21T06:00:00Z,2026-05-21,06:00,2,123.61,0.4,20.28,61.13,7.35,8.77,17.88,1.31
Londres,LON,GB,51.5074,-0.1278,2026-05-21T07:00:00Z,2026-05-21,07:00,1,124,1.59,19.36,57.16,7.3,8.63,16.98,1.55
Londres,LON,GB,51.5074,-0.1278,2026-05-21T08:00:00Z,2026-05-21,08:00,1,124.3,3.47,17.81,52.75,7.43,8.62,16.21,1.61
Londres,LON,GB,51.5074,-0.1278,2026-05-21T09:00:00Z,2026-05-21,09:00,1,124.51,5.47,15.98,48.86,7.73,9.07,16.13,1.55
Londres,LON,GB,51.5074,-0.1278,2026-05-21T10:00:00Z,2026-05-21,10:00,2,124.41,7.19,14.23,45.72,7.98,10.04,16.74,1.39
Londres,LON,GB,51.5074,-0.1278,2026-05-21T11:00:00Z,2026-05-21,11:00,2,124.46,8.38,13.22,42.82,8.26,11.41,17.85,1.19
Londres,LON,GB,51.5074,-0.1278,2026-05-21T12:00:00Z,2026-05-21,12:00,2,124.42,9.01,12.77,41.84,8.67,13.34,19.51,0.97
Londres,LON,GB,51.5074,-0.1278,2026-05-21T13:00:00Z,2026-05-21,13:00,2,124.62,9.08,12.92,42.73,9.01,15.22,21.13,0.79
Londres,LON,GB,51.5074,-0.1278,2026-05-21T14:00:00Z,2026-05-21,14:00,2,125.06,8.89,13.58,44.34,9.09,16.6,22.14,0.63
Londres,LON,GB,51.5074,-0.1278,2026-05-21T15:00:00Z,2026-05-21,15:00,2,125.41,8.47,14.41,45.94,9.13,17.52,22.57,0.51
Londres,LON,GB,51.5074,-0.1278,2026-05-21T16:00:00Z,2026-05-21,16:00,2,125.98,7.56,15.65,48.11,9.15,18.26,22.93,0.38
Londres,LON,GB,51.5074,-0.1278,2026-05-21T17:00:00Z,2026-05-21,17:00,2,125.55,5.64,16.72,53.69,8.39,17.95,22.31,0.37
Londres,LON,GB,51.5074,-0.1278,2026-05-21T18:00:00Z,2026-05-21,18:00,2,124.38,3.19,17.02,64.06,7.14,17.06,21.16,0.38
Londres,LON,GB,51.5074,-0.1278,2026-05-21T19:00:00Z,2026-05-21,19:00,2,122.7,0.85,16.16,76.92,6.01,14.51,18.53,0.54
Londres,LON,GB,51.5074,-0.1278,2026-05-21T20:00:00Z,2026-05-21,20:00,2,121.25,0.04,13.29,83.73,5.14,12.32,16.21,0.5
Londres,LON,GB,51.5074,-0.1278,2026-05-21T21:00:00Z,2026-05-21,21:00,2,120.45,0,10.57,85.23,4.66,10.44,14.08,0.41
Londres,LON,GB,51.5074,-0.1278,2026-05-21T22:00:00Z,2026-05-21,22:00,2,120.79,0,9.22,83.06,4.29,8.55,11.89,0.44
Londres,LON,GB,51.5074,-0.1278,2026-05-21T23:00:00Z,2026-05-21,23:00,2,121.59,0,9.8,76.85,4.23,7.56,10.83,0.52
Londres,LON,GB,51.5074,-0.1278,2026-05-22T00:00:00Z,2026-05-22,00:00,2,122.77,0,11.14,69.39,4.36,7.23,10.53,0.64
Londres,LON,GB,51.5074,-0.1278,2026-05-22T01:00:00Z,2026-05-22,01:00,2,124.56,0,12.62,62.6,4.6,7.31,10.7,0.76
Londres,LON,GB,51.5074,-0.1278,2026-05-22T02:00:00Z,2026-05-22,02:00,1,126.33,0,13.8,56.56,4.83,7.72,11.2,0.82
Londres,LON,GB,51.5074,-0.1278,2026-05-22T03:00:00Z,2026-05-22,03:00,1,128.56,0,14.56,51.84,5.01,8.42,12,0.84
Londres,LON,GB,51.5074,-0.1278,2026-05-22T04:00:00Z,2026-05-22,04:00,1,130.93,0,15.1,47.69,5.16,9.24,12.9,0.83
Londres,LON,GB,51.5074,-0.1278,2026-05-22T05:00:00Z,2026-05-22,05:00,1,132.79,0.07,15.57,43.47,5.29,9.81,13.5,0.79
Londres,LON,GB,51.5074,-0.1278,2026-05-22T06:00:00Z,2026-05-22,06:00,1,133.63,1.28,14.4,40.99,5.4,9.84,13.44,0.76
Londres,LON,GB,51.5074,-0.1278,2026-05-22T07:00:00Z,2026-05-22,07:00,1,133.24,3.15,11.78,39.86,5.43,9.41,12.84,0.72
Londres,LON,GB,51.5074,-0.1278,2026-05-22T08:00:00Z,2026-05-22,08:00,1,133.29,4.49,9.98,39.16,5.46,8.9,12.16,0.7
Londres,LON,GB,51.5074,-0.1278,2026-05-22T09:00:00Z,2026-05-22,09:00,1,133.72,5.21,9.14,39.61,5.53,8.56,11.7,0.69
Londres,LON,GB,51.5074,-0.1278,2026-05-22T10:00:00Z,2026-05-22,10:00,1,134.13,5.44,8.77,41.51,5.43,8.72,11.8,0.68
Londres,LON,GB,51.5074,-0.1278,2026-05-22T11:00:00Z,2026-05-22,11:00,1,135.36,5.42,8.71,44.76,5.33,9.82,12.94,0.66
Londres,LON,GB,51.5074,-0.1278,2026-05-22T12:00:00Z,2026-05-22,12:00,2,136.13,5.09,8.87,51.07,5.37,11.77,15.01,0.65
Londres,LON,GB,51.5074,-0.1278,2026-05-22T13:00:00Z,2026-05-22,13:00,2,136.81,4.56,9.1,60.14,5.39,13.91,17.3,0.62
Londres,LON,GB,51.5074,-0.1278,2026-05-22T14:00:00Z,2026-05-22,14:00,2,136.87,3.82,9.17,71.13,5.22,15.71,19.1,0.59
Londres,LON,GB,51.5074,-0.1278,2026-05-22T15:00:00Z,2026-05-22,15:00,2,136.93,3.04,9.17,83.32,5.04,16.86,20.16,0.6
Londres,LON,GB,51.5074,-0.1278,2026-05-22T16:00:00Z,2026-05-22,16:00,2,137.03,2.46,9.64,93.64,5.03,17.16,20.38,0.62
Londres,LON,GB,51.5074,-0.1278,2026-05-22T17:00:00Z,2026-05-22,17:00,2,134.51,1.94,10.79,98.3,5.1,16.19,19.3,0.65
Londres,LON,GB,51.5074,-0.1278,2026-05-22T18:00:00Z,2026-05-22,18:00,2,130.63,1.34,12.59,97.75,5.15,14.28,17.23,0.69
Londres,LON,GB,51.5074,-0.1278,2026-05-22T19:00:00Z,2026-05-22,19:00,2,127.51,0.49,15.28,92.96,5.29,12.25,14.99,0.73
Londres,LON,GB,51.5074,-0.1278,2026-05-22T20:00:00Z,2026-05-22,20:00,2,125.05,0.03,17.5,85.2,5.65,10.66,13.27,0.77
Londres,LON,GB,51.5074,-0.1278,2026-05-22T21:00:00Z,2026-05-22,21:00,2,123.6,0,19.38,76.73,6.38,9.59,12.19,0.84
Londres,LON,GB,51.5074,-0.1278,2026-05-22T22:00:00Z,2026-05-22,22:00,2,122.38,0,21.42,67.69,7.01,8.79,11.47,0.92
Londres,LON,GB,51.5074,-0.1278,2026-05-22T23:00:00Z,2026-05-22,23:00,1,121.12,0,22.54,58.56,6.76,7.93,10.64,0.95
Londres,LON,GB,51.5074,-0.1278,2026-05-23T00:00:00Z,2026-05-23,00:00,1,119.4,0,22.73,49.32,6.26,7.1,9.75,0.98
Londres,LON,GB,51.5074,-0.1278,2026-05-23T01:00:00Z,2026-05-23,01:00,1,116.86,0,22.24,41.02,5.83,6.47,9.01,0.99
Londres,LON,GB,51.5074,-0.1278,2026-05-23T02:00:00Z,2026-05-23,02:00,1,114.31,0,21.81,35.18,5.69,6.22,8.75,1.02
Londres,LON,GB,51.5074,-0.1278,2026-05-23T03:00:00Z,2026-05-23,03:00,1,112.58,0,21.7,31.74,5.86,6.49,9.13,1.12
Londres,LON,GB,51.5074,-0.1278,2026-05-23T04:00:00Z,2026-05-23,04:00,1,112,0.01,22.66,29.26,5.92,7.46,10.34,1.01
Londres,LON,GB,51.5074,-0.1278,2026-05-23T05:00:00Z,2026-05-23,05:00,1,113.31,0.06,25.32,26.18,5.87,8.77,12.01,0.77
Londres,LON,GB,51.5074,-0.1278,2026-05-23T06:00:00Z,2026-05-23,06:00,2,115.08,1.86,26.56,25.39,6.45,10.21,13.77,0.73
Londres,LON,GB,51.5074,-0.1278,2026-05-23T07:00:00Z,2026-05-23,07:00,2,116.12,6.3,24.11,27.52,7.56,11.56,15.33,0.78
Londres,LON,GB,51.5074,-0.1278,2026-05-23T08:00:00Z,2026-05-23,08:00,2,117.45,10.45,21.97,28.84,8.37,12.89,16.76,0.79
Londres,LON,GB,51.5074,-0.1278,2026-05-23T09:00:00Z,2026-05-23,09:00,2,118.42,13.54,20.25,28.77,8.78,13.95,17.71,0.83
Londres,LON,GB,51.5074,-0.1278,2026-05-23T10:00:00Z,2026-05-23,10:00,2,118.68,15.32,18.74,28.47,8.86,14.41,17.89,0.83
Londres,LON,GB,51.5074,-0.1278,2026-05-23T11:00:00Z,2026-05-23,11:00,2,118.26,15.63,17.42,28.96,8.75,14.09,17.33,0.76
Londres,LON,GB,51.5074,-0.1278,2026-05-23T12:00:00Z,2026-05-23,12:00,2,117,14.83,16.15,30.13,8.47,13.16,16.28,0.67
Londres,LON,GB,51.5074,-0.1278,2026-05-23T13:00:00Z,2026-05-23,13:00,2,115.48,13,14.87,32.43,8.06,11.84,15.03,0.59
Londres,LON,GB,51.5074,-0.1278,2026-05-23T14:00:00Z,2026-05-23,14:00,2,113.72,10.78,13.88,36.28,7.63,10.6,13.99,0.55
Londres,LON,GB,51.5074,-0.1278,2026-05-23T15:00:00Z,2026-05-23,15:00,1,112.23,8.7,13.62,41.59,7.29,9.77,13.43,0.53
Londres,LON,GB,51.5074,-0.1278,2026-05-23T16:00:00Z,2026-05-23,16:00,1,110.36,6.75,14.01,48.33,7.06,9.12,13.03,0.52
Londres,LON,GB,51.5074,-0.1278,2026-05-23T17:00:00Z,2026-05-23,17:00,1,108.48,5.02,15.29,54.67,6.91,8.47,12.43,0.51
Londres,LON,GB,51.5074,-0.1278,2026-05-23T18:00:00Z,2026-05-23,18:00,1,106.88,3.36,17.82,58.22,6.84,7.74,11.57,0.49
Londres,LON,GB,51.5074,-0.1278,2026-05-23T19:00:00Z,2026-05-23,19:00,1,105.82,1.45,21.6,57.64,6.83,6.95,10.52,0.51
Londres,LON,GB,51.5074,-0.1278,2026-05-23T20:00:00Z,2026-05-23,20:00,1,105.28,0.12,24.14,54.55,6.8,6.21,9.4,0.63
Londres,LON,GB,51.5074,-0.1278,2026-05-23T21:00:00Z,2026-05-23,21:00,1,105.12,0,24.05,50.95,6.69,5.57,8.29,0.9
Londres,LON,GB,51.5074,-0.1278,2026-05-23T22:00:00Z,2026-05-23,22:00,1,105.53,0,24.57,45.58,6.63,5.15,7.4,1.18
Londres,LON,GB,51.5074,-0.1278,2026-05-23T23:00:00Z,2026-05-23,23:00,1,105.68,0,25.51,39.04,6.61,4.94,6.84,1.33
Londres,LON,GB,51.5074,-0.1278,2026-05-24T00:00:00Z,2026-05-24,00:00,1,105.83,0,26.17,32.55,6.49,4.85,6.49,1.33
Londres,LON,GB,51.5074,-0.1278,2026-05-24T01:00:00Z,2026-05-24,01:00,1,106.07,0.01,26.31,26.94,6.24,4.81,6.27,1.21
Londres,LON,GB,51.5074,-0.1278,2026-05-24T02:00:00Z,2026-05-24,02:00,1,106.1,0.03,26.48,22.02,5.97,4.83,6.17,1.01
Londres,LON,GB,51.5074,-0.1278,2026-05-24T03:00:00Z,2026-05-24,03:00,1,106.05,0.07,26.34,17.98,5.79,4.85,6.14,0.88
Londres,LON,GB,51.5074,-0.1278,2026-05-24T04:00:00Z,2026-05-24,04:00,1,106.03,0.19,25.62,15.17,5.53,4.84,6.16,0.79
Londres,LON,GB,51.5074,-0.1278,2026-05-24T05:00:00Z,2026-05-24,05:00,1,106.89,0.7,24.26,13.76,5.35,4.94,6.39,0.73
Londres,LON,GB,51.5074,-0.1278,2026-05-24T06:00:00Z,2026-05-24,06:00,1,108.22,4.13,18.77,17.66,5.28,5.27,6.94,0.67
Londres,LON,GB,51.5074,-0.1278,2026-05-24T07:00:00Z,2026-05-24,07:00,1,109.57,7.17,13.87,22.11,5.22,5.93,7.91,0.62
Londres,LON,GB,51.5074,-0.1278,2026-05-24T08:00:00Z,2026-05-24,08:00,1,111.32,8.69,11.6,25.15,5.33,6.98,9.39,0.59
Londres,LON,GB,51.5074,-0.1278,2026-05-24T09:00:00Z,2026-05-24,09:00,1,112.78,9.31,10.69,27.74,5.59,8.34,11.21,0.57
Londres,LON,GB,51.5074,-0.1278,2026-05-24T10:00:00Z,2026-05-24,10:00,1,113.32,9.29,10.41,30.56,5.92,9.86,13.24,0.51
Londres,LON,GB,51.5074,-0.1278,2026-05-24T11:00:00Z,2026-05-24,11:00,2,113.88,8.96,10.49,33.63,6.48,11.55,15.49,0.45
Londres,LON,GB,51.5074,-0.1278,2026-05-24T12:00:00Z,2026-05-24,12:00,2,114.34,8.52,10.75,36.95,7.37,13.64,18.1,0.39
Londres,LON,GB,51.5074,-0.1278,2026-05-24T13:00:00Z,2026-05-24,13:00,2,115.41,8,11.19,40.89,8.56,16,20.82,0.39
Londres,LON,GB,51.5074,-0.1278,2026-05-24T14:00:00Z,2026-05-24,14:00,2,115.89,7.1,11.61,45.77,9.23,18.06,23.06,0.39
Londres,LON,GB,51.5074,-0.1278,2026-05-24T15:00:00Z,2026-05-24,15:00,2,115.9,5.94,12.01,52.13,9.27,19.49,24.48,0.32
Londres,LON,GB,51.5074,-0.1278,2026-05-24T16:00:00Z,2026-05-24,16:00,2,116.43,4.84,12.88,59.58,9.01,20.44,25.37,0.24
Londres,LON,GB,51.5074,-0.1278,2026-05-24T17:00:00Z,2026-05-24,17:00,2,116.37,3.76,14.03,66.26,8.49,20.76,25.66,0.19
Londres,LON,GB,51.5074,-0.1278,2026-05-24T18:00:00Z,2026-05-24,18:00,2,115.76,2.56,15.6,70.9,7.8,20.51,25.5,0.18
Londres,LON,GB,51.5074,-0.1278,2026-05-24T19:00:00Z,2026-05-24,19:00,2,115.12,1.08,17.31,73.45,6.99,19.93,25.19,0.21
Londres,LON,GB,51.5074,-0.1278,2026-05-24T20:00:00Z,2026-05-24,20:00,2,115.11,0.1,17.52,74.61,6.03,19.56,25.2,0.23
Londres,LON,GB,51.5074,-0.1278,2026-05-24T21:00:00Z,2026-05-24,21:00,2,117.13,0,16.06,75.5,5.24,19.7,25.8,0.3
Londres,LON,GB,51.5074,-0.1278,2026-05-24T22:00:00Z,2026-05-24,22:00,2,121.43,0,14.85,76.23,4.74,20.62,27.24,0.4
Londres,LON,GB,51.5074,-0.1278,2026-05-24T23:00:00Z,2026-05-24,23:00,2,128.45,0,13.97,78.37,4.55,22.26,29.6,0.51
Londres,LON,GB,51.5074,-0.1278,2026-05-25T00:00:00Z,2026-05-25,00:00,2,135.75,0,13.36,82.36,4.57,23.91,32.08,0.61
Londres,LON,GB,51.5074,-0.1278,2026-05-25T01:00:00Z,2026-05-25,01:00,2,141.38,0,12.79,89.18,4.91,24.6,33.49,0.8
Londres,LON,GB,51.5074,-0.1278,2026-05-25T02:00:00Z,2026-05-25,02:00,2,144.8,0,12.25,92.27,4.92,24.6,33.21,0.84
Londres,LON,GB,51.5074,-0.1278,2026-05-25T03:00:00Z,2026-05-25,03:00,2,147.1,0,11.72,92.18,4.77,24.09,32.24,0.82
Londres,LON,GB,51.5074,-0.1278,2026-05-25T04:00:00Z,2026-05-25,04:00,2,147.67,0,11.36,89.65,4.6,23.23,30.95,0.83
Londres,LON,GB,51.5074,-0.1278,2026-05-25T05:00:00Z,2026-05-25,05:00,2,147.88,0.02,11.36,84.42,4.43,22.36,29.78,0.83
Londres,LON,GB,51.5074,-0.1278,2026-05-25T06:00:00Z,2026-05-25,06:00,2,146.99,0.43,11.46,78.56,4.32,21.67,28.94,0.81
Londres,LON,GB,51.5074,-0.1278,2026-05-25T07:00:00Z,2026-05-25,07:00,2,146.25,1.33,10.39,73.17,4.2,21.11,28.43,0.77
Londres,LON,GB,51.5074,-0.1278,2026-05-25T08:00:00Z,2026-05-25,08:00,2,144.94,2.04,9.12,69.74,4.16,20.68,28.25,0.78
Londres,LON,GB,51.5074,-0.1278,2026-05-25T09:00:00Z,2026-05-25,09:00,2,144,2.29,7.88,70.29,4.18,20.57,28.36,0.95
Londres,LON,GB,51.5074,-0.1278,2026-05-25T10:00:00Z,2026-05-25,10:00,2,143.21,2.03,6.58,77.73,4.2,21.18,28.92,1.38
Londres,LON,GB,51.5074,-0.1278,2026-05-25T11:00:00Z,2026-05-25,11:00,2,142.92,1.55,5.38,90.05,4.13,22.67,29.95,1.56
Londres,LON,GB,51.5074,-0.1278,2026-05-25T12:00:00Z,2026-05-25,12:00,3,143.38,1.13,4.52,103.95,4.04,23.99,30.9,1.57
Londres,LON,GB,51.5074,-0.1278,2026-05-25T13:00:00Z,2026-05-25,13:00,3,144.11,0.88,4.08,117.03,4.03,24.14,30.97,1.68
Londres,LON,GB,51.5074,-0.1278,2026-05-25T14:00:00Z,2026-05-25,14:00,3,142.91,0.72,3.9,127.71,3.97,23.41,30.35,1.82
Londres,LON,GB,51.5074,-0.1278,2026-05-25T15:00:00Z,2026-05-25,15:00,3,139.32,0.63,3.91,135.35,3.89,21.75,28.93,1.93
Londres,LON,GB,51.5074,-0.1278,2026-05-25T16:00:00Z,2026-05-25,16:00,3,134.41,0.59,4.25,139.39,3.88,19.58,26.98,1.94
Londres,LON,GB,51.5074,-0.1278,2026-05-25T17:00:00Z,2026-05-25,17:00,3,128.65,0.54,4.88,138.11,3.87,17.46,24.83,1.79
Londres,LON,GB,51.5074,-0.1278,2026-05-25T18:00:00Z,2026-05-25,18:00,3,124.28,0.41,5.71,134.49,3.87,15.83,22.95,1.63
Londres,LON,GB,51.5074,-0.1278,2026-05-25T19:00:00Z,2026-05-25,19:00,3,122.57,0.18,6.63,130.66,3.88,14.9,21.66,1.58
Londres,LON,GB,51.5074,-0.1278,2026-05-25T20:00:00Z,2026-05-25,20:00,3,121.96,0.01,7.13,126.37,3.91,14.35,20.76,1.59
Londres,LON,GB,51.5074,-0.1278,2026-05-25T21:00:00Z,2026-05-25,21:00,3,121.17,0,7.31,120.91,3.95,13.65,19.81,1.61
Londres,LON,GB,51.5074,-0.1278,2026-05-25T22:00:00Z,2026-05-25,22:00,3,119.73,0,7.84,112.22,3.9,12.75,18.61,1.54
Londres,LON,GB,51.5074,-0.1278,2026-05-25T23:00:00Z,2026-05-25,23:00,3,118.29,0,8.77,100.21,3.91,11.96,17.66,1.36
Londres,LON,GB,51.5074,-0.1278,2026-05-26T00:00:00Z,2026-05-26,00:00,2,116.84,0,9.78,88.44,3.96,11.32,17.14,1.26
Londres,LON,GB,51.5074,-0.1278,2026-05-26T01:00:00Z,2026-05-26,01:00,2,115.53,0,10.74,78.5,4.09,10.86,16.81,1.25
Londres,LON,GB,51.5074,-0.1278,2026-05-26T02:00:00Z,2026-05-26,02:00,2,114.62,0,11.45,71.48,4.2,10.52,16.41,1.3
Londres,LON,GB,51.5074,-0.1278,2026-05-26T03:00:00Z,2026-05-26,03:00,2,114.16,0,11.93,66.34,4.29,10.2,15.84,1.34
Londres,LON,GB,51.5074,-0.1278,2026-05-26T04:00:00Z,2026-05-26,04:00,2,114.25,0,12.41,62.17,4.34,9.92,15.15,1.3
Londres,LON,GB,51.5074,-0.1278,2026-05-26T05:00:00Z,2026-05-26,05:00,1,115.16,0.03,13.12,58.23,4.39,9.73,14.56,1.18
Londres,LON,GB,51.5074,-0.1278,2026-05-26T06:00:00Z,2026-05-26,06:00,1,116.53,0.68,13.32,55.59,4.5,9.62,14.16,1.06
Londres,LON,GB,51.5074,-0.1278,2026-05-26T07:00:00Z,2026-05-26,07:00,1,117.98,2.06,12.09,54.39,4.53,9.51,13.8,0.97
Londres,LON,GB,51.5074,-0.1278,2026-05-26T08:00:00Z,2026-05-26,08:00,1,119.69,3.27,11.02,53.86,4.55,9.5,13.61,0.91
Londres,LON,GB,51.5074,-0.1278,2026-05-26T09:00:00Z,2026-05-26,09:00,1,121.77,4.03,10.34,54.48,4.66,9.68,13.72,0.89
Londres,LON,GB,51.5074,-0.1278,2026-05-26T10:00:00Z,2026-05-26,10:00,2,123.54,4.26,9.8,56.86,4.77,10.21,14.24,0.9
Londres,LON,GB,51.5074,-0.1278,2026-05-26T11:00:00Z,2026-05-26,11:00,2,125.36,4.06,9.15,61.99,4.88,11.34,15.39,0.9
Londres,LON,GB,51.5074,-0.1278,2026-05-26T12:00:00Z,2026-05-26,12:00,2,126.36,3.6,8.4,69.37,4.96,13.03,17.1,0.9
Londres,LON,GB,51.5074,-0.1278,2026-05-26T13:00:00Z,2026-05-26,13:00,2,126.81,3.09,7.87,77.57,5.08,14.73,18.86,0.91
Londres,LON,GB,51.5074,-0.1278,2026-05-26T14:00:00Z,2026-05-26,14:00,2,126.73,2.57,7.54,85.75,5.05,16.05,20.15,0.94
Londres,LON,GB,51.5074,-0.1278,2026-05-26T15:00:00Z,2026-05-26,15:00,2,126.93,2.08,7.35,94.14,4.95,16.83,20.76,1.04
Londres,LON,GB,51.5074,-0.1278,2026-05-26T16:00:00Z,2026-05-26,16:00,3,127.44,1.71,7.65,102.63,4.96,17.15,20.89,1.16
Londres,LON,GB,51.5074,-0.1278,2026-05-26T17:00:00Z,2026-05-26,17:00,3,127.35,1.39,8.48,109.32,5,16.97,20.51,1.21
Londres,LON,GB,51.5074,-0.1278,2026-05-26T18:00:00Z,2026-05-26,18:00,3,127.54,0.99,9.69,113.7,4.97,16.58,19.97,1.23
Londres,LON,GB,51.5074,-0.1278,2026-05-26T19:00:00Z,2026-05-26,19:00,3,128.97,0.43,11.17,116.73,4.97,16.27,19.59,1.27
Londres,LON,GB,51.5074,-0.1278,2026-05-26T20:00:00Z,2026-05-26,20:00,3,129.84,0.04,12.01,115.83,4.99,15.89,19.26,1.3
Londres,LON,GB,51.5074,-0.1278,2026-05-26T21:00:00Z,2026-05-26,21:00,3,130.88,0,12.04,113.13,5.04,15.59,19.19,1.33
Londres,LON,GB,51.5074,-0.1278,2026-05-26T22:00:00Z,2026-05-26,22:00,3,131.85,0,12.18,109.56,5.02,15.37,19.29,1.28
Londres,LON,GB,51.5074,-0.1278,2026-05-26T23:00:00Z,2026-05-26,23:00,3,133.36,0,12.26,105.85,4.94,15.27,19.58,1.19
Londres,LON,GB,51.5074,-0.1278,2026-05-27T00:00:00Z,2026-05-27,00:00,3,135.06,0,12.47,101.74,4.91,15.28,20.01,1.13
Londres,LON,GB,51.5074,-0.1278,2026-05-27T01:00:00Z,2026-05-27,01:00,2,136.32,0,12.89,96.3,4.93,15.4,20.53,1.1
Londres,LON,GB,51.5074,-0.1278,2026-05-27T02:00:00Z,2026-05-27,02:00,2,137.33,0,13.33,89.15,4.87,15.45,20.82,1.17
Londres,LON,GB,51.5074,-0.1278,2026-05-27T03:00:00Z,2026-05-27,03:00,2,136.87,0,13.72,80.33,4.71,15.42,20.83,1.35
Londres,LON,GB,51.5074,-0.1278,2026-05-27T04:00:00Z,2026-05-27,04:00,2,135.16,0,14.03,71.6,4.55,15.27,20.56,1.66
Londres,LON,GB,51.5074,-0.1278,2026-05-27T05:00:00Z,2026-05-27,05:00,2,134.69,0.03,14.25,66.26,4.47,15.47,20.59,1.9
Londres,LON,GB,51.5074,-0.1278,2026-05-27T06:00:00Z,2026-05-27,06:00,2,136.32,0.65,13.54,66.18,4.58,17.39,22.39,2
Londres,LON,GB,51.5074,-0.1278,2026-05-27T07:00:00Z,2026-05-27,07:00,2,139.93,1.53,11.34,72.47,4.72,21.5,26.37,2.05
Londres,LON,GB,51.5074,-0.1278,2026-05-27T08:00:00Z,2026-05-27,08:00,3,146.81,2,9.74,79.44,4.75,25.69,30.26,2.06
Londres,LON,GB,51.5074,-0.1278,2026-05-27T09:00:00Z,2026-05-27,09:00,3,153.96,2.09,8.58,86.9,4.93,30.5,34.86,1.99
Londres,LON,GB,51.5074,-0.1278,2026-05-27T10:00:00Z,2026-05-27,10:00,3,159.68,1.8,7.21,98.43,5.06,36.27,40.52,1.86
Londres,LON,GB,51.5074,-0.1278,2026-05-27T11:00:00Z,2026-05-27,11:00,3,164.23,1.3,5.72,115.83,5,41.99,46.34,1.66
Londres,LON,GB,51.5074,-0.1278,2026-05-27T12:00:00Z,2026-05-27,12:00,3,167.85,0.85,4.48,138.35,5.07,47.36,52.06,1.61
Londres,LON,GB,51.5074,-0.1278,2026-05-27T13:00:00Z,2026-05-27,13:00,4,170.09,0.59,3.82,162.18,5.37,51.26,56.43,1.86
Londres,LON,GB,51.5074,-0.1278,2026-05-27T14:00:00Z,2026-05-27,14:00,5,172.04,0.46,3.58,180.35,5.64,54.9,60.67,2.06
Londres,LON,GB,51.5074,-0.1278,2026-05-27T15:00:00Z,2026-05-27,15:00,5,172.51,0.39,3.63,191.39,5.66,57.26,63.74,2.27
Londres,LON,GB,51.5074,-0.1278,2026-05-27T16:00:00Z,2026-05-27,16:00,5,170.21,0.29,4.28,194.89,5.38,55.4,62.33,2.49
Londres,LON,GB,51.5074,-0.1278,2026-05-27T17:00:00Z,2026-05-27,17:00,5,162.58,0.2,5.21,189,4.98,48.2,55.43,2.54
Londres,LON,GB,51.5074,-0.1278,2026-05-27T18:00:00Z,2026-05-27,18:00,4,153.84,0.09,6.14,178.38,4.68,39.01,46.71,2.57
Londres,LON,GB,51.5074,-0.1278,2026-05-27T19:00:00Z,2026-05-27,19:00,4,144.14,0.02,6.52,163.95,4.45,29.58,36.91,2.64
Londres,LON,GB,51.5074,-0.1278,2026-05-27T20:00:00Z,2026-05-27,20:00,4,135.34,0,6.71,146.66,4.18,20.79,28.11,2.72
Londres,LON,GB,51.5074,-0.1278,2026-05-27T21:00:00Z,2026-05-27,21:00,3,129.93,0,6.81,130.47,3.96,14.87,22.73,2.91
Londres,LON,GB,51.5074,-0.1278,2026-05-27T22:00:00Z,2026-05-27,22:00,3,127.59,0,6.96,117.78,3.88,11.96,20.69,3
Londres,LON,GB,51.5074,-0.1278,2026-05-27T23:00:00Z,2026-05-27,23:00,3,127.12,0,7.53,108.88,3.96,11.23,20.24,2.64
Londres,LON,GB,51.5074,-0.1278,2026-05-28T00:00:00Z,2026-05-28,00:00,3,128.77,0,7.92,104.15,4,12,20.52,2.53
Londres,LON,GB,51.5074,-0.1278,2026-05-28T01:00:00Z,2026-05-28,01:00,2,130.51,0,8.44,99.12,4.08,13.35,21.31,2.55
Londres,LON,GB,51.5074,-0.1278,2026-05-28T02:00:00Z,2026-05-28,02:00,2,130.68,0,9.34,92.55,4.25,14.2,21.18,2.6
Londres,LON,GB,51.5074,-0.1278,2026-05-28T03:00:00Z,2026-05-28,03:00,2,129.12,0,10.23,84.75,4.4,14.37,20.19,2.73
Londres,LON,GB,51.5074,-0.1278,2026-05-28T04:00:00Z,2026-05-28,04:00,2,128.51,0,11.09,78.21,4.46,14.36,19.37,2.79
Londres,LON,GB,51.5074,-0.1278,2026-05-28T05:00:00Z,2026-05-28,05:00,2,128.84,0.02,12.09,72.74,4.51,14.39,19.01,2.5
Londres,LON,GB,51.5074,-0.1278,2026-05-28T06:00:00Z,2026-05-28,06:00,2,129.82,0.46,13.07,68.9,4.67,14.63,19.08,2.16
Londres,LON,GB,51.5074,-0.1278,2026-05-28T07:00:00Z,2026-05-28,07:00,2,131.03,1.45,12.95,66.05,4.84,14.96,19.28,1.86
Londres,LON,GB,51.5074,-0.1278,2026-05-28T08:00:00Z,2026-05-28,08:00,2,133.21,2.49,12.77,64.2,5.01,15.48,19.71,1.62
Londres,LON,GB,51.5074,-0.1278,2026-05-28T09:00:00Z,2026-05-28,09:00,2,135.76,3.54,12.51,64.24,5.25,16.29,20.5,1.57
Londres,LON,GB,51.5074,-0.1278,2026-05-28T10:00:00Z,2026-05-28,10:00,2,137.63,2.89,14.79,62.45,5.44,17.28,21.53,1.52
Londres,LON,GB,51.5074,-0.1278,2026-05-28T11:00:00Z,2026-05-28,11:00,2,139.47,3.44,15.77,62.05,5.83,18.53,22.81,1.44
Londres,LON,GB,51.5074,-0.1278,2026-05-28T12:00:00Z,2026-05-28,12:00,2,140.2,4.1,17.54,61.19,6.65,19.81,24.2,1.4
Londres,LON,GB,51.5074,-0.1278,2026-05-28T13:00:00Z,2026-05-28,13:00,2,140.55,4.7,20.42,58.15,7.65,21.01,25.29,1.45
Londres,LON,GB,51.5074,-0.1278,2026-05-28T14:00:00Z,2026-05-28,14:00,2,141.07,5.21,23.43,55.25,8.74,22.89,26.91,1.46
Londres,LON,GB,51.5074,-0.1278,2026-05-28T15:00:00Z,2026-05-28,15:00,2,141.49,5.22,26.44,53.31,9.85,24.41,28.14,1.53
Londres,LON,GB,51.5074,-0.1278,2026-05-28T16:00:00Z,2026-05-28,16:00,3,142.19,4.97,28.65,53.51,10.79,26.34,30.14,1.44
Londres,LON,GB,51.5074,-0.1278,2026-05-28T17:00:00Z,2026-05-28,17:00,3,142.07,4.1,28.57,59.47,10.03,27.97,32.4,1.35
Londres,LON,GB,51.5074,-0.1278,2026-05-28T18:00:00Z,2026-05-28,18:00,3,140.49,2.35,26.05,72.5,8.14,28.28,33.97,1.44
Londres,LON,GB,51.5074,-0.1278,2026-05-28T19:00:00Z,2026-05-28,19:00,3,136.02,0.83,22.4,86.32,6.42,25.23,32.32,1.62
Londres,LON,GB,51.5074,-0.1278,2026-05-28T20:00:00Z,2026-05-28,20:00,2,132.06,0.06,19.77,92.33,5.44,21.83,29.76,1.39
Londres,LON,GB,51.5074,-0.1278,2026-05-28T21:00:00Z,2026-05-28,21:00,2,129.57,0,17.13,94.05,5,19.68,27.76,0.98
Londres,LON,GB,51.5074,-0.1278,2026-05-28T22:00:00Z,2026-05-28,22:00,2,128.98,0,16.38,92.16,5.04,18.03,25.9,0.73
Londres,LON,GB,51.5074,-0.1278,2026-05-28T23:00:00Z,2026-05-28,23:00,2,128.75,0,18.83,82.82,5.54,17.11,24.58,0.66
Londres,LON,GB,51.5074,-0.1278,2026-05-29T00:00:00Z,2026-05-29,00:00,2,127.6,0,23.1,70.08,6.46,16.67,23.95,0.75
Londres,LON,GB,51.5074,-0.1278,2026-05-29T01:00:00Z,2026-05-29,01:00,2,126.91,0,28.03,58.61,7.64,16.9,24.55,0.97
Londres,LON,GB,51.5074,-0.1278,2026-05-29T02:00:00Z,2026-05-29,02:00,2,128.32,0,33.53,48.87,8.62,18.12,26.49,0.88
Londres,LON,GB,51.5074,-0.1278,2026-05-29T03:00:00Z,2026-05-29,03:00,2,130.65,0,39.33,40.57,9.57,20.21,29.89,0.72
Londres,LON,GB,51.5074,-0.1278,2026-05-29T04:00:00Z,2026-05-29,04:00,2,128.72,0,41.23,34.78,9.8,21.66,32.3,0.7
Londres,LON,GB,51.5074,-0.1278,2026-05-29T05:00:00Z,2026-05-29,05:00,2,124.45,0.13,38.87,32.65,9.42,21.51,32.71,0.83
Londres,LON,GB,51.5074,-0.1278,2026-05-29T06:00:00Z,2026-05-29,06:00,2,118.69,1.95,31.51,35.45,8.89,20.28,31.81,1.03
Londres,LON,GB,51.5074,-0.1278,2026-05-29T07:00:00Z,2026-05-29,07:00,2,113.51,3.17,24.33,39.51,8.15,18.21,29.58,1.16
Londres,LON,GB,51.5074,-0.1278,2026-05-29T08:00:00Z,2026-05-29,08:00,2,110.77,4.39,19.74,43.08,7.69,16.04,26.56,1.13
Londres,LON,GB,51.5074,-0.1278,2026-05-29T09:00:00Z,2026-05-29,09:00,2,109.6,5.62,17.35,45.39,7.94,14.19,23.76,1.13
Londres,LON,GB,51.5074,-0.1278,2026-05-29T10:00:00Z,2026-05-29,10:00,2,109.25,6.94,16.28,46.82,8.58,13.02,21.67,1.08
Londres,LON,GB,51.5074,-0.1278,2026-05-29T11:00:00Z,2026-05-29,11:00,2,109.26,8,16.16,47.7,9.04,12.14,19.82,0.94
Londres,LON,GB,51.5074,-0.1278,2026-05-29T12:00:00Z,2026-05-29,12:00,2,108.9,8.58,16.25,48.61,9.36,11.3,18.05,0.81
Londres,LON,GB,51.5074,-0.1278,2026-05-29T13:00:00Z,2026-05-29,13:00,2,107.87,6.64,19.21,46.51,8.98,10.18,15.69,0.67
Londres,LON,GB,51.5074,-0.1278,2026-05-29T14:00:00Z,2026-05-29,14:00,1,106.45,5.55,19.56,47.32,8.01,8.7,12.7,0.55
Londres,LON,GB,51.5074,-0.1278,2026-05-29T15:00:00Z,2026-05-29,15:00,1,105.03,4.33,19.16,50,7.13,7.12,9.88,0.51
Londres,LON,GB,51.5074,-0.1278,2026-05-29T16:00:00Z,2026-05-29,16:00,1,103.74,2.45,19.43,53.55,6.79,5.53,7.45,0.57
Londres,LON,GB,51.5074,-0.1278,2026-05-29T17:00:00Z,2026-05-29,17:00,1,103.48,1.5,20.15,55.04,7.08,4.46,6,0.66
Londres,LON,GB,51.5074,-0.1278,2026-05-29T18:00:00Z,2026-05-29,18:00,1,103.87,0.84,21.86,54.95,7.61,3.94,5.27,0.78
Londres,LON,GB,51.5074,-0.1278,2026-05-29T19:00:00Z,2026-05-29,19:00,1,105.09,0.4,23.94,54.69,8.06,3.75,4.94,0.9
Londres,LON,GB,51.5074,-0.1278,2026-05-29T20:00:00Z,2026-05-29,20:00,1,105.97,0.05,25.63,52.47,8.1,3.75,4.87,1.04
Londres,LON,GB,51.5074,-0.1278,2026-05-29T21:00:00Z,2026-05-29,21:00,1,106.94,0,26.36,48.67,7.88,3.77,4.91,1.26
Londres,LON,GB,51.5074,-0.1278,2026-05-29T22:00:00Z,2026-05-29,22:00,1,107.7,0,27.33,43.32,7.57,3.81,5.07,1.52
Londres,LON,GB,51.5074,-0.1278,2026-05-29T23:00:00Z,2026-05-29,23:00,1,108.44,0,28.61,37.25,7.4,3.88,5.34,1.8
Londres,LON,GB,51.5074,-0.1278,2026-05-30T00:00:00Z,2026-05-30,00:00,1,109.18,0,29.82,31.3,7.45,3.96,5.63,2.13
Londres,LON,GB,51.5074,-0.1278,2026-05-30T01:00:00Z,2026-05-30,01:00,1,109.71,0.01,30.47,26.74,7.74,4.04,5.96,2.44
Londres,LON,GB,51.5074,-0.1278,2026-05-30T02:00:00Z,2026-05-30,02:00,1,110.39,0.02,31.2,22.45,7.77,4.18,6.36,2.37
Londres,LON,GB,51.5074,-0.1278,2026-05-30T03:00:00Z,2026-05-30,03:00,1,110.99,0.03,31.53,18.52,7.66,4.33,6.69,2.14
Londres,LON,GB,51.5074,-0.1278,2026-05-30T04:00:00Z,2026-05-30,04:00,1,110.9,0.07,31.02,15.06,7.4,4.46,6.91,1.87
Londres,LON,GB,51.5074,-0.1278,2026-05-30T05:00:00Z,2026-05-30,05:00,1,111.05,0.6,29.67,12.81,7.22,4.63,7.19,1.62
Londres,LON,GB,51.5074,-0.1278,2026-05-30T06:00:00Z,2026-05-30,06:00,1,111.2,4.85,22.99,17.05,7.17,4.88,7.56,1.43
Londres,LON,GB,51.5074,-0.1278,2026-05-30T07:00:00Z,2026-05-30,07:00,1,111.56,8.73,17.31,21.19,7.12,5.18,7.99,1.3
Londres,LON,GB,51.5074,-0.1278,2026-05-30T08:00:00Z,2026-05-30,08:00,1,112.59,11.15,14.51,23.2,7.24,5.54,8.45,1.28
Londres,LON,GB,51.5074,-0.1278,2026-05-30T09:00:00Z,2026-05-30,09:00,1,113.99,12.66,13.36,24.82,7.69,6.01,9.03,1.35
Londres,LON,GB,51.5074,-0.1278,2026-05-30T10:00:00Z,2026-05-30,10:00,1,115.36,13.21,13.39,27.23,8.29,6.62,9.71,1.32
Londres,LON,GB,51.5074,-0.1278,2026-05-30T11:00:00Z,2026-05-30,11:00,1,116.33,13.4,14.02,29.33,8.83,7.34,10.45,1.17
Londres,LON,GB,51.5074,-0.1278,2026-05-30T12:00:00Z,2026-05-30,12:00,1,117.38,13.7,14.91,30.91,9.63,8.57,11.68,1.01
Londres,LON,GB,51.5074,-0.1278,2026-05-30T13:00:00Z,2026-05-30,13:00,1,119.39,14.46,16.57,31.94,10.73,9.89,13.16,0.97
Londres,LON,GB,51.5074,-0.1278,2026-05-30T14:00:00Z,2026-05-30,14:00,2,121.42,15.73,18.82,32.71,11.53,10.85,14.59,0.97
Londres,LON,GB,51.5074,-0.1278,2026-05-30T15:00:00Z,2026-05-30,15:00,2,123.09,15.93,20.66,35.88,11.72,12.02,16.59,0.89
Londres,LON,GB,51.5074,-0.1278,2026-05-30T16:00:00Z,2026-05-30,16:00,2,122.45,12.65,20.91,45.68,10.87,12.42,17.9,0.83
Londres,LON,GB,51.5074,-0.1278,2026-05-30T17:00:00Z,2026-05-30,17:00,2,118.76,7.08,19.69,60.4,9.2,10.94,16.89,0.79
Londres,LON,GB,51.5074,-0.1278,2026-05-30T18:00:00Z,2026-05-30,18:00,2,113.62,3.14,18.01,74.95,7.98,8.02,13.73,0.72
Londres,LON,GB,51.5074,-0.1278,2026-05-30T19:00:00Z,2026-05-30,19:00,2,109.22,0.85,16.73,84.67,7.45,5.28,9.9,0.73
Londres,LON,GB,51.5074,-0.1278,2026-05-30T20:00:00Z,2026-05-30,20:00,2,107.02,0.07,16.44,83.72,7.13,4.21,8.37,0.69
Londres,LON,GB,51.5074,-0.1278,2026-05-30T21:00:00Z,2026-05-30,21:00,2,106.19,0,15.08,82.29,6.87,4.13,8.33,0.76
Londres,LON,GB,51.5074,-0.1278,2026-05-30T22:00:00Z,2026-05-30,22:00,2,104.03,0,12.14,84.61,5.86,3.8,7.48,1.4
Londres,LON,GB,51.5074,-0.1278,2026-05-30T23:00:00Z,2026-05-30,23:00,2,103.12,0,11.65,81.23,5.7,3.47,6.65,2.22
Londres,LON,GB,51.5074,-0.1278,2026-05-31T00:00:00Z,2026-05-31,00:00,2,102.85,0,11.82,74.55,5.75,3.12,5.9,3
Londres,LON,GB,51.5074,-0.1278,2026-05-31T01:00:00Z,2026-05-31,01:00,2,103.01,0,11.71,68.86,5.66,2.75,5.2,3.39
Londres,LON,GB,51.5074,-0.1278,2026-05-31T02:00:00Z,2026-05-31,02:00,2,103.33,0,11.5,65.01,5.55,2.45,4.69,3.16
Londres,LON,GB,51.5074,-0.1278,2026-05-31T03:00:00Z,2026-05-31,03:00,2,103.65,0,11.29,62.14,5.44,2.32,4.48,2.72
Londres,LON,GB,51.5074,-0.1278,2026-05-31T04:00:00Z,2026-05-31,04:00,1,103.2,0,10.89,59.67,5.25,2.44,4.72,2.26
Londres,LON,GB,51.5074,-0.1278,2026-05-31T05:00:00Z,2026-05-31,05:00,1,102.99,0.01,10.72,58.16,5.14,2.85,5.65,1.84
Londres,LON,GB,51.5074,-0.1278,2026-05-31T06:00:00Z,2026-05-31,06:00,1,102.59,0.12,10.68,58.48,5.06,3.43,7.23,1.43
Londres,LON,GB,51.5074,-0.1278,2026-05-31T07:00:00Z,2026-05-31,07:00,1,102.53,0.29,10.98,59.48,5.15,3.98,8.95,0.99
Londres,LON,GB,51.5074,-0.1278,2026-05-31T08:00:00Z,2026-05-31,08:00,1,103.18,0.74,12.16,59.33,5.69,4.46,10.23,0.59
Londres,LON,GB,51.5074,-0.1278,2026-05-31T09:00:00Z,2026-05-31,09:00,1,104.01,1.31,12.74,59.17,6.04,4.76,10.57,0.35
Londres,LON,GB,51.5074,-0.1278,2026-05-31T10:00:00Z,2026-05-31,10:00,1,104.28,1.79,12.35,59.05,6.08,4.92,10.18,0.25
Londres,LON,GB,51.5074,-0.1278,2026-05-31T11:00:00Z,2026-05-31,11:00,1,104.09,1.96,11.26,59.72,5.89,4.87,9.25,0.25
Londres,LON,GB,51.5074,-0.1278,2026-05-31T12:00:00Z,2026-05-31,12:00,2,103.72,1.82,9.65,63.35,5.47,4.58,8.27,0.29
Londres,LON,GB,51.5074,-0.1278,2026-05-31T13:00:00Z,2026-05-31,13:00,2,103.99,1.68,7.4,71.42,4.9,4.06,7.55,0.32
Londres,LON,GB,51.5074,-0.1278,2026-05-31T14:00:00Z,2026-05-31,14:00,2,104.83,1.3,6.09,79.41,4.44,3.58,7.14,0.33
Londres,LON,GB,51.5074,-0.1278,2026-05-31T15:00:00Z,2026-05-31,15:00,2,105.01,1.08,5.42,84.24,4.11,3.32,7.04,0.29
Londres,LON,GB,51.5074,-0.1278,2026-05-31T16:00:00Z,2026-05-31,16:00,2,104.16,0.98,4.85,86.99,3.81,3.37,7.54,0.25
Londres,LON,GB,51.5074,-0.1278,2026-05-31T17:00:00Z,2026-05-31,17:00,2,102.73,0.85,4.92,87.98,3.79,3.83,9.2,0.2
Londres,LON,GB,51.5074,-0.1278,2026-05-31T18:00:00Z,2026-05-31,18:00,2,101.86,0.7,5.42,88.02,3.88,4.44,11.35,0.17
Londres,LON,GB,51.5074,-0.1278,2026-05-31T19:00:00Z,2026-05-31,19:00,2,101.76,0.38,6.53,86.51,4.07,4.96,12.96,0.16
Londres,LON,GB,51.5074,-0.1278,2026-05-31T20:00:00Z,2026-05-31,20:00,2,101.88,0.06,7.99,82.67,4.4,5.27,13.55,0.17
Londres,LON,GB,51.5074,-0.1278,2026-05-31T21:00:00Z,2026-05-31,21:00,2,102.1,0,8.71,77.55,4.65,5.3,13.11,0.25
Londres,LON,GB,51.5074,-0.1278,2026-05-31T22:00:00Z,2026-05-31,22:00,2,102.12,0,9.77,71.8,4.91,5.18,12.27,0.38
Londres,LON,GB,51.5074,-0.1278,2026-05-31T23:00:00Z,2026-05-31,23:00,2,102.59,0,11.59,65.79,5.39,5.15,11.67,0.48
Londres,LON,GB,51.5074,-0.1278,2026-06-01T00:00:00Z,2026-06-01,00:00,2,102.97,0,13.43,60.02,5.88,5.12,11.14,0.56
Londres,LON,GB,51.5074,-0.1278,2026-06-01T01:00:00Z,2026-06-01,01:00,1,103.39,0,15.09,55.03,6.4,5.19,10.91,0.57
Londres,LON,GB,51.5074,-0.1278,2026-06-01T02:00:00Z,2026-06-01,02:00,1,103.48,0,16.21,52.63,6.86,5.49,11.52,0.51
Londres,LON,GB,51.5074,-0.1278,2026-06-01T03:00:00Z,2026-06-01,03:00,1,103.58,0,16.3,53.35,7.07,5.96,13.01,0.41
Londres,LON,GB,51.5074,-0.1278,2026-06-01T04:00:00Z,2026-06-01,04:00,1,102.88,0,14.74,56.94,6.66,6.29,14.83,0.29
Londres,LON,GB,51.5074,-0.1278,2026-06-01T05:00:00Z,2026-06-01,05:00,2,102.51,0.01,12.66,62.25,5.99,6.26,16.11,0.17
Londres,LON,GB,51.5074,-0.1278,2026-06-01T06:00:00Z,2026-06-01,06:00,2,102.32,0.14,10.99,67.24,5.47,5.83,16.17,0.06
Londres,LON,GB,51.5074,-0.1278,2026-06-01T07:00:00Z,2026-06-01,07:00,2,102.11,0.35,8.86,71.51,4.8,5.13,15.11,0
Londres,LON,GB,51.5074,-0.1278,2026-06-01T08:00:00Z,2026-06-01,08:00,2,101.97,0.64,7.35,73.62,4.42,4.61,13.98,0
Londres,LON,GB,51.5074,-0.1278,2026-06-01T09:00:00Z,2026-06-01,09:00,2,101.75,0.91,6.17,75.33,4.22,4.42,13.37,0
Londres,LON,GB,51.5074,-0.1278,2026-06-01T10:00:00Z,2026-06-01,10:00,2,101.51,0.92,5.17,77.9,3.97,4.48,13.01,0
Londres,LON,GB,51.5074,-0.1278,2026-06-01T11:00:00Z,2026-06-01,11:00,2,101.54,0.84,4.71,80.63,3.85,4.62,12.52,0.02
Londres,LON,GB,51.5074,-0.1278,2026-06-01T12:00:00Z,2026-06-01,12:00,2,101.39,0.79,4.43,83.34,3.8,4.7,11.86,0.06
Londres,LON,GB,51.5074,-0.1278,2026-06-01T13:00:00Z,2026-06-01,13:00,2,101.75,0.81,4.8,85.08,4.01,4.78,11.29,0.15
Londres,LON,GB,51.5074,-0.1278,2026-06-01T14:00:00Z,2026-06-01,14:00,2,102,0.92,5.94,84.58,4.49,4.95,11.04,0.24
Londres,LON,GB,51.5074,-0.1278,2026-06-01T15:00:00Z,2026-06-01,15:00,2,102.14,1,7.12,83.3,4.78,4.98,10.56,0.32
Londres,LON,GB,51.5074,-0.1278,2026-06-01T16:00:00Z,2026-06-01,16:00,2,102.56,0.57,9.16,80.98,4.86,4.76,9.43,0.35
Londres,LON,GB,51.5074,-0.1278,2026-06-01T17:00:00Z,2026-06-01,17:00,2,102.59,0.38,10.73,78.11,4.79,4.31,7.85,0.35
Londres,LON,GB,51.5074,-0.1278,2026-06-01T18:00:00Z,2026-06-01,18:00,2,102.81,0.21,12.07,74.86,4.75,3.87,6.46,0.32
Londres,LON,GB,51.5074,-0.1278,2026-06-01T19:00:00Z,2026-06-01,19:00,2,104.01,0.05,13.37,71.66,4.49,3.45,5.05,0.26
Londres,LON,GB,51.5074,-0.1278,2026-06-01T20:00:00Z,2026-06-01,20:00,2,105.09,0.01,14.33,68.2,4.22,3.13,4.04,0.18
Londres,LON,GB,51.5074,-0.1278,2026-06-01T21:00:00Z,2026-06-01,21:00,2,106.17,0,15.24,64.82,4.12,2.93,3.55,0.14
Londres,LON,GB,51.5074,-0.1278,2026-06-01T22:00:00Z,2026-06-01,22:00,2,107.05,0,15.8,62.22,3.97,2.78,3.26,0.12
Londres,LON,GB,51.5074,-0.1278,2026-06-01T23:00:00Z,2026-06-01,23:00,2,107,0,15.17,60.15,3.65,2.55,3.01,0.11
Londres,LON,GB,51.5074,-0.1278,2026-06-02T00:00:00Z,2026-06-02,00:00,1,105.48,0,12.73,59.69,3.13,2.11,2.58,0.11
Londres,LON,GB,51.5074,-0.1278,2026-06-02T01:00:00Z,2026-06-02,01:00,2,103.12,0,8.99,60.86,2.42,1.54,1.99,0.09
Londres,LON,GB,51.5074,-0.1278,2026-06-02T02:00:00Z,2026-06-02,02:00,2,101.38,0,7.24,60.6,2.2,1.29,1.72,0.08
Londres,LON,GB,51.5074,-0.1278,2026-06-02T03:00:00Z,2026-06-02,03:00,1,100.28,0,6.96,58.16,2.19,1.24,1.66,0.07
Londres,LON,GB,51.5074,-0.1278,2026-06-02T04:00:00Z,2026-06-02,04:00,1,99.89,0,7.48,53.85,2.26,1.29,1.71,0.06
Londres,LON,GB,51.5074,-0.1278,2026-06-02T05:00:00Z,2026-06-02,05:00,1,99.94,0,8.4,48.84,2.47,1.47,2.01,0.05
Londres,LON,GB,51.5074,-0.1278,2026-06-02T06:00:00Z,2026-06-02,06:00,1,100.53,0.03,9.01,47.15,2.7,1.77,2.51,0.03
Londres,LON,GB,51.5074,-0.1278,2026-06-02T07:00:00Z,2026-06-02,07:00,1,101.93,0.14,8.43,50.91,3.04,2.09,3.37,0.04
Londres,LON,GB,51.5074,-0.1278,2026-06-02T08:00:00Z,2026-06-02,08:00,1,102.6,0.26,7.21,56.52,3.25,2.18,4.08,0.06
Londres,LON,GB,51.5074,-0.1278,2026-06-02T09:00:00Z,2026-06-02,09:00,2,102.99,0.37,5.91,62.47,3.11,2.03,4.13,0.09
Londres,LON,GB,51.5074,-0.1278,2026-06-02T10:00:00Z,2026-06-02,10:00,2,102.28,0.66,3.79,70.23,2.65,1.96,4.12,0.1
Londres,LON,GB,51.5074,-0.1278,2026-06-02T11:00:00Z,2026-06-02,11:00,2,102.2,0.65,2.67,77.67,2.45,2.18,4.91,0.1
Londres,LON,GB,51.5074,-0.1278,2026-06-02T12:00:00Z,2026-06-02,12:00,2,102.39,0.6,2.09,84.48,2.37,2.34,5.75,0.08
Londres,LON,GB,51.5074,-0.1278,2026-06-02T13:00:00Z,2026-06-02,13:00,2,102.48,0.51,1.77,89.02,2.2,2.16,5.66,0.05
Londres,LON,GB,51.5074,-0.1278,2026-06-02T14:00:00Z,2026-06-02,14:00,2,101.46,0.43,1.61,88.22,1.9,1.68,4.56,0.04
Londres,LON,GB,51.5074,-0.1278,2026-06-02T15:00:00Z,2026-06-02,15:00,2,100.9,0.39,1.55,85.47,1.68,1.3,3.65,0.05
Londres,LON,GB,51.5074,-0.1278,2026-06-02T16:00:00Z,2026-06-02,16:00,2,100.86,0.33,1.51,83.01,1.44,1.01,2.87,0.08
Londres,LON,GB,51.5074,-0.1278,2026-06-02T17:00:00Z,2026-06-02,17:00,2,100.62,0.31,1.66,80.54,1.39,0.88,2.51,0.12
Londres,LON,GB,51.5074,-0.1278,2026-06-02T18:00:00Z,2026-06-02,18:00,2,99.73,0.25,1.86,77.13,1.38,0.87,2.41,0.16
Londres,LON,GB,51.5074,-0.1278,2026-06-02T19:00:00Z,2026-06-02,19:00,2,99.29,0.14,2.19,73.16,1.44,0.94,2.51,0.22
Londres,LON,GB,51.5074,-0.1278,2026-06-02T20:00:00Z,2026-06-02,20:00,2,99.46,0.02,2.74,69.54,1.66,1.18,3.04,0.29
Londres,LON,GB,51.5074,-0.1278,2026-06-02T21:00:00Z,2026-06-02,21:00,2,100.27,0,3.05,67.72,1.84,1.36,3.46,0.36
Londres,LON,GB,51.5074,-0.1278,2026-06-02T22:00:00Z,2026-06-02,22:00,2,101.28,0,3.31,67.17,1.99,1.45,3.81,0.39
Londres,LON,GB,51.5074,-0.1278,2026-06-02T23:00:00Z,2026-06-02,23:00,2,102.13,0,3.57,66.93,2.15,1.56,4.35,0.39
Londres,LON,GB,51.5074,-0.1278,2026-06-03T00:00:00Z,2026-06-03,00:00,2,102.44,0,3.77,66.85,2.26,1.68,4.99,0.36
Londres,LON,GB,51.5074,-0.1278,2026-06-03T01:00:00Z,2026-06-03,01:00,2,102.24,0,3.84,66.91,2.31,1.77,5.5,0.32
Londres,LON,GB,51.5074,-0.1278,2026-06-03T02:00:00Z,2026-06-03,02:00,2,102.28,0,3.81,67.4,2.29,1.79,5.67,0.26
Londres,LON,GB,51.5074,-0.1278,2026-06-03T03:00:00Z,2026-06-03,03:00,2,102.13,0,3.72,67.9,2.27,1.76,5.61,0.2
Londres,LON,GB,51.5074,-0.1278,2026-06-03T04:00:00Z,2026-06-03,04:00,2,101.97,0,3.42,68.93,2.12,1.59,5.03,0.12
Londres,LON,GB,51.5074,-0.1278,2026-06-03T05:00:00Z,2026-06-03,05:00,2,102.52,0.01,3.3,69.95,2.06,1.43,4.46,0.05
Londres,LON,GB,51.5074,-0.1278,2026-06-03T06:00:00Z,2026-06-03,06:00,2,103.07,0.05,3.4,70.11,2.07,1.4,4.09,0.02
Londres,LON,GB,51.5074,-0.1278,2026-06-03T07:00:00Z,2026-06-03,07:00,2,103.58,0.08,3.52,70.4,2.1,1.51,4,0.01
Londres,LON,GB,51.5074,-0.1278,2026-06-03T08:00:00Z,2026-06-03,08:00,2,103.58,0.15,3.63,70.89,2.15,1.82,4.37,0.03
Londres,LON,GB,51.5074,-0.1278,2026-06-03T09:00:00Z,2026-06-03,09:00,2,103.4,0.21,3.56,71.3,2.12,2.18,4.77,0.11
Londres,LON,GB,51.5074,-0.1278,2026-06-03T10:00:00Z,2026-06-03,10:00,2,103.44,0.22,3.46,70.57,1.95,2.24,4.04,0.21
Londres,LON,GB,51.5074,-0.1278,2026-06-03T11:00:00Z,2026-06-03,11:00,2,102.95,0.24,3.36,69.02,1.71,2.16,3.39,0.23
Londres,LON,GB,51.5074,-0.1278,2026-06-03T12:00:00Z,2026-06-03,12:00,2,102.56,0.24,3.24,68.88,1.61,2.19,3.31,0.18
Londres,LON,GB,51.5074,-0.1278,2026-06-03T13:00:00Z,2026-06-03,13:00,2,102.65,0.38,2.87,70.68,1.67,2.7,4.29,0.14
Londres,LON,GB,51.5074,-0.1278,2026-06-03T14:00:00Z,2026-06-03,14:00,2,102.29,0.49,2.53,71.47,1.86,3.75,6.15,0.07
Londres,LON,GB,51.5074,-0.1278,2026-06-03T15:00:00Z,2026-06-03,15:00,2,101.84,0.55,2.21,71,2.08,4.94,8.77,0.02
Londres,LON,GB,51.5074,-0.1278,2026-06-03T16:00:00Z,2026-06-03,16:00,2,101.86,0.51,1.95,70.71,2.24,5.01,11.25,0
Londres,LON,GB,51.5074,-0.1278,2026-06-03T17:00:00Z,2026-06-03,17:00,2,102.07,0.42,1.96,70.8,2.2,3.84,10.93,0
Londres,LON,GB,51.5074,-0.1278,2026-06-03T18:00:00Z,2026-06-03,18:00,2,102.19,0.32,2.14,70.2,2.08,2.97,9.08,0.01
Londres,LON,GB,51.5074,-0.1278,2026-06-03T19:00:00Z,2026-06-03,19:00,2,102.4,0.15,2.42,70.06,1.97,2.65,7.77,0.01
Londres,LON,GB,51.5074,-0.1278,2026-06-03T20:00:00Z,2026-06-03,20:00,2,102.42,0.02,2.59,70.31,1.9,2.67,7.36,0.01
Londres,LON,GB,51.5074,-0.1278,2026-06-03T21:00:00Z,2026-06-03,21:00,2,102.9,0,2.54,70.71,1.83,2.91,7.36,0.01
Londres,LON,GB,51.5074,-0.1278,2026-06-03T22:00:00Z,2026-06-03,22:00,2,102.9,0,2.52,70.64,1.8,3.18,7.46,0.01
Londres,LON,GB,51.5074,-0.1278,2026-06-03T23:00:00Z,2026-06-03,23:00,2,103.15,0,2.6,70.39,1.8,3.38,7.34,0.02
Londres,LON,GB,51.5074,-0.1278,2026-06-04T00:00:00Z,2026-06-04,00:00,2,103.04,0,2.61,69.83,1.77,3.4,6.84,0.02
Londres,LON,GB,51.5074,-0.1278,2026-06-04T01:00:00Z,2026-06-04,01:00,2,102.72,0,2.52,69.87,1.67,3.22,6.02,0.02
Londres,LON,GB,51.5074,-0.1278,2026-06-04T02:00:00Z,2026-06-04,02:00,2,102.63,0,2.44,69.82,1.59,3.15,5.69,0.02
Londres,LON,GB,51.5074,-0.1278,2026-06-04T03:00:00Z,2026-06-04,03:00,2,102.55,0,2.42,69.6,1.57,3.13,5.62,0.02
Londres,LON,GB,51.5074,-0.1278,2026-06-04T04:00:00Z,2026-06-04,04:00,2,102.81,0,2.41,69.36,1.53,3.03,5.35,0.01
Londres,LON,GB,51.5074,-0.1278,2026-06-04T05:00:00Z,2026-06-04,05:00,2,103.04,0.01,2.43,68.22,1.5,2.84,4.86,0.01
Londres,LON,GB,51.5074,-0.1278,2026-06-04T06:00:00Z,2026-06-04,06:00,2,103.18,0.08,2.35,67.01,1.46,2.6,4.46,0.01
Londres,LON,GB,51.5074,-0.1278,2026-06-04T07:00:00Z,2026-06-04,07:00,2,103.15,0.18,2.13,67.36,1.4,2.25,3.94,0.01
Londres,LON,GB,51.5074,-0.1278,2026-06-04T08:00:00Z,2026-06-04,08:00,2,103.32,0.23,1.93,69.05,1.33,1.87,3.45,0.01
Londres,LON,GB,51.5074,-0.1278,2026-06-04T09:00:00Z,2026-06-04,09:00,2,103.67,0.24,1.74,70.28,1.26,1.52,2.97,0.01
Londres,LON,GB,51.5074,-0.1278,2026-06-04T10:00:00Z,2026-06-04,10:00,2,103.41,0.24,1.52,70.29,1.23,1.34,3.08,0.01
Londres,LON,GB,51.5074,-0.1278,2026-06-04T11:00:00Z,2026-06-04,11:00,2,102.46,0.26,1.37,70.1,1.28,1.27,3.37,0.02
Londres,LON,GB,51.5074,-0.1278,2026-06-04T12:00:00Z,2026-06-04,12:00,2,101.87,0.29,1.25,70.62,1.33,1.3,3.66,0.02
Londres,LON,GB,51.5074,-0.1278,2026-06-04T13:00:00Z,2026-06-04,13:00,2,101.87,0.31,1.12,71.87,1.35,1.37,4.03,0.02
Londres,LON,GB,51.5074,-0.1278,2026-06-04T14:00:00Z,2026-06-04,14:00,2,101.81,0.31,1.05,72.59,1.33,1.36,4.1,0.03
Londres,LON,GB,51.5074,-0.1278,2026-06-04T15:00:00Z,2026-06-04,15:00,2,101.76,0.31,1.04,72.86,1.29,1.28,3.89,0.03
Londres,LON,GB,51.5074,-0.1278,2026-06-04T16:00:00Z,2026-06-04,16:00,2,101.63,0.31,1.14,72.26,1.29,1.19,3.67,0.04
Londres,LON,GB,51.5074,-0.1278,2026-06-04T17:00:00Z,2026-06-04,17:00,2,101.78,0.3,1.4,71.21,1.35,1.14,3.57,0.06
Londres,LON,GB,51.5074,-0.1278,2026-06-04T18:00:00Z,2026-06-04,18:00,2,102.11,0.24,1.77,70.08,1.42,1.12,3.52,0.07
Londres,LON,GB,51.5074,-0.1278,2026-06-04T19:00:00Z,2026-06-04,19:00,2,102.09,0.13,2.22,68.96,1.51,1.1,3.44,0.09
Londres,LON,GB,51.5074,-0.1278,2026-06-04T20:00:00Z,2026-06-04,20:00,2,102.17,0.02,2.59,68.15,1.58,1.09,3.27,0.11
Londres,LON,GB,51.5074,-0.1278,2026-06-04T21:00:00Z,2026-06-04,21:00,2,102.26,0,2.74,67.58,1.63,1.12,3.17,0.14
Londres,LON,GB,51.5074,-0.1278,2026-06-04T22:00:00Z,2026-06-04,22:00,2,101.89,0,2.84,67.24,1.68,1.19,3.23,0.17
Londres,LON,GB,51.5074,-0.1278,2026-06-04T23:00:00Z,2026-06-04,23:00,2,102.07,0,2.96,67.23,1.77,1.37,3.61,0.21
Londres,LON,GB,51.5074,-0.1278,2026-06-05T00:00:00Z,2026-06-05,00:00,2,102.53,0,3.06,67.76,1.86,1.57,4.06,0.26
Londres,LON,GB,51.5074,-0.1278,2026-06-05T01:00:00Z,2026-06-05,01:00,2,102.82,0,3.01,69.01,1.86,1.65,4.18,0.28
Londres,LON,GB,51.5074,-0.1278,2026-06-05T02:00:00Z,2026-06-05,02:00,2,103.48,0,2.87,71.21,1.78,1.67,4.08,0.3
Londres,LON,GB,51.5074,-0.1278,2026-06-05T03:00:00Z,2026-06-05,03:00,2,103.86,0,2.68,73.57,1.68,1.66,3.93,0.3
Londres,LON,GB,51.5074,-0.1278,2026-06-05T04:00:00Z,2026-06-05,04:00,2,103.97,0,2.36,76.1,1.5,1.42,3.34,0.28
Londres,LON,GB,51.5074,-0.1278,2026-06-05T05:00:00Z,2026-06-05,05:00,2,104.54,0.01,2.16,78.63,1.37,1.07,2.48,0.23
Londres,LON,GB,51.5074,-0.1278,2026-06-05T06:00:00Z,2026-06-05,06:00,2,104.84,0.07,2.1,80.69,1.34,0.88,1.98,0.21
Londres,LON,GB,51.5074,-0.1278,2026-06-05T07:00:00Z,2026-06-05,07:00,2,104.74,0.19,1.99,82.33,1.38,0.76,1.75,0.2
Londres,LON,GB,51.5074,-0.1278,2026-06-05T08:00:00Z,2026-06-05,08:00,2,104.79,0.33,1.9,84.75,1.48,0.73,1.74,0.18
Londres,LON,GB,51.5074,-0.1278,2026-06-05T09:00:00Z,2026-06-05,09:00,2,104.94,0.42,1.77,87.89,1.59,0.78,1.9,0.18
Londres,LON,GB,51.5074,-0.1278,2026-06-05T10:00:00Z,2026-06-05,10:00,2,104.88,0.43,1.63,91.4,1.69,0.87,2.18,0.16
Londres,LON,GB,51.5074,-0.1278,2026-06-05T11:00:00Z,2026-06-05,11:00,2,105.26,0.4,1.51,95.22,1.77,1,2.48,0.12
Londres,LON,GB,51.5074,-0.1278,2026-06-05T12:00:00Z,2026-06-05,12:00,2,105.55,0.37,1.43,98.64,1.83,1.11,2.65,0.07
Londres,LON,GB,51.5074,-0.1278,2026-06-05T13:00:00Z,2026-06-05,13:00,3,105.74,0.35,1.4,101.18,1.87,1.17,2.65,0.03
Londres,LON,GB,51.5074,-0.1278,2026-06-05T14:00:00Z,2026-06-05,14:00,3,105.56,0.33,1.37,102.78,1.87,1.18,2.51,0.01
Londres,LON,GB,51.5074,-0.1278,2026-06-05T15:00:00Z,2026-06-05,15:00,3,105.2,0.32,1.38,103.58,1.85,1.16,2.39,0
Londres,LON,GB,51.5074,-0.1278,2026-06-05T16:00:00Z,2026-06-05,16:00,3,104.71,0.29,1.59,103.31,1.89,1.16,2.36,0.01
Londres,LON,GB,51.5074,-0.1278,2026-06-05T17:00:00Z,2026-06-05,17:00,3,104.66,0.25,2.27,101.43,2.14,1.23,2.45,0.04
Londres,LON,GB,51.5074,-0.1278,2026-06-05T18:00:00Z,2026-06-05,18:00,2,104.6,0.13,3.35,98.76,2.49,1.3,2.57,0.14
Londres,LON,GB,51.5074,-0.1278,2026-06-05T19:00:00Z,2026-06-05,19:00,2,105.19,0.03,5.6,95.15,3.47,1.49,2.89,0.24
Londres,LON,GB,51.5074,-0.1278,2026-06-05T20:00:00Z,2026-06-05,20:00,2,105.8,0.01,8.72,90.76,4.85,1.86,3.5,0.29
Londres,LON,GB,51.5074,-0.1278,2026-06-05T21:00:00Z,2026-06-05,21:00,2,105.94,0,10.02,87.16,5.24,2.05,3.77,0.35
Londres,LON,GB,51.5074,-0.1278,2026-06-05T22:00:00Z,2026-06-05,22:00,2,105.67,0,8.77,85.68,4.37,1.8,3.11,0.55
Londres,LON,GB,51.5074,-0.1278,2026-06-05T23:00:00Z,2026-06-05,23:00,2,105.29,0,6.69,84.8,3.39,1.36,2.22,0.76
Londres,LON,GB,51.5074,-0.1278,2026-06-06T00:00:00Z,2026-06-06,00:00,2,105.09,0,5.17,84.16,2.77,1.01,1.65,0.92
Londres,LON,GB,51.5074,-0.1278,2026-06-06T01:00:00Z,2026-06-06,01:00,2,104.54,0,3.38,85.43,1.8,0.67,1.08,0.99
Londres,LON,GB,51.5074,-0.1278,2026-06-06T02:00:00Z,2026-06-06,02:00,2,103.37,0,2.93,84.51,1.47,0.57,0.84,0.87
Londres,LON,GB,51.5074,-0.1278,2026-06-06T03:00:00Z,2026-06-06,03:00,2,102.39,0,2.64,83.27,1.26,0.51,0.79,0.68
Londres,LON,GB,51.5074,-0.1278,2026-06-06T04:00:00Z,2026-06-06,04:00,2,102.05,0,2.35,83.23,1.12,0.5,0.84,0.47
Londres,LON,GB,51.5074,-0.1278,2026-06-06T05:00:00Z,2026-06-06,05:00,2,101.91,0,2.33,82.63,1.11,0.56,0.99,0.32
Londres,LON,GB,51.5074,-0.1278,2026-06-06T06:00:00Z,2026-06-06,06:00,2,102.04,0.01,2.37,82.59,1.14,0.68,1.18,0.26
Londres,LON,GB,51.5074,-0.1278,2026-06-06T07:00:00Z,2026-06-06,07:00,2,102.46,0.07,2.49,83.26,1.22,0.83,1.44,0.26
Londres,LON,GB,51.5074,-0.1278,2026-06-06T08:00:00Z,2026-06-06,08:00,2,102.97,0.23,2.57,84.65,1.41,1.15,1.93,0.27
Londres,LON,GB,51.5074,-0.1278,2026-06-06T09:00:00Z,2026-06-06,09:00,2,103.57,0.4,2.47,86.11,1.67,1.98,3.29,0.22
Londres,LON,GB,51.5074,-0.1278,2026-06-06T10:00:00Z,2026-06-06,10:00,2,105.32,0.39,2.21,89.17,1.78,2.83,4.81,0.12
Londres,LON,GB,51.5074,-0.1278,2026-06-06T11:00:00Z,2026-06-06,11:00,2,105.55,0.26,1.96,91.18,1.62,2.78,4.61,0.05
Londres,LON,GB,51.5074,-0.1278,2026-06-06T12:00:00Z,2026-06-06,12:00,2,104.77,0.17,1.88,90.35,1.48,2.63,4.15,0.02
Londres,LON,GB,51.5074,-0.1278,2026-06-06T13:00:00Z,2026-06-06,13:00,2,104.36,0.11,1.8,89.53,1.43,2.83,4.59,0.01
Londres,LON,GB,51.5074,-0.1278,2026-06-06T14:00:00Z,2026-06-06,14:00,2,103.86,0.1,1.71,90.36,1.51,3.06,5.83,0.01
Londres,LON,GB,51.5074,-0.1278,2026-06-06T15:00:00Z,2026-06-06,15:00,2,103.73,0.09,1.65,91.2,1.62,3.27,7.66,0.01
Londres,LON,GB,51.5074,-0.1278,2026-06-06T16:00:00Z,2026-06-06,16:00,2,103.26,0.1,1.56,91.02,1.72,3.34,10.94,0.01
Londres,LON,GB,51.5074,-0.1278,2026-06-06T17:00:00Z,2026-06-06,17:00,2,103.07,0.08,1.64,89.45,1.81,3.22,13.33,0.02
Londres,LON,GB,51.5074,-0.1278,2026-06-06T18:00:00Z,2026-06-06,18:00,2,102.89,0.05,1.76,87.09,1.79,2.85,12.35,0.04
Londres,LON,GB,51.5074,-0.1278,2026-06-06T19:00:00Z,2026-06-06,19:00,2,102.82,0.04,1.88,84.74,1.77,2.56,11.35,0.05
Londres,LON,GB,51.5074,-0.1278,2026-06-06T20:00:00Z,2026-06-06,20:00,2,103.23,0.01,2.1,83.34,1.83,2.39,10.75,0.06
Londres,LON,GB,51.5074,-0.1278,2026-06-06T21:00:00Z,2026-06-06,21:00,2,103.46,0,2.28,83.21,1.89,2.33,10.46,0.07
Londres,LON,GB,51.5074,-0.1278,2026-06-06T22:00:00Z,2026-06-06,22:00,2,103.47,0,2.43,84.17,1.95,2.33,10.35,0.08
Londres,LON,GB,51.5074,-0.1278,2026-06-06T23:00:00Z,2026-06-06,23:00,2,103.47,0,2.54,86.07,1.98,2.32,10.12,0.09
Londres,LON,GB,51.5074,-0.1278,2026-06-07T00:00:00Z,2026-06-07,00:00,2,103.28,0,2.62,86.46,2.02,2.27,9.76,0.1
Londres,LON,GB,51.5074,-0.1278,2026-06-07T01:00:00Z,2026-06-07,01:00,2,103.18,0,2.71,84.71,2.04,2.16,9.17,0.1
Londres,LON,GB,51.5074,-0.1278,2026-06-07T02:00:00Z,2026-06-07,02:00,2,103.46,0,2.87,81.76,2.1,2.08,8.7,0.08
Londres,LON,GB,51.5074,-0.1278,2026-06-07T03:00:00Z,2026-06-07,03:00,2,104.19,0,3.05,79.36,2.2,2.04,8.26,0.05
Londres,LON,GB,51.5074,-0.1278,2026-06-07T04:00:00Z,2026-06-07,04:00,2,104.36,0,3.43,77.5,2.39,2,7.62,0.03
Londres,LON,GB,51.5074,-0.1278,2026-06-07T05:00:00Z,2026-06-07,05:00,2,104.4,0.01,4.11,76.34,2.73,2.05,7.26,0.01
Londres,LON,GB,51.5074,-0.1278,2026-06-07T06:00:00Z,2026-06-07,06:00,2,104.54,0.15,4.62,75.98,3,2.24,7.25,0.01
Londres,LON,GB,51.5074,-0.1278,2026-06-07T07:00:00Z,2026-06-07,07:00,2,104.3,0.38,4.79,76.08,3.18,2.54,7.57,0.01
Londres,LON,GB,51.5074,-0.1278,2026-06-07T08:00:00Z,2026-06-07,08:00,2,104.13,0.55,4.74,76.49,3.22,2.84,8.01,0.02
Londres,LON,GB,51.5074,-0.1278,2026-06-07T09:00:00Z,2026-06-07,09:00,2,103.77,0.63,4.49,77.7,3.17,3.03,8.28,0.04
Londres,LON,GB,51.5074,-0.1278,2026-06-07T10:00:00Z,2026-06-07,10:00,2,103.58,0.67,4.04,79.61,3.08,3.14,8.44,0.07
Londres,LON,GB,51.5074,-0.1278,2026-06-07T11:00:00Z,2026-06-07,11:00,2,103.19,0.72,3.54,82.31,3.07,3.25,8.65,0.08
Londres,LON,GB,51.5074,-0.1278,2026-06-07T12:00:00Z,2026-06-07,12:00,2,102.98,0.73,3.15,85.48,3.08,3.39,9.01,0.09
Londres,LON,GB,51.5074,-0.1278,2026-06-07T13:00:00Z,2026-06-07,13:00,2,102.75,0.72,3.21,88,3.27,3.59,9.48,0.12
Londres,LON,GB,51.5074,-0.1278,2026-06-07T14:00:00Z,2026-06-07,14:00,2,103.25,0.71,3.78,89.3,3.59,3.74,9.71,0.16
Londres,LON,GB,51.5074,-0.1278,2026-06-07T15:00:00Z,2026-06-07,15:00,2,103.66,0.65,4.48,90.21,3.84,3.78,9.61,0.2
Londres,LON,GB,51.5074,-0.1278,2026-06-07T16:00:00Z,2026-06-07,16:00,2,104.35,0.72,5.61,90.24,4.33,3.85,9.56,0.22
Londres,LON,GB,51.5074,-0.1278,2026-06-07T17:00:00Z,2026-06-07,17:00,2,105.4,0.7,8.22,87.72,5.19,4.08,9.86,0.23
Londres,LON,GB,51.5074,-0.1278,2026-06-07T18:00:00Z,2026-06-07,18:00,2,106.46,0.49,11.42,83.78,5.93,4.36,10.23,0.24
Londres,LON,GB,51.5074,-0.1278,2026-06-07T19:00:00Z,2026-06-07,19:00,2,107.73,0.12,14.72,79.23,6.57,4.66,10.54,0.23
Londres,LON,GB,51.5074,-0.1278,2026-06-07T20:00:00Z,2026-06-07,20:00,2,108.93,0.01,17.49,73.74,7.14,4.96,10.57,0.22
Londres,LON,GB,51.5074,-0.1278,2026-06-07T21:00:00Z,2026-06-07,21:00,2,109.48,0,19.99,67.86,7.61,5.27,10.5,0.21
Londres,LON,GB,51.5074,-0.1278,2026-06-07T22:00:00Z,2026-06-07,22:00,2,109.83,0,22.27,61.97,7.74,5.58,10.25,0.2
Londres,LON,GB,51.5074,-0.1278,2026-06-07T23:00:00Z,2026-06-07,23:00,1,109.89,0,23.84,56.63,7.63,5.72,9.79,0.21
Londres,LON,GB,51.5074,-0.1278,2026-06-08T00:00:00Z,2026-06-08,00:00,1,109.58,0,24.44,52.56,7.43,5.58,9.05,0.25
Londres,LON,GB,51.5074,-0.1278,2026-06-08T01:00:00Z,2026-06-08,01:00,1,108.79,0,23.51,50.4,7.07,5.18,8.04,0.32
Londres,LON,GB,51.5074,-0.1278,2026-06-08T02:00:00Z,2026-06-08,02:00,1,107.63,0,21.54,49.5,6.6,4.62,6.93,0.42
Londres,LON,GB,51.5074,-0.1278,2026-06-08T03:00:00Z,2026-06-08,03:00,1,106.28,0,18.88,49.79,6.12,4.04,5.92,0.53
Londres,LON,GB,51.5074,-0.1278,2026-06-08T04:00:00Z,2026-06-08,04:00,1,105.02,0,15.99,51.83,5.65,3.51,5.17,0.61
Londres,LON,GB,51.5074,-0.1278,2026-06-08T05:00:00Z,2026-06-08,05:00,1,103.76,0.01,13.49,54.25,5.14,2.98,4.57,0.62
Londres,LON,GB,51.5074,-0.1278,2026-06-08T06:00:00Z,2026-06-08,06:00,1,102.31,0.1,11.14,57.78,4.55,2.48,3.99,0.58
Londres,LON,GB,51.5074,-0.1278,2026-06-08T07:00:00Z,2026-06-08,07:00,2,101.34,0.2,8.14,63.68,3.61,2.01,3.34,0.52
Londres,LON,GB,51.5074,-0.1278,2026-06-08T08:00:00Z,2026-06-08,08:00,2,101.04,0.23,6.25,68.18,3.04,1.69,2.87,0.42
Londres,LON,GB,51.5074,-0.1278,2026-06-08T09:00:00Z,2026-06-08,09:00,2,100.93,0.23,4.89,72.59,2.59,1.46,2.49,0.32
Londres,LON,GB,51.5074,-0.1278,2026-06-08T10:00:00Z,2026-06-08,10:00,2,100.91,0.22,3.8,76.85,2.07,1.27,1.98,0.21
Londres,LON,GB,51.5074,-0.1278,2026-06-08T11:00:00Z,2026-06-08,11:00,2,101.07,0.36,4.06,78.02,2.18,1.33,1.93,0.13
Londres,LON,GB,51.5074,-0.1278,2026-06-08T12:00:00Z,2026-06-08,12:00,2,101.51,0.51,4.5,78.71,2.38,1.51,2.18,0.08
Londres,LON,GB,51.5074,-0.1278,2026-06-08T13:00:00Z,2026-06-08,13:00,2,101.82,0.74,4.52,79.92,2.6,1.81,2.79,0.07
Londres,LON,GB,51.5074,-0.1278,2026-06-08T14:00:00Z,2026-06-08,14:00,2,101.98,0.87,3.86,81.16,2.71,2.11,3.54,0.12
Londres,LON,GB,51.5074,-0.1278,2026-06-08T15:00:00Z,2026-06-08,15:00,2,102.06,0.82,2.98,81.62,2.59,2.16,3.74,0.25
Londres,LON,GB,51.5074,-0.1278,2026-06-08T16:00:00Z,2026-06-08,16:00,2,101.61,0.6,2.19,83.85,2.12,1.7,2.97,0.37
Londres,LON,GB,51.5074,-0.1278,2026-06-08T17:00:00Z,2026-06-08,17:00,2,101.38,0.4,1.93,87.45,1.78,1.15,2.19,0.41
Londres,LON,GB,51.5074,-0.1278,2026-06-08T18:00:00Z,2026-06-08,18:00,2,101.42,0.29,2.03,88.51,1.68,0.93,2.1,0.43
Londres,LON,GB,51.5074,-0.1278,2026-06-08T19:00:00Z,2026-06-08,19:00,2,101.9,0.14,2.13,87.5,1.54,0.83,2.12,0.43
Londres,LON,GB,51.5074,-0.1278,2026-06-08T20:00:00Z,2026-06-08,20:00,2,102.25,0.02,2.28,85.03,1.51,0.79,2.17,0.44
Londres,LON,GB,51.5074,-0.1278,2026-06-08T21:00:00Z,2026-06-08,21:00,2,102.42,0,2.27,82.64,1.49,0.76,2.19,0.45
Londres,LON,GB,51.5074,-0.1278,2026-06-08T22:00:00Z,2026-06-08,22:00,2,102.32,0,2.28,80.65,1.48,0.72,2.17,0.43
Londres,LON,GB,51.5074,-0.1278,2026-06-08T23:00:00Z,2026-06-08,23:00,2,102.14,0,2.32,79.77,1.5,0.71,2.17,0.38
Londres,LON,GB,51.5074,-0.1278,2026-06-09T00:00:00Z,2026-06-09,00:00,2,102.24,0,2.34,79.85,1.52,0.7,2.18,0.3
Londres,LON,GB,51.5074,-0.1278,2026-06-09T01:00:00Z,2026-06-09,01:00,2,101.38,0,2.34,80.3,1.49,0.69,2.09,0.21
Londres,LON,GB,51.5074,-0.1278,2026-06-09T02:00:00Z,2026-06-09,02:00,2,101.04,0,2.29,81.59,1.43,0.68,1.96,0.15
Londres,LON,GB,51.5074,-0.1278,2026-06-09T03:00:00Z,2026-06-09,03:00,2,100.98,0,2.2,82.41,1.35,0.69,1.88,0.11
Londres,LON,GB,51.5074,-0.1278,2026-06-09T04:00:00Z,2026-06-09,04:00,2,100.98,0,2.07,82.66,1.27,0.7,1.78,0.07
Londres,LON,GB,51.5074,-0.1278,2026-06-09T05:00:00Z,2026-06-09,05:00,2,101.24,0.01,2.03,81.92,1.23,0.67,1.62,0.05
Londres,LON,GB,51.5074,-0.1278,2026-06-09T06:00:00Z,2026-06-09,06:00,2,101.49,0.07,2.01,79.6,1.22,0.63,1.5,0.04
Londres,LON,GB,51.5074,-0.1278,2026-06-09T07:00:00Z,2026-06-09,07:00,2,100.84,0.17,1.91,77.05,1.23,0.61,1.41,0.03
Londres,LON,GB,51.5074,-0.1278,2026-06-09T08:00:00Z,2026-06-09,08:00,2,99.74,0.25,1.78,75.71,1.24,0.61,1.39,0.03
Londres,LON,GB,51.5074,-0.1278,2026-06-09T09:00:00Z,2026-06-09,09:00,2,99.01,0.28,1.6,75.8,1.23,0.64,1.43,0.03
Londres,LON,GB,51.5074,-0.1278,2026-06-09T10:00:00Z,2026-06-09,10:00,2,98.73,0.29,1.38,77.15,1.2,0.67,1.53,0.04
Londres,LON,GB,51.5074,-0.1278,2026-06-09T11:00:00Z,2026-06-09,11:00,2,99.29,0.31,1.19,78.74,1.2,0.7,1.62,0.04
Londres,LON,GB,51.5074,-0.1278,2026-06-09T12:00:00Z,2026-06-09,12:00,2,99.66,0.31,1.07,80.33,1.19,0.72,1.71,0.05
Londres,LON,GB,51.5074,-0.1278,2026-06-09T13:00:00Z,2026-06-09,13:00,2,100.01,0.29,1.02,81.59,1.19,0.75,1.87,0.06
Londres,LON,GB,51.5074,-0.1278,2026-06-09T14:00:00Z,2026-06-09,14:00,2,100.08,0.27,1.03,82.2,1.19,0.76,2,0.07
Londres,LON,GB,51.5074,-0.1278,2026-06-09T15:00:00Z,2026-06-09,15:00,2,100.33,0.25,1.08,82.9,1.19,0.74,2.06,0.07
Londres,LON,GB,51.5074,-0.1278,2026-06-09T16:00:00Z,2026-06-09,16:00,2,100.86,0.23,1.17,83.59,1.19,0.68,2.03,0.08
Londres,LON,GB,51.5074,-0.1278,2026-06-09T17:00:00Z,2026-06-09,17:00,2,101.3,0.18,1.39,83.02,1.21,0.63,1.98,0.09
Londres,LON,GB,51.5074,-0.1278,2026-06-09T18:00:00Z,2026-06-09,18:00,2,101.56,0.11,1.66,81.57,1.24,0.59,1.89,0.09
Londres,LON,GB,51.5074,-0.1278,2026-06-09T19:00:00Z,2026-06-09,19:00,2,101.84,0.05,1.88,80.06,1.23,0.53,1.67,0.1
Londres,LON,GB,51.5074,-0.1278,2026-06-09T20:00:00Z,2026-06-09,20:00,2,102.15,0.01,1.98,78.82,1.19,0.5,1.34,0.11
Londres,LON,GB,51.5074,-0.1278,2026-06-09T21:00:00Z,2026-06-09,21:00,2,102.46,0,1.99,77.81,1.16,0.5,1.12,0.12
Londres,LON,GB,51.5074,-0.1278,2026-06-09T22:00:00Z,2026-06-09,22:00,2,102.48,0,2.03,76.79,1.15,0.5,0.98,0.12
Londres,LON,GB,51.5074,-0.1278,2026-06-09T23:00:00Z,2026-06-09,23:00,2,102.75,0,2.15,75.75,1.2,0.5,0.91,0.13
Londres,LON,GB,51.5074,-0.1278,2026-06-10T00:00:00Z,2026-06-10,00:00,2,102.92,0,2.27,74.79,1.27,0.5,0.89,0.13
Londres,LON,GB,51.5074,-0.1278,2026-06-10T01:00:00Z,2026-06-10,01:00,2,102.68,0,2.35,73.94,1.32,0.5,0.93,0.13
Londres,LON,GB,51.5074,-0.1278,2026-06-10T02:00:00Z,2026-06-10,02:00,2,102.94,0,2.33,73.83,1.33,0.5,1.03,0.12
Londres,LON,GB,51.5074,-0.1278,2026-06-10T03:00:00Z,2026-06-10,03:00,2,103.11,0,2.27,73.97,1.32,0.52,1.16,0.11
Londres,LON,GB,51.5074,-0.1278,2026-06-10T04:00:00Z,2026-06-10,04:00,2,103.06,0,2.21,74.4,1.31,0.53,1.27,0.09
Londres,LON,GB,51.5074,-0.1278,2026-06-10T05:00:00Z,2026-06-10,05:00,2,103.18,0.01,2.19,75.37,1.31,0.53,1.35,0.08
Londres,LON,GB,51.5074,-0.1278,2026-06-10T06:00:00Z,2026-06-10,06:00,2,103.2,0.11,2.08,76.74,1.31,0.52,1.39,0.08
Londres,LON,GB,51.5074,-0.1278,2026-06-10T07:00:00Z,2026-06-10,07:00,2,103.12,0.23,1.87,78.58,1.32,0.5,1.35,0.08
Londres,LON,GB,51.5074,-0.1278,2026-06-10T08:00:00Z,2026-06-10,08:00,2,102.75,0.28,1.78,80.34,1.32,0.5,1.23,0.08
Londres,LON,GB,51.5074,-0.1278,2026-06-10T09:00:00Z,2026-06-10,09:00,2,102.01,0.28,1.73,81.54,1.32,0.5,1.07,0.08
Londres,LON,GB,51.5074,-0.1278,2026-06-10T10:00:00Z,2026-06-10,10:00,2,101.45,0.27,1.7,81.78,1.3,0.5,0.95,0.09
Londres,LON,GB,51.5074,-0.1278,2026-06-10T11:00:00Z,2026-06-10,11:00,2,101.06,0.25,1.63,81.6,1.27,0.5,0.87,0.1
Londres,LON,GB,51.5074,-0.1278,2026-06-10T12:00:00Z,2026-06-10,12:00,2,101.05,0.24,1.54,81.83,1.25,0.5,0.87,0.1
Londres,LON,GB,51.5074,-0.1278,2026-06-10T13:00:00Z,2026-06-10,13:00,2,100.92,0.23,1.42,82.68,1.23,0.5,0.96,0.1
Londres,LON,GB,51.5074,-0.1278,2026-06-10T14:00:00Z,2026-06-10,14:00,2,100.42,0.23,1.29,83.52,1.19,0.5,1.09,0.08
Londres,LON,GB,51.5074,-0.1278,2026-06-10T15:00:00Z,2026-06-10,15:00,2,99.54,0.24,1.21,84.36,1.14,0.5,1.18,0.08
Londres,LON,GB,51.5074,-0.1278,2026-06-10T16:00:00Z,2026-06-10,16:00,2,99.04,0.21,1.26,84.89,1.1,0.5,1.18,0.08
Londres,LON,GB,51.5074,-0.1278,2026-06-10T17:00:00Z,2026-06-10,17:00,2,99.49,0.15,1.49,82.33,1.07,0.5,1.06,0.11
Londres,LON,GB,51.5074,-0.1278,2026-06-10T18:00:00Z,2026-06-10,18:00,2,100.39,0.06,1.74,77.22,1.05,0.5,0.89,0.15
Londres,LON,GB,51.5074,-0.1278,2026-06-10T19:00:00Z,2026-06-10,19:00,2,100.76,0.02,1.92,73.01,1.06,0.5,0.75,0.2
Londres,LON,GB,51.5074,-0.1278,2026-06-10T20:00:00Z,2026-06-10,20:00,2,100.68,0.01,2.12,70.55,1.13,0.5,0.65,0.26
Londres,LON,GB,51.5074,-0.1278,2026-06-10T21:00:00Z,2026-06-10,21:00,2,100.78,0,2.34,69.28,1.23,0.5,0.59,0.32
Londres,LON,GB,51.5074,-0.1278,2026-06-10T22:00:00Z,2026-06-10,22:00,2,101.1,0,2.5,68.67,1.3,0.5,0.56,0.35
Londres,LON,GB,51.5074,-0.1278,2026-06-10T23:00:00Z,2026-06-10,23:00,2,101.46,0,2.5,68.65,1.3,0.5,0.56,0.34
Londres,LON,GB,51.5074,-0.1278,2026-06-11T00:00:00Z,2026-06-11,00:00,2,101.44,0,2.41,68.62,1.28,0.5,0.59,0.32
Londres,LON,GB,51.5074,-0.1278,2026-06-11T01:00:00Z,2026-06-11,01:00,2,101.24,0,2.31,68.43,1.28,0.5,0.65,0.29
Londres,LON,GB,51.5074,-0.1278,2026-06-11T02:00:00Z,2026-06-11,02:00,2,101.13,0,2.31,68.09,1.32,0.5,0.77,0.28
Londres,LON,GB,51.5074,-0.1278,2026-06-11T03:00:00Z,2026-06-11,03:00,2,101.3,0,2.36,67.82,1.39,0.54,0.97,0.28
Londres,LON,GB,51.5074,-0.1278,2026-06-11T04:00:00Z,2026-06-11,04:00,2,101.16,0,2.75,66.81,1.65,0.64,1.4,0.28
Londres,LON,GB,51.5074,-0.1278,2026-06-11T05:00:00Z,2026-06-11,05:00,2,101.72,0,3.54,65.53,2.11,0.91,2.15,0.31
Londres,LON,GB,51.5074,-0.1278,2026-06-11T06:00:00Z,2026-06-11,06:00,2,102.27,0.03,4.12,65.21,2.38,1.14,2.72,0.3
Londres,LON,GB,51.5074,-0.1278,2026-06-11T07:00:00Z,2026-06-11,07:00,2,102.83,0.09,4.31,65.93,2.35,1.21,2.65,0.23
Londres,LON,GB,51.5074,-0.1278,2026-06-11T08:00:00Z,2026-06-11,08:00,2,103.39,0.18,4.1,67.92,2.13,1.16,2.22,0.13
Londres,LON,GB,51.5074,-0.1278,2026-06-11T09:00:00Z,2026-06-11,09:00,2,104.32,0.29,3.75,70.64,2.01,1.15,2.03,0.05
Londres,LON,GB,51.5074,-0.1278,2026-06-11T10:00:00Z,2026-06-11,10:00,2,104.86,0.29,3.6,73.26,1.97,1.33,2.26,0.01
Londres,LON,GB,51.5074,-0.1278,2026-06-11T11:00:00Z,2026-06-11,11:00,2,105.28,0.3,3.61,75.63,2.03,1.79,3.1,0
Londres,LON,GB,51.5074,-0.1278,2026-06-11T12:00:00Z,2026-06-11,12:00,2,104.96,0.3,3.59,77.19,2.09,2.24,3.96,0
Londres,LON,GB,51.5074,-0.1278,2026-06-11T13:00:00Z,2026-06-11,13:00,2,104.31,0.21,3.62,77.21,2.11,2.6,4.87,0.02
Londres,LON,GB,51.5074,-0.1278,2026-06-11T14:00:00Z,2026-06-11,14:00,2,103.54,0.2,3.6,76.8,2.15,2.85,5.46,0.06
Londres,LON,GB,51.5074,-0.1278,2026-06-11T15:00:00Z,2026-06-11,15:00,2,102.48,0.17,3.52,77.82,2.13,3.14,5.88,0.07
Londres,LON,GB,51.5074,-0.1278,2026-06-11T16:00:00Z,2026-06-11,16:00,2,101.46,0.21,3.39,80.69,2.27,3.67,7.38,0.04
Londres,LON,GB,51.5074,-0.1278,2026-06-11T17:00:00Z,2026-06-11,17:00,2,100.2,0.16,3.61,82.55,2.52,4.23,9.29,0.01
Londres,LON,GB,51.5074,-0.1278,2026-06-11T18:00:00Z,2026-06-11,18:00,2,98.93,0.12,3.94,80.75,2.71,4.68,10.88,0
Londres,LON,GB,51.5074,-0.1278,2026-06-11T19:00:00Z,2026-06-11,19:00,2,98.45,0.07,4.57,75.65,2.96,5.07,11.85,0
Londres,LON,GB,51.5074,-0.1278,2026-06-11T20:00:00Z,2026-06-11,20:00,2,98.1,0.02,5.36,69.48,3.25,5.38,12.56,0
Londres,LON,GB,51.5074,-0.1278,2026-06-11T21:00:00Z,2026-06-11,21:00,2,97.39,0,5.76,63.34,3.37,5.34,12.42,0.01
Londres,LON,GB,51.5074,-0.1278,2026-06-11T22:00:00Z,2026-06-11,22:00,1,96.3,0,6.07,58.24,3.37,4.9,11.51,0.03
Londres,LON,GB,51.5074,-0.1278,2026-06-11T23:00:00Z,2026-06-11,23:00,1,95.32,0,6.28,54.12,3.35,4.37,10.47,0.05
Londres,LON,GB,51.5074,-0.1278,2026-06-12T00:00:00Z,2026-06-12,00:00,1,94.61,0,6.37,50.8,3.34,4.15,10.1,0.07
Londres,LON,GB,51.5074,-0.1278,2026-06-12T01:00:00Z,2026-06-12,01:00,1,93.97,0,6.34,48.11,3.32,4.13,10.06,0.09
Londres,LON,GB,51.5074,-0.1278,2026-06-12T02:00:00Z,2026-06-12,02:00,1,93.21,0,6.17,46.07,3.21,4.13,10,0.1
Londres,LON,GB,51.5074,-0.1278,2026-06-12T03:00:00Z,2026-06-12,03:00,1,92.64,0,5.84,44.71,3.01,3.96,9.43,0.1
Londres,LON,GB,51.5074,-0.1278,2026-06-12T04:00:00Z,2026-06-12,04:00,1,91.9,0,5.5,44.11,2.82,3.6,8.47,0.1
Londres,LON,GB,51.5074,-0.1278,2026-06-12T05:00:00Z,2026-06-12,05:00,1,91.73,0.01,5.87,43.53,2.98,3.53,8.33,0.1
Londres,LON,GB,51.5074,-0.1278,2026-06-12T06:00:00Z,2026-06-12,06:00,1,91.74,0.15,6.08,43.37,3.14,3.61,8.42,0.1
Londres,LON,GB,51.5074,-0.1278,2026-06-12T07:00:00Z,2026-06-12,07:00,1,91.48,0.59,5.78,43.94,3.28,3.69,8.49,0.1
Londres,LON,GB,51.5074,-0.1278,2026-06-12T08:00:00Z,2026-06-12,08:00,1,91.51,1.02,5.57,44.71,3.44,3.77,8.79,0.09
Londres,LON,GB,51.5074,-0.1278,2026-06-12T09:00:00Z,2026-06-12,09:00,1,91.45,1.35,5.33,45.8,3.59,3.85,9.32,0.07
Londres,LON,GB,51.5074,-0.1278,2026-06-12T10:00:00Z,2026-06-12,10:00,1,91.47,1.56,4.89,47.72,3.7,3.96,10,0.05
Londres,LON,GB,51.5074,-0.1278,2026-06-12T11:00:00Z,2026-06-12,11:00,1,91.19,1.59,4.19,51.06,3.68,4.07,10.62,0.02
Londres,LON,GB,51.5074,-0.1278,2026-06-12T12:00:00Z,2026-06-12,12:00,1,91.29,1.42,3.49,55.52,3.56,4.16,10.95,0.01
Londres,LON,GB,51.5074,-0.1278,2026-06-12T13:00:00Z,2026-06-12,13:00,2,91.65,1.17,2.97,60.25,3.43,4.26,11.37,0.01
Londres,LON,GB,51.5074,-0.1278,2026-06-12T14:00:00Z,2026-06-12,14:00,2,92.1,0.99,2.83,64.14,3.39,4.39,11.73,0
Londres,LON,GB,51.5074,-0.1278,2026-06-12T15:00:00Z,2026-06-12,15:00,2,92.64,0.88,2.95,66.44,3.41,4.5,11.88,0
Londres,LON,GB,51.5074,-0.1278,2026-06-12T16:00:00Z,2026-06-12,16:00,2,92.81,0.89,3.18,67.54,3.46,4.54,11.81,0
Londres,LON,GB,51.5074,-0.1278,2026-06-12T17:00:00Z,2026-06-12,17:00,2,93.06,0.89,3.65,66.88,3.52,4.63,11.84,0.01
Londres,LON,GB,51.5074,-0.1278,2026-06-12T18:00:00Z,2026-06-12,18:00,2,93.21,0.81,4.36,64.39,3.57,4.61,11.58,0.02
Londres,LON,GB,51.5074,-0.1278,2026-06-12T19:00:00Z,2026-06-12,19:00,1,93.2,0.5,5.48,59.81,3.6,4.31,10.58,0.04
Londres,LON,GB,51.5074,-0.1278,2026-06-12T20:00:00Z,2026-06-12,20:00,1,93.11,0.11,6.66,54.21,3.59,3.96,9.43,0.07
Londres,LON,GB,51.5074,-0.1278,2026-06-12T21:00:00Z,2026-06-12,21:00,1,93.11,0,7.11,49.84,3.57,3.7,8.49,0.1
Londres,LON,GB,51.5074,-0.1278,2026-06-12T22:00:00Z,2026-06-12,22:00,1,93.14,0,7.23,47.19,3.54,3.55,7.9,0.12
Londres,LON,GB,51.5074,-0.1278,2026-06-12T23:00:00Z,2026-06-12,23:00,1,93.18,0,7.16,45.54,3.45,3.44,7.44,0.14
Londres,LON,GB,51.5074,-0.1278,2026-06-13T00:00:00Z,2026-06-13,00:00,1,93.03,0,6.73,44.81,3.25,3.16,6.71,0.16
Londres,LON,GB,51.5074,-0.1278,2026-06-13T01:00:00Z,2026-06-13,01:00,1,93,0,5.42,45.95,2.69,2.68,5.52,0.2
Londres,LON,GB,51.5074,-0.1278,2026-06-13T02:00:00Z,2026-06-13,02:00,1,92.98,0,4.84,46.66,2.5,2.57,5.15,0.23
Londres,LON,GB,51.5074,-0.1278,2026-06-13T03:00:00Z,2026-06-13,03:00,1,93.43,0,4.79,47.1,2.55,2.8,5.51,0.25
Londres,LON,GB,51.5074,-0.1278,2026-06-13T04:00:00Z,2026-06-13,04:00,1,93.67,0,4.84,47.37,2.63,3.22,6.25,0.27
Londres,LON,GB,51.5074,-0.1278,2026-06-13T05:00:00Z,2026-06-13,05:00,1,93.99,0.02,5,47.51,2.77,3.69,7.12,0.3
Londres,LON,GB,51.5074,-0.1278,2026-06-13T06:00:00Z,2026-06-13,06:00,1,94.22,0.32,4.81,48.33,2.9,4.11,7.94,0.33
Londres,LON,GB,51.5074,-0.1278,2026-06-13T07:00:00Z,2026-06-13,07:00,1,94.44,0.83,4.48,49.51,3.15,4.45,8.67,0.36
Londres,LON,GB,51.5074,-0.1278,2026-06-13T08:00:00Z,2026-06-13,08:00,1,94.85,1.24,4.58,50.69,3.56,4.81,9.51,0.38
Londres,LON,GB,51.5074,-0.1278,2026-06-13T09:00:00Z,2026-06-13,09:00,1,95.36,1.48,4.65,53.3,3.91,5.2,10.55,0.42
Londres,LON,GB,51.5074,-0.1278,2026-06-13T10:00:00Z,2026-06-13,10:00,1,95.63,1.63,4.51,57.86,4.18,5.6,11.75,0.43
Londres,LON,GB,51.5074,-0.1278,2026-06-13T11:00:00Z,2026-06-13,11:00,2,95.77,1.74,4.35,63.87,4.43,6.1,13.17,0.41
Londres,LON,GB,51.5074,-0.1278,2026-06-13T12:00:00Z,2026-06-13,12:00,2,95.73,1.71,4.22,70.07,4.61,6.7,14.69,0.35
Londres,LON,GB,51.5074,-0.1278,2026-06-13T13:00:00Z,2026-06-13,13:00,2,95.85,1.65,4.24,75.53,4.78,7.32,16.15,0.29
Londres,LON,GB,51.5074,-0.1278,2026-06-13T14:00:00Z,2026-06-13,14:00,2,95.67,1.65,4.58,79.69,5.05,7.94,17.56,0.22
Londres,LON,GB,51.5074,-0.1278,2026-06-13T15:00:00Z,2026-06-13,15:00,2,95.68,1.66,5.05,82.57,5.28,8.47,18.8,0.17
Londres,LON,GB,51.5074,-0.1278,2026-06-13T16:00:00Z,2026-06-13,16:00,2,95.78,1.61,5.73,84.17,5.43,8.82,19.68,0.16
Londres,LON,GB,51.5074,-0.1278,2026-06-13T17:00:00Z,2026-06-13,17:00,2,95.61,1.49,6.6,84.02,5.49,8.94,20.04,0.16
Londres,LON,GB,51.5074,-0.1278,2026-06-13T18:00:00Z,2026-06-13,18:00,2,95.63,1.22,7.85,82.92,5.51,8.87,19.88,0.19
Londres,LON,GB,51.5074,-0.1278,2026-06-13T19:00:00Z,2026-06-13,19:00,2,96.02,0.68,9.68,80.95,5.59,8.55,19.11,0.24
Londres,LON,GB,51.5074,-0.1278,2026-06-13T20:00:00Z,2026-06-13,20:00,2,96.24,0.14,11.32,77.89,5.67,7.88,17.55,0.34
Londres,LON,GB,51.5074,-0.1278,2026-06-13T21:00:00Z,2026-06-13,21:00,2,96.74,0,11.6,73.4,5.66,6.93,15.56,0.53
Londres,LON,GB,51.5074,-0.1278,2026-06-13T22:00:00Z,2026-06-13,22:00,2,97.49,0,11.86,68.17,5.66,5.96,13.7,0.72
Londres,LON,GB,51.5074,-0.1278,2026-06-13T23:00:00Z,2026-06-13,23:00,2,98.12,0,12.1,62.18,5.64,5.13,12.18,0.86
Londres,LON,GB,51.5074,-0.1278,2026-06-14T00:00:00Z,2026-06-14,00:00,1,99.11,0,12.37,56.42,5.56,4.49,11,0.92
Londres,LON,GB,51.5074,-0.1278,2026-06-14T01:00:00Z,2026-06-14,01:00,1,99.82,0,12.85,50.97,5.56,4.05,10.04,0.9
Londres,LON,GB,51.5074,-0.1278,2026-06-14T02:00:00Z,2026-06-14,02:00,1,100.41,0,14.09,45.34,5.85,3.84,9.33,0.85
Londres,LON,GB,51.5074,-0.1278,2026-06-14T03:00:00Z,2026-06-14,03:00,1,100.35,0,15.29,40.42,6.21,3.68,8.68,0.83
Londres,LON,GB,51.5074,-0.1278,2026-06-14T04:00:00Z,2026-06-14,04:00,1,99.85,0.01,16.04,36.62,6.45,3.55,8.12,0.84
Londres,LON,GB,51.5074,-0.1278,2026-06-14T05:00:00Z,2026-06-14,05:00,1,99.27,0.25,16.22,34.58,6.69,3.47,7.81,0.89
Londres,LON,GB,51.5074,-0.1278,2026-06-14T06:00:00Z,2026-06-14,06:00,1,98.97,2.01,14.06,36.12,6.96,3.47,7.71,0.94
Londres,LON,GB,51.5074,-0.1278,2026-06-14T07:00:00Z,2026-06-14,07:00,1,98.81,3.93,11.62,38.24,7.15,3.53,7.71,0.97
Londres,LON,GB,51.5074,-0.1278,2026-06-14T08:00:00Z,2026-06-14,08:00,1,99.09,5.4,10.57,39.08,7.67,3.7,7.86,1
Londres,LON,GB,51.5074,-0.1278,2026-06-14T09:00:00Z,2026-06-14,09:00,1,100.01,6.49,10.22,39.83,8.6,3.98,8.19,1.04
Londres,LON,GB,51.5074,-0.1278,2026-06-14T10:00:00Z,2026-06-14,10:00,1,100.9,7.25,10.47,41.41,9.95,4.41,8.78,1.06
Londres,LON,GB,51.5074,-0.1278,2026-06-14T11:00:00Z,2026-06-14,11:00,1,101.67,8.08,11.37,43.06,11.86,5.15,9.87,1
Londres,LON,GB,51.5074,-0.1278,2026-06-14T12:00:00Z,2026-06-14,12:00,1,102.99,9.08,12.74,44.5,14.08,6.33,11.63,0.87
Londres,LON,GB,51.5074,-0.1278,2026-06-14T13:00:00Z,2026-06-14,13:00,1,104.49,10.04,14.73,45.93,16.28,7.64,13.75,0.74
Londres,LON,GB,51.5074,-0.1278,2026-06-14T14:00:00Z,2026-06-14,14:00,1,105.88,10.48,16.7,48.04,17.67,8.77,15.33,0.62
Londres,LON,GB,51.5074,-0.1278,2026-06-14T15:00:00Z,2026-06-14,15:00,1,106.9,9.89,18.55,51.69,18,9.46,15.89,0.54
Londres,LON,GB,51.5074,-0.1278,2026-06-14T16:00:00Z,2026-06-14,16:00,1,107.62,8.63,20.54,55.84,17.64,9.73,15.83,0.48
Londres,LON,GB,51.5074,-0.1278,2026-06-14T17:00:00Z,2026-06-14,17:00,1,107.87,6.9,22.85,59.74,16.99,9.69,15.27,0.42
Londres,LON,GB,51.5074,-0.1278,2026-06-14T18:00:00Z,2026-06-14,18:00,2,107.57,4.82,25.48,62.44,16.42,9.32,14.32,0.36
Londres,LON,GB,51.5074,-0.1278,2026-06-14T19:00:00Z,2026-06-14,19:00,2,107.88,2.6,28.62,62.92,16.04,8.83,13.32,0.3
Londres,LON,GB,51.5074,-0.1278,2026-06-14T20:00:00Z,2026-06-14,20:00,2,107.78,0.45,31.15,60.47,15.37,8.26,12.27,0.24
Londres,LON,GB,51.5074,-0.1278,2026-06-14T21:00:00Z,2026-06-14,21:00,1,107.78,0,29.75,59.12,14.42,7.68,11.3,0.18
Londres,LON,GB,51.5074,-0.1278,2026-06-14T22:00:00Z,2026-06-14,22:00,1,107.59,0,27.59,58.96,13.23,7.17,10.54,0.14
Londres,LON,GB,51.5074,-0.1278,2026-06-14T23:00:00Z,2026-06-14,23:00,1,107.12,0,25.12,59.12,11.73,6.85,10.12,0.12
Londres,LON,GB,51.5074,-0.1278,2026-06-15T00:00:00Z,2026-06-15,00:00,2,106.47,0,21.94,60.22,10.04,6.61,9.92,0.12
Londres,LON,GB,51.5074,-0.1278,2026-06-15T01:00:00Z,2026-06-15,01:00,2,105.24,0,17.54,63.44,8.02,6.27,9.69,0.14
Londres,LON,GB,51.5074,-0.1278,2026-06-15T02:00:00Z,2026-06-15,02:00,2,103.62,0,13.33,67.76,6.26,5.83,9.39,0.16
Londres,LON,GB,51.5074,-0.1278,2026-06-15T03:00:00Z,2026-06-15,03:00,2,102.27,0,10.01,70.44,5.03,5.4,9.04,0.19
Londres,LON,GB,51.5074,-0.1278,2026-06-15T04:00:00Z,2026-06-15,04:00,2,100.96,0,7.1,70.59,3.95,4.81,8.18,0.33
Londres,LON,GB,51.5074,-0.1278,2026-06-15T05:00:00Z,2026-06-15,05:00,2,100.15,0.01,6.39,65.46,3.66,4.28,7.27,0.45
Londres,LON,GB,51.5074,-0.1278,2026-06-15T06:00:00Z,2026-06-15,06:00,2,99.51,0.13,6.51,60.26,3.65,3.84,6.49,0.54
Londres,LON,GB,51.5074,-0.1278,2026-06-15T07:00:00Z,2026-06-15,07:00,1,99.24,0.37,6.47,56.83,3.66,3.56,5.94,0.6
Londres,LON,GB,51.5074,-0.1278,2026-06-15T08:00:00Z,2026-06-15,08:00,1,99.41,0.73,6.44,54.13,3.72,3.47,5.68,0.62
Londres,LON,GB,51.5074,-0.1278,2026-06-15T09:00:00Z,2026-06-15,09:00,1,100.13,1.11,6.4,52.03,3.78,3.55,5.7,0.63
Londres,LON,GB,51.5074,-0.1278,2026-06-15T10:00:00Z,2026-06-15,10:00,1,101.34,1.46,6.37,51.36,3.8,3.81,5.96,0.66
Londres,LON,GB,51.5074,-0.1278,2026-06-15T11:00:00Z,2026-06-15,11:00,1,103.3,1.65,6.54,52.62,3.91,4.37,6.61,0.71
Londres,LON,GB,51.5074,-0.1278,2026-06-15T12:00:00Z,2026-06-15,12:00,1,104.89,1.66,6.35,58.64,4.01,5.5,7.93,0.78
Londres,LON,GB,51.5074,-0.1278,2026-06-15T13:00:00Z,2026-06-15,13:00,2,106.86,1.95,5.61,69.95,4.17,7.59,10.4,0.76
Londres,LON,GB,51.5074,-0.1278,2026-06-15T14:00:00Z,2026-06-15,14:00,2,108.03,2.02,6.61,77.37,4.68,9.9,13.33,0.62
Londres,LON,GB,51.5074,-0.1278,2026-06-15T15:00:00Z,2026-06-15,15:00,2,108.55,2.53,8.54,78.54,5.47,11.44,15.71,0.52
Londres,LON,GB,51.5074,-0.1278,2026-06-15T16:00:00Z,2026-06-15,16:00,2,108.43,2.46,12.36,73.21,6.52,12.04,17.49,0.48
Londres,LON,GB,51.5074,-0.1278,2026-06-15T17:00:00Z,2026-06-15,17:00,2,107.11,2.17,17.12,65.87,7.74,11.9,18.37,0.43
Londres,LON,GB,51.5074,-0.1278,2026-06-15T18:00:00Z,2026-06-15,18:00,2,103.57,1.16,21.26,61.76,8.7,11.21,18.51,0.27
Londres,LON,GB,51.5074,-0.1278,2026-06-15T19:00:00Z,2026-06-15,19:00,2,98.16,0.2,19.87,67.5,8.21,9.58,17.15,0.11
Londres,LON,GB,51.5074,-0.1278,2026-06-15T20:00:00Z,2026-06-15,20:00,2,94.38,0.02,15.65,75.3,7.23,8.37,16.07,0.03
Londres,LON,GB,51.5074,-0.1278,2026-06-15T21:00:00Z,2026-06-15,21:00,2,92.35,0,12.75,77.9,6.62,7.84,16.04,0.01
Londres,LON,GB,51.5074,-0.1278,2026-06-15T22:00:00Z,2026-06-15,22:00,2,91.13,0,11.3,76.22,6.01,7.53,16.07,0.02
Londres,LON,GB,51.5074,-0.1278,2026-06-15T23:00:00Z,2026-06-15,23:00,2,90.82,0,12.21,70.44,6.11,7.59,16.47,0.03
Londres,LON,GB,51.5074,-0.1278,2026-06-16T00:00:00Z,2026-06-16,00:00,2,90.96,0,13.72,63.79,6.37,7.91,16.86,0.07
Londres,LON,GB,51.5074,-0.1278,2026-06-16T01:00:00Z,2026-06-16,01:00,1,91.41,0,14.99,57.05,6.35,8.39,16.68,0.14
Londres,LON,GB,51.5074,-0.1278,2026-06-16T02:00:00Z,2026-06-16,02:00,1,92.06,0,16.05,50.63,6.28,8.87,16.38,0.26
Londres,LON,GB,51.5074,-0.1278,2026-06-16T03:00:00Z,2026-06-16,03:00,1,92.7,0,16.74,45.6,6.28,9.11,16.01,0.37
Londres,LON,GB,51.5074,-0.1278,2026-06-16T04:00:00Z,2026-06-16,04:00,1,93.18,0,16.82,42.46,6.42,9,15.42,0.44
Londres,LON,GB,51.5074,-0.1278,2026-06-16T05:00:00Z,2026-06-16,05:00,1,93.5,0.07,16.41,40.78,6.52,8.51,14.27,0.49
Londres,LON,GB,51.5074,-0.1278,2026-06-16T06:00:00Z,2026-06-16,06:00,1,93.81,0.78,14.61,41.07,6.44,7.67,12.55,0.51
Londres,LON,GB,51.5074,-0.1278,2026-06-16T07:00:00Z,2026-06-16,07:00,1,93.85,1.74,12.12,42.12,6.2,6.69,10.63,0.53
Londres,LON,GB,51.5074,-0.1278,2026-06-16T08:00:00Z,2026-06-16,08:00,1,93.72,2.76,10.29,42.65,6.18,5.84,9.11,0.53
Londres,LON,GB,51.5074,-0.1278,2026-06-16T09:00:00Z,2026-06-16,09:00,1,93.03,3.62,8.81,42.95,6.15,5.14,8.04,0.52
Londres,LON,GB,51.5074,-0.1278,2026-06-16T10:00:00Z,2026-06-16,10:00,1,92.04,3.95,8,43.32,6.09,4.63,7.4,0.49
Londres,LON,GB,51.5074,-0.1278,2026-06-16T11:00:00Z,2026-06-16,11:00,1,91.59,4.15,7.88,44.11,6.25,4.37,7.3,0.42
Londres,LON,GB,51.5074,-0.1278,2026-06-16T12:00:00Z,2026-06-16,12:00,1,91.68,4.12,7.81,46.16,6.34,4.31,7.6,0.3
Londres,LON,GB,51.5074,-0.1278,2026-06-16T13:00:00Z,2026-06-16,13:00,1,91.77,3.75,7.99,49.32,6.31,4.44,8.3,0.16
Londres,LON,GB,51.5074,-0.1278,2026-06-16T14:00:00Z,2026-06-16,14:00,1,91.68,3.21,8.09,53.19,6.07,4.65,9.1,0.03
Londres,LON,GB,51.5074,-0.1278,2026-06-16T15:00:00Z,2026-06-16,15:00,1,91.31,2.65,8.02,56.35,5.78,4.79,9.7,0
Londres,LON,GB,51.5074,-0.1278,2026-06-16T16:00:00Z,2026-06-16,16:00,1,90.66,2.13,7.98,57.41,5.46,4.76,9.8,0
Londres,LON,GB,51.5074,-0.1278,2026-06-16T17:00:00Z,2026-06-16,17:00,1,90.28,1.73,8.75,56.14,5.42,4.68,9.49,0
Londres,LON,GB,51.5074,-0.1278,2026-06-16T18:00:00Z,2026-06-16,18:00,1,90.08,1.27,10.15,54,5.43,4.57,8.83,0.02
Londres,LON,GB,51.5074,-0.1278,2026-06-16T19:00:00Z,2026-06-16,19:00,1,90.07,0.63,12.06,51.55,5.55,4.48,8.25,0.02
Londres,LON,GB,51.5074,-0.1278,2026-06-16T20:00:00Z,2026-06-16,20:00,1,90.07,0.11,13.83,49.22,5.75,4.47,8.08,0.03
Londres,LON,GB,51.5074,-0.1278,2026-06-16T21:00:00Z,2026-06-16,21:00,1,90.34,0,14.44,48.27,5.88,4.48,8.11,0.02
Londres,LON,GB,51.5074,-0.1278,2026-06-16T22:00:00Z,2026-06-16,22:00,1,90.71,0,14.57,48.19,5.93,4.51,8.21,0.02
Londres,LON,GB,51.5074,-0.1278,2026-06-16T23:00:00Z,2026-06-16,23:00,1,91.43,0,14.75,48.02,6.03,4.65,8.5,0.02
Londres,LON,GB,51.5074,-0.1278,2026-06-17T00:00:00Z,2026-06-17,00:00,1,91.97,0,15,47.31,6.14,4.86,8.96,0.02
Londres,LON,GB,51.5074,-0.1278,2026-06-17T01:00:00Z,2026-06-17,01:00,1,92.41,0,15.27,46.19,6.01,5.08,9.21,0.03
Londres,LON,GB,51.5074,-0.1278,2026-06-17T02:00:00Z,2026-06-17,02:00,1,92.93,0,15.68,44.99,5.89,5.26,9.28,0.08
Londres,LON,GB,51.5074,-0.1278,2026-06-17T03:00:00Z,2026-06-17,03:00,1,93.44,0,16.15,43.83,5.87,5.46,9.32,0.15
Londres,LON,GB,51.5074,-0.1278,2026-06-17T04:00:00Z,2026-06-17,04:00,1,94.16,0,16.65,42.68,5.91,5.68,9.39,0.23
Londres,LON,GB,51.5074,-0.1278,2026-06-17T05:00:00Z,2026-06-17,05:00,1,94.35,0.01,17.18,41.14,5.88,5.85,9.28,0.3
Londres,LON,GB,51.5074,-0.1278,2026-06-17T06:00:00Z,2026-06-17,06:00,1,94.44,0.13,17.6,40,5.81,5.97,9.14,0.36
Londres,LON,GB,51.5074,-0.1278,2026-06-17T07:00:00Z,2026-06-17,07:00,1,94.55,0.41,17.51,39.7,5.7,6.01,8.98,0.4
Londres,LON,GB,51.5074,-0.1278,2026-06-17T08:00:00Z,2026-06-17,08:00,1,94.49,0.79,16.59,40.81,5.63,5.93,8.92,0.36
Londres,LON,GB,51.5074,-0.1278,2026-06-17T09:00:00Z,2026-06-17,09:00,1,94.53,1.1,14.96,43.59,5.51,5.71,8.77,0.26
Londres,LON,GB,51.5074,-0.1278,2026-06-17T10:00:00Z,2026-06-17,10:00,1,94.1,1.51,12.83,47.27,5.49,5.47,8.8,0.16
Londres,LON,GB,51.5074,-0.1278,2026-06-17T11:00:00Z,2026-06-17,11:00,1,93.77,1.5,11.4,50.49,5.43,5.28,9.05,0.09
Londres,LON,GB,51.5074,-0.1278,2026-06-17T12:00:00Z,2026-06-17,12:00,1,93.43,1.5,9.55,55.05,5.16,5.04,9.38,0.04
Londres,LON,GB,51.5074,-0.1278,2026-06-17T13:00:00Z,2026-06-17,13:00,2,92.92,1.84,6,63.85,4.55,4.75,9.7,0
Londres,LON,GB,51.5074,-0.1278,2026-06-17T14:00:00Z,2026-06-17,14:00,2,92.89,1.43,5.28,70.45,4.54,4.92,10.87,0
Londres,LON,GB,51.5074,-0.1278,2026-06-17T15:00:00Z,2026-06-17,15:00,2,93.32,1.25,5.26,75,4.66,5.1,11.64,0
Londres,LON,GB,51.5074,-0.1278,2026-06-17T16:00:00Z,2026-06-17,16:00,2,93.42,1.37,5.94,76.59,5.07,5.29,12.18,0
Londres,LON,GB,51.5074,-0.1278,2026-06-17T17:00:00Z,2026-06-17,17:00,2,93.75,1.6,7.49,76.4,5.76,5.68,12.86,0.01
Londres,LON,GB,51.5074,-0.1278,2026-06-17T18:00:00Z,2026-06-17,18:00,2,93.9,1.61,9.39,75.27,6.31,5.96,13.11,0.02
Londres,LON,GB,51.5074,-0.1278,2026-06-17T19:00:00Z,2026-06-17,19:00,2,94.36,1.08,12.19,72.58,6.81,6.19,13.24,0.02
Londres,LON,GB,51.5074,-0.1278,2026-06-17T20:00:00Z,2026-06-17,20:00,2,94.67,0.24,15.1,68.89,7.18,6.32,13.31,0.02
Londres,LON,GB,51.5074,-0.1278,2026-06-17T21:00:00Z,2026-06-17,21:00,2,95.26,0,15.93,65.91,7.33,6.35,13.25,0.02
Londres,LON,GB,51.5074,-0.1278,2026-06-17T22:00:00Z,2026-06-17,22:00,2,95.47,0,16.3,63.15,7.35,6.35,13.24,0.02
Londres,LON,GB,51.5074,-0.1278,2026-06-17T23:00:00Z,2026-06-17,23:00,2,95.94,0,17.1,60.07,7.47,6.43,13.42,0.02
Londres,LON,GB,51.5074,-0.1278,2026-06-18T00:00:00Z,2026-06-18,00:00,1,96.41,0,18.41,56.4,7.67,6.62,13.73,0.02
Londres,LON,GB,51.5074,-0.1278,2026-06-18T01:00:00Z,2026-06-18,01:00,1,96.95,0,20.44,51.96,7.93,6.93,14.16,0.02
Londres,LON,GB,51.5074,-0.1278,2026-06-18T02:00:00Z,2026-06-18,02:00,1,97.65,0,23.31,46.67,8.25,7.38,14.68,0.03
Londres,LON,GB,51.5074,-0.1278,2026-06-18T03:00:00Z,2026-06-18,03:00,1,98.44,0,26.07,41.67,8.6,7.86,15.16,0.04
Londres,LON,GB,51.5074,-0.1278,2026-06-18T04:00:00Z,2026-06-18,04:00,1,99.51,0,28.75,37.11,8.9,8.39,15.55,0.05
Londres,LON,GB,51.5074,-0.1278,2026-06-18T05:00:00Z,2026-06-18,05:00,1,100.41,0.05,31.36,32.92,9.13,8.94,15.79,0.06
Londres,LON,GB,51.5074,-0.1278,2026-06-18T06:00:00Z,2026-06-18,06:00,1,101.49,0.68,33.39,30.02,9.41,9.53,16.02,0.07
Londres,LON,GB,51.5074,-0.1278,2026-06-18T07:00:00Z,2026-06-18,07:00,2,102.66,2.71,33.38,29.31,9.65,10.26,16.32,0.07
Londres,LON,GB,51.5074,-0.1278,2026-06-18T08:00:00Z,2026-06-18,08:00,2,103.93,5.87,32.24,29.66,10.08,11.08,16.75,0.06
Londres,LON,GB,51.5074,-0.1278,2026-06-18T09:00:00Z,2026-06-18,09:00,2,105.38,9.77,30.23,31.13,11.17,11.86,17.24,0.05
Londres,LON,GB,51.5074,-0.1278,2026-06-18T10:00:00Z,2026-06-18,10:00,2,106.53,9.58,33.77,27.41,12.39,12.57,17.42,0.05
Londres,LON,GB,51.5074,-0.1278,2026-06-18T11:00:00Z,2026-06-18,11:00,2,106.93,10.52,33.45,28.2,12.7,13.4,17.45,0.03
Londres,LON,GB,51.5074,-0.1278,2026-06-18T12:00:00Z,2026-06-18,12:00,2,106.31,10.41,31.76,30.96,11.97,13.96,17.14,0.02
Londres,LON,GB,51.5074,-0.1278,2026-06-18T13:00:00Z,2026-06-18,13:00,2,104.58,10.73,25.4,39.3,10.25,12.91,15.3,0.02
Londres,LON,GB,51.5074,-0.1278,2026-06-18T14:00:00Z,2026-06-18,14:00,2,103.3,10.2,21.01,44.11,8.46,11.89,13.84,0.01
Londres,LON,GB,51.5074,-0.1278,2026-06-18T15:00:00Z,2026-06-18,15:00,2,102.21,9.13,17.82,48.01,7.07,11.19,12.98,0
Londres,LON,GB,51.5074,-0.1278,2026-06-18T16:00:00Z,2026-06-18,16:00,2,101.39,7.97,15.53,52.14,6.37,10.81,12.69,0
Londres,LON,GB,51.5074,-0.1278,2026-06-18T17:00:00Z,2026-06-18,17:00,2,100.75,6.47,15.29,54.09,6.21,10.57,12.48,0
Londres,LON,GB,51.5074,-0.1278,2026-06-18T18:00:00Z,2026-06-18,18:00,2,100.03,4.9,16.09,54.67,6.21,10.15,12.04,0
Londres,LON,GB,51.5074,-0.1278,2026-06-18T19:00:00Z,2026-06-18,19:00,1,99.62,2.77,18.35,53.08,6.29,9.52,11.32,0.02
Londres,LON,GB,51.5074,-0.1278,2026-06-18T20:00:00Z,2026-06-18,20:00,1,98.88,0.64,21.49,49.43,6.48,8.85,10.51,0.05
Londres,LON,GB,51.5074,-0.1278,2026-06-18T21:00:00Z,2026-06-18,21:00,1,98.7,0.01,22.92,46.45,6.81,8.37,9.87,0.06
Londres,LON,GB,51.5074,-0.1278,2026-06-18T22:00:00Z,2026-06-18,22:00,1,98.7,0.02,23.95,43.79,7.14,8.09,9.47,0.06
Londres,LON,GB,51.5074,-0.1278,2026-06-18T23:00:00Z,2026-06-18,23:00,1,98.6,0.02,25.08,40.73,7.3,7.92,9.21,0.07
Londres,LON,GB,51.5074,-0.1278,2026-06-19T00:00:00Z,2026-06-19,00:00,1,98.33,0.04,26.32,36.48,7.38,7.88,9.13,0.09
Londres,LON,GB,51.5074,-0.1278,2026-06-19T01:00:00Z,2026-06-19,01:00,1,98.01,0.06,28.35,30.9,7.52,8.03,9.25,0.1
Londres,LON,GB,51.5074,-0.1278,2026-06-19T02:00:00Z,2026-06-19,02:00,1,98.19,0.21,32.9,23.62,7.76,8.65,9.84,0.11
Londres,LON,GB,51.5074,-0.1278,2026-06-19T03:00:00Z,2026-06-19,03:00,1,99.29,0.59,39.13,15.74,8.36,9.77,10.98,0.1
Londres,LON,GB,51.5074,-0.1278,2026-06-19T04:00:00Z,2026-06-19,04:00,2,101.6,0.64,46.94,8.82,9.2,11.48,12.81,0.07
Londres,LON,GB,51.5074,-0.1278,2026-06-19T05:00:00Z,2026-06-19,05:00,2,103.67,1.78,51.7,7.23,9.84,13.17,14.65,0.04
Londres,LON,GB,51.5074,-0.1278,2026-06-19T06:00:00Z,2026-06-19,06:00,2,105.48,8.75,44.52,16.7,10.5,14.38,16,0.07
Londres,LON,GB,51.5074,-0.1278,2026-06-19T07:00:00Z,2026-06-19,07:00,2,105.12,12.91,35.93,24.74,11.72,14.79,16.49,0.1
Londres,LON,GB,51.5074,-0.1278,2026-06-19T08:00:00Z,2026-06-19,08:00,2,105.06,14.11,29.54,29.78,12.32,14.2,16,0.14
Londres,LON,GB,51.5074,-0.1278,2026-06-19T09:00:00Z,2026-06-19,09:00,2,104.91,14.03,24.88,33.6,12.75,13.3,15.23,0.16
Londres,LON,GB,51.5074,-0.1278,2026-06-19T10:00:00Z,2026-06-19,10:00,2,105.01,13.2,21.44,37.62,13.18,12.38,14.44,0.17
Londres,LON,GB,51.5074,-0.1278,2026-06-19T11:00:00Z,2026-06-19,11:00,2,104.92,11.81,18.89,42.53,13.39,11.75,13.96,0.14
Londres,LON,GB,51.5074,-0.1278,2026-06-19T12:00:00Z,2026-06-19,12:00,2,104.46,9.97,16.9,48.42,13.2,11.33,13.72,0.09
Londres,LON,GB,51.5074,-0.1278,2026-06-19T13:00:00Z,2026-06-19,13:00,2,103.6,7.83,15.46,55.24,12.26,10.96,13.53,0.04
Londres,LON,GB,51.5074,-0.1278,2026-06-19T14:00:00Z,2026-06-19,14:00,2,102.25,5.78,14.2,61.8,10.72,10.45,13.1,0.01
Londres,LON,GB,51.5074,-0.1278,2026-06-19T15:00:00Z,2026-06-19,15:00,2,101.26,4.27,13.08,67.18,9.44,9.88,12.48,0
Londres,LON,GB,51.5074,-0.1278,2026-06-19T16:00:00Z,2026-06-19,16:00,2,100.37,3.17,11.24,71.21,8.07,8.76,11.2,0
Londres,LON,GB,51.5074,-0.1278,2026-06-19T17:00:00Z,2026-06-19,17:00,2,99.66,2.49,10.45,72.34,7.11,7.74,10.11,0
Londres,LON,GB,51.5074,-0.1278,2026-06-19T18:00:00Z,2026-06-19,18:00,2,98.77,1.84,10.08,71.27,6.29,6.56,8.81,0
Londres,LON,GB,51.5074,-0.1278,2026-06-19T19:00:00Z,2026-06-19,19:00,2,97.68,0.96,10.32,68.29,5.63,5.4,7.5,0
Londres,LON,GB,51.5074,-0.1278,2026-06-19T20:00:00Z,2026-06-19,20:00,2,97.39,0.23,12.76,64.35,6.03,5.1,7.32,0
Londres,LON,GB,51.5074,-0.1278,2026-06-19T21:00:00Z,2026-06-19,21:00,2,97.11,0,13.96,60.88,6.4,4.84,7.08,0.01
Londres,LON,GB,51.5074,-0.1278,2026-06-19T22:00:00Z,2026-06-19,22:00,1,97.08,0,15.38,57.38,6.83,4.74,6.95,0.01
Londres,LON,GB,51.5074,-0.1278,2026-06-19T23:00:00Z,2026-06-19,23:00,1,97.49,0,18.03,53.76,7.57,4.97,7.18,0.02
Londres,LON,GB,51.5074,-0.1278,2026-06-20T00:00:00Z,2026-06-20,00:00,1,98.28,0,20.97,50.02,8.31,5.36,7.57,0.02
Londres,LON,GB,51.5074,-0.1278,2026-06-20T01:00:00Z,2026-06-20,01:00,1,99.05,0,24.18,45.87,8.95,5.92,8.12,0.03
Londres,LON,GB,51.5074,-0.1278,2026-06-20T02:00:00Z,2026-06-20,02:00,1,100.36,0,27.5,41.36,9.45,6.68,8.91,0.03
Londres,LON,GB,51.5074,-0.1278,2026-06-20T03:00:00Z,2026-06-20,03:00,1,101.76,0,30.13,37.08,9.73,7.53,9.77,0.04
Londres,LON,GB,51.5074,-0.1278,2026-06-20T04:00:00Z,2026-06-20,04:00,1,103.26,0,31.68,33.32,9.79,8.38,10.61,0.06
Londres,LON,GB,51.5074,-0.1278,2026-06-20T05:00:00Z,2026-06-20,05:00,1,104.4,0.21,32.03,30.85,9.63,9.13,11.35,0.07
Londres,LON,GB,51.5074,-0.1278,2026-06-20T06:00:00Z,2026-06-20,06:00,1,104.98,1.94,28.99,31.96,9.19,9.6,11.81,0.07
Londres,LON,GB,51.5074,-0.1278,2026-06-20T07:00:00Z,2026-06-20,07:00,1,104.45,4.46,23.58,35.16,8.59,9.63,11.8,0.07
Londres,LON,GB,51.5074,-0.1278,2026-06-20T08:00:00Z,2026-06-20,08:00,1,104.07,6.34,19.3,37.91,8.16,9.4,11.55,0.06
Londres,LON,GB,51.5074,-0.1278,2026-06-20T09:00:00Z,2026-06-20,09:00,1,103.7,7.52,16.71,39.72,8.02,9.19,11.4,0.07
Londres,LON,GB,51.5074,-0.1278,2026-06-20T10:00:00Z,2026-06-20,10:00,1,103.88,8.35,15.28,41.33,8.07,9.2,11.49,0.07
Londres,LON,GB,51.5074,-0.1278,2026-06-20T11:00:00Z,2026-06-20,11:00,1,104.61,9.01,14.77,42.75,8.31,9.53,11.96,0.07
Londres,LON,GB,51.5074,-0.1278,2026-06-20T12:00:00Z,2026-06-20,12:00,2,105.53,9.54,14.96,44.05,8.67,10.19,12.96,0.06
Londres,LON,GB,51.5074,-0.1278,2026-06-20T13:00:00Z,2026-06-20,13:00,2,106.18,9.72,15.73,44.68,9.06,11.04,14.44,0.04
Londres,LON,GB,51.5074,-0.1278,2026-06-20T14:00:00Z,2026-06-20,14:00,2,106.56,9.37,17.07,44.61,9.55,11.9,15.95,0.04
Londres,LON,GB,51.5074,-0.1278,2026-06-20T15:00:00Z,2026-06-20,15:00,2,105.84,8.33,18.32,44.81,10.06,12.4,16.9,0.04
Londres,LON,GB,51.5074,-0.1278,2026-06-20T16:00:00Z,2026-06-20,16:00,2,103.64,6.65,18.77,46.11,10.18,12.12,16.77,0.04
Londres,LON,GB,51.5074,-0.1278,2026-06-20T17:00:00Z,2026-06-20,17:00,2,101.06,5.53,18.36,48.08,9.85,11.18,15.64,0.04
Londres,LON,GB,51.5074,-0.1278,2026-06-20T18:00:00Z,2026-06-20,18:00,2,99.13,4.58,18.7,48.47,9.61,10.07,14.2,0.04
Londres,LON,GB,51.5074,-0.1278,2026-06-20T19:00:00Z,2026-06-20,19:00,1,98.25,2.78,21.57,45.49,9.54,9.22,13.03,0.04
Londres,LON,GB,51.5074,-0.1278,2026-06-20T20:00:00Z,2026-06-20,20:00,1,98.43,0.66,26.41,39.86,10.02,8.87,12.38,0.05
Londres,LON,GB,51.5074,-0.1278,2026-06-20T21:00:00Z,2026-06-20,21:00,1,98.98,0,29.35,35.32,11.11,8.84,12.06,0.05
Londres,LON,GB,51.5074,-0.1278,2026-06-20T22:00:00Z,2026-06-20,22:00,1,99.59,0,31.75,31.59,12.17,9.04,12.01,0.05
Londres,LON,GB,51.5074,-0.1278,2026-06-20T23:00:00Z,2026-06-20,23:00,1,100.45,0.01,34.55,27.49,12.23,9.35,12.18,0.05
Londres,LON,GB,51.5074,-0.1278,2026-06-21T00:00:00Z,2026-06-21,00:00,1,101.12,0.02,38.01,22.71,12.15,9.74,12.53,0.04
Londres,LON,GB,51.5074,-0.1278,2026-06-21T01:00:00Z,2026-06-21,01:00,2,101.61,0.04,41.2,17.8,11.99,10.11,12.88,0.05
Londres,LON,GB,51.5074,-0.1278,2026-06-21T02:00:00Z,2026-06-21,02:00,2,102.2,0.09,43.57,13.34,11.77,10.39,13.07,0.06
Londres,LON,GB,51.5074,-0.1278,2026-06-21T03:00:00Z,2026-06-21,03:00,2,102.42,0.2,45.4,9.08,11.63,10.63,13.15,0.08
Londres,LON,GB,51.5074,-0.1278,2026-06-21T04:00:00Z,2026-06-21,04:00,2,101.71,0.53,46.13,4.71,11.27,10.87,13.22,0.12
Londres,LON,GB,51.5074,-0.1278,2026-06-21T05:00:00Z,2026-06-21,05:00,2,100.61,3.07,43.18,3.94,10.96,11.11,13.29,0.15
Londres,LON,GB,51.5074,-0.1278,2026-06-21T06:00:00Z,2026-06-21,06:00,2,99.32,11.19,32.05,11.69,11.02,11.37,13.39,0.17
Londres,LON,GB,51.5074,-0.1278,2026-06-21T07:00:00Z,2026-06-21,07:00,2,98.67,16.44,26.16,14.27,11.41,11.76,13.62,0.18
Londres,LON,GB,51.5074,-0.1278,2026-06-21T08:00:00Z,2026-06-21,08:00,2,98.19,20.69,22.06,15.36,12.01,12.23,14,0.17
Londres,LON,GB,51.5074,-0.1278,2026-06-21T09:00:00Z,2026-06-21,09:00,2,97.99,23.85,19.14,15.43,12.83,12.86,14.52,0.14
Londres,LON,GB,51.5074,-0.1278,2026-06-21T10:00:00Z,2026-06-21,10:00,2,98.48,26.11,17.72,15.6,13.44,13.56,15.09,0.1
Londres,LON,GB,51.5074,-0.1278,2026-06-21T11:00:00Z,2026-06-21,11:00,2,99.29,27.58,17.55,16.36,13.24,14.23,15.69,0.06
Londres,LON,GB,51.5074,-0.1278,2026-06-21T12:00:00Z,2026-06-21,12:00,2,100.09,28.19,17.97,17.45,12.83,14.96,16.39,0.03
Londres,LON,GB,51.5074,-0.1278,2026-06-21T13:00:00Z,2026-06-21,13:00,2,101.17,27.81,18.76,19.01,12.63,15.96,17.4,0.01
Londres,LON,GB,51.5074,-0.1278,2026-06-21T14:00:00Z,2026-06-21,14:00,2,101.87,25.96,19.83,21.08,12.61,17.11,18.57,0
Londres,LON,GB,51.5074,-0.1278,2026-06-21T15:00:00Z,2026-06-21,15:00,2,102.38,22.76,21.04,24.1,12.26,18.21,19.68,0
Londres,LON,GB,51.5074,-0.1278,2026-06-21T16:00:00Z,2026-06-21,16:00,2,103.01,18.17,22.94,28.31,11.62,19.04,20.49,0
Londres,LON,GB,51.5074,-0.1278,2026-06-21T17:00:00Z,2026-06-21,17:00,2,102.67,12.4,25.41,33.94,10.33,18.93,20.34,0
Londres,LON,GB,51.5074,-0.1278,2026-06-21T18:00:00Z,2026-06-21,18:00,2,101.88,6.71,27.65,40.8,8.83,17.74,19.11,0
Londres,LON,GB,51.5074,-0.1278,2026-06-21T19:00:00Z,2026-06-21,19:00,2,100.51,2.58,26.93,48.6,7.26,15.6,17.08,0
Londres,LON,GB,51.5074,-0.1278,2026-06-21T20:00:00Z,2026-06-21,20:00,2,99.38,0.44,22.51,56.47,5.69,13.35,15.38,0
Londres,LON,GB,51.5074,-0.1278,2026-06-21T21:00:00Z,2026-06-21,21:00,2,99.72,0,15.78,64.24,4.69,11.9,14.83,0.01
Londres,LON,GB,51.5074,-0.1278,2026-06-21T22:00:00Z,2026-06-21,22:00,2,100.35,0,9.73,73.29,4.03,11.01,14.36,0.13
Londres,LON,GB,51.5074,-0.1278,2026-06-21T23:00:00Z,2026-06-21,23:00,2,102.02,0,8.04,77.3,3.65,11.56,15.14,0.23
Londres,LON,GB,51.5074,-0.1278,2026-06-22T00:00:00Z,2026-06-22,00:00,2,102.96,0,7.66,78.72,3.48,12.39,16.05,0.28
Londres,LON,GB,51.5074,-0.1278,2026-06-22T01:00:00Z,2026-06-22,01:00,2,102.83,0,7.29,78.3,3.32,13.11,16.84,0.3
Londres,LON,GB,51.5074,-0.1278,2026-06-22T02:00:00Z,2026-06-22,02:00,2,102.29,0,6.94,77.28,3.22,13.61,17.56,0.31
Londres,LON,GB,51.5074,-0.1278,2026-06-22T03:00:00Z,2026-06-22,03:00,2,100.92,0,6.52,76.18,3.12,13.55,17.9,0.34
Londres,LON,GB,51.5074,-0.1278,2026-06-22T04:00:00Z,2026-06-22,04:00,2,98.92,0,6.18,74.38,3.04,12.81,17.77,0.37
Londres,LON,GB,51.5074,-0.1278,2026-06-22T05:00:00Z,2026-06-22,05:00,2,97.19,0.03,6.2,72.19,3.08,11.82,17.5,0.39
Londres,LON,GB,51.5074,-0.1278,2026-06-22T06:00:00Z,2026-06-22,06:00,2,96.29,0.36,6.08,70.16,3.18,10.89,17.3,0.42
Londres,LON,GB,51.5074,-0.1278,2026-06-22T07:00:00Z,2026-06-22,07:00,2,96.11,0.89,5.69,69.13,3.28,10.27,17.34,0.46
Londres,LON,GB,51.5074,-0.1278,2026-06-22T08:00:00Z,2026-06-22,08:00,2,97.37,1.3,5.41,69.67,3.4,10.14,17.78,0.48
Londres,LON,GB,51.5074,-0.1278,2026-06-22T09:00:00Z,2026-06-22,09:00,2,99.55,1.45,5.11,73.43,3.51,10.52,18.61,0.53
Londres,LON,GB,51.5074,-0.1278,2026-06-22T10:00:00Z,2026-06-22,10:00,2,102.78,1.32,4.63,81.64,3.58,11.48,19.9,0.65
Londres,LON,GB,51.5074,-0.1278,2026-06-22T11:00:00Z,2026-06-22,11:00,2,106.86,1,3.97,95.37,3.58,12.99,21.41,0.86
Londres,LON,GB,51.5074,-0.1278,2026-06-22T12:00:00Z,2026-06-22,12:00,3,111.57,0.67,3.26,113.37,3.53,15.57,23.64,1.11
Londres,LON,GB,51.5074,-0.1278,2026-06-22T13:00:00Z,2026-06-22,13:00,3,116.16,0.5,2.85,128.89,3.51,17.59,25.27,1.42
Londres,LON,GB,51.5074,-0.1278,2026-06-22T14:00:00Z,2026-06-22,14:00,3,117.45,0.43,2.7,135.58,3.43,16.82,23.92,1.72
Londres,LON,GB,51.5074,-0.1278,2026-06-22T15:00:00Z,2026-06-22,15:00,3,115.62,0.41,2.72,135.37,3.32,14.6,20.95,1.75
Londres,LON,GB,51.5074,-0.1278,2026-06-22T16:00:00Z,2026-06-22,16:00,3,113.17,0.42,2.95,133.56,3.28,13.26,18.95,1.54
Londres,LON,GB,51.5074,-0.1278,2026-06-22T17:00:00Z,2026-06-22,17:00,3,110.82,0.43,3.38,131.86,3.3,12.33,17.7,1.43
Londres,LON,GB,51.5074,-0.1278,2026-06-22T18:00:00Z,2026-06-22,18:00,3,109.47,0.38,4.09,130.32,3.38,12.06,17.56,1.39
Londres,LON,GB,51.5074,-0.1278,2026-06-22T19:00:00Z,2026-06-22,19:00,3,108.49,0.23,5.04,128.62,3.46,12.17,18.09,1.47
Londres,LON,GB,51.5074,-0.1278,2026-06-22T20:00:00Z,2026-06-22,20:00,3,108.06,0.05,6,125.37,3.52,12.33,18.57,1.55
Londres,LON,GB,51.5074,-0.1278,2026-06-22T21:00:00Z,2026-06-22,21:00,3,108.36,0,6.33,121.65,3.54,12.4,18.81,1.58
Londres,LON,GB,51.5074,-0.1278,2026-06-22T22:00:00Z,2026-06-22,22:00,3,108.68,0,6.51,118.42,3.57,12.39,19.03,1.5
Londres,LON,GB,51.5074,-0.1278,2026-06-22T23:00:00Z,2026-06-22,23:00,3,109.3,0,6.58,114.9,3.6,12.27,19.16,1.37
Londres,LON,GB,51.5074,-0.1278,2026-06-23T00:00:00Z,2026-06-23,00:00,3,109.74,0,6.6,110.43,3.62,12.06,19.06,1.27
Londres,LON,GB,51.5074,-0.1278,2026-06-23T01:00:00Z,2026-06-23,01:00,3,110.15,0,6.67,105.78,3.57,11.89,18.42,1.18
Londres,LON,GB,51.5074,-0.1278,2026-06-23T02:00:00Z,2026-06-23,02:00,3,112.56,0,6.92,102.12,3.57,12.04,18.01,1.12
Londres,LON,GB,51.5074,-0.1278,2026-06-23T03:00:00Z,2026-06-23,03:00,2,116.89,0,7.17,99.17,3.64,12.63,18.26,1.05
Londres,LON,GB,51.5074,-0.1278,2026-06-23T04:00:00Z,2026-06-23,04:00,2,121.82,0,7.31,96.19,3.57,13.34,18.11,1.05
Londres,LON,GB,51.5074,-0.1278,2026-06-23T05:00:00Z,2026-06-23,05:00,2,126.8,0,7.25,93.01,3.41,13.98,17.72,0.99
Londres,LON,GB,51.5074,-0.1278,2026-06-23T06:00:00Z,2026-06-23,06:00,2,131.5,0.03,7.15,91.33,3.26,14.5,17.52,0.97
Londres,LON,GB,51.5074,-0.1278,2026-06-23T07:00:00Z,2026-06-23,07:00,2,133.94,0.2,6.64,95.4,3.18,14.65,17.37,0.99
Londres,LON,GB,51.5074,-0.1278,2026-06-23T08:00:00Z,2026-06-23,08:00,3,132.39,0.51,5.8,105.04,3.17,14.34,16.96,0.88
Londres,LON,GB,51.5074,-0.1278,2026-06-23T09:00:00Z,2026-06-23,09:00,3,129.94,0.74,4.95,113.01,3.19,14.42,17.04,0.77
Londres,LON,GB,51.5074,-0.1278,2026-06-23T10:00:00Z,2026-06-23,10:00,3,130.4,0.84,4.44,115.12,3.28,15.68,18.42,0.67
Londres,LON,GB,51.5074,-0.1278,2026-06-23T11:00:00Z,2026-06-23,11:00,3,130.95,0.85,4.28,115.51,3.43,17.7,20.63,0.54
Londres,LON,GB,51.5074,-0.1278,2026-06-23T12:00:00Z,2026-06-23,12:00,3,129.51,0.8,4.09,119.87,3.59,19.48,22.58,0.44
Londres,LON,GB,51.5074,-0.1278,2026-06-23T13:00:00Z,2026-06-23,13:00,3,127.94,0.76,4.07,126.44,3.72,20.55,23.76,0.34
Londres,LON,GB,51.5074,-0.1278,2026-06-23T14:00:00Z,2026-06-23,14:00,3,125.61,0.72,4.13,130.41,3.65,20.65,23.88,0.25
Londres,LON,GB,51.5074,-0.1278,2026-06-23T15:00:00Z,2026-06-23,15:00,3,123.19,0.71,4.32,129.88,3.55,19.99,23.16,0.18
Londres,LON,GB,51.5074,-0.1278,2026-06-23T16:00:00Z,2026-06-23,16:00,3,121.32,0.75,4.82,125.47,3.54,19.12,22.25,0.15
Londres,LON,GB,51.5074,-0.1278,2026-06-23T17:00:00Z,2026-06-23,17:00,3,119.99,0.78,5.76,119.35,3.63,18.45,21.63,0.13
Londres,LON,GB,51.5074,-0.1278,2026-06-23T18:00:00Z,2026-06-23,18:00,3,118.93,0.72,7.13,113.01,3.76,17.8,21.06,0.15
Londres,LON,GB,51.5074,-0.1278,2026-06-23T19:00:00Z,2026-06-23,19:00,3,117.32,0.44,8.86,106.29,3.92,17.06,20.45,0.17
Londres,LON,GB,51.5074,-0.1278,2026-06-23T20:00:00Z,2026-06-23,20:00,2,115.73,0.09,10.77,98.11,4.31,16.35,19.89,0.22
Londres,LON,GB,51.5074,-0.1278,2026-06-23T21:00:00Z,2026-06-23,21:00,2,114.31,0,12.15,88.78,4.96,15.74,19.41,0.3
Londres,LON,GB,51.5074,-0.1278,2026-06-23T22:00:00Z,2026-06-23,22:00,2,113.41,0,13.9,79.73,5.78,15.25,19.07,0.4
Londres,LON,GB,51.5074,-0.1278,2026-06-23T23:00:00Z,2026-06-23,23:00,2,112.84,0,15.8,70.34,6.42,14.99,18.9,0.5
Londres,LON,GB,51.5074,-0.1278,2026-06-24T00:00:00Z,2026-06-24,00:00,2,112.37,0,17.79,60.43,6.97,15.07,19.03,0.6
Londres,LON,GB,51.5074,-0.1278,2026-06-24T01:00:00Z,2026-06-24,01:00,2,112.02,0,20.09,50.17,7.36,15.5,19.43,0.66
Londres,LON,GB,51.5074,-0.1278,2026-06-24T02:00:00Z,2026-06-24,02:00,2,110.71,0,22.44,39.73,7.22,16.09,19.89,0.63
Londres,LON,GB,51.5074,-0.1278,2026-06-24T03:00:00Z,2026-06-24,03:00,2,108.77,0.01,24.4,29.5,6.77,16.78,20.31,0.57
Londres,LON,GB,51.5074,-0.1278,2026-06-24T04:00:00Z,2026-06-24,04:00,2,107.16,0.02,25.88,21.16,6.35,17.55,20.73,0.48
Londres,LON,GB,51.5074,-0.1278,2026-06-24T05:00:00Z,2026-06-24,05:00,2,106.5,0.47,26.45,16.43,6.38,18.22,21.12,0.42
Londres,LON,GB,51.5074,-0.1278,2026-06-24T06:00:00Z,2026-06-24,06:00,2,107.11,4.26,22.39,18.44,6.77,18.92,21.61,0.4
Londres,LON,GB,51.5074,-0.1278,2026-06-24T07:00:00Z,2026-06-24,07:00,2,108.59,8.03,18.31,22.49,7.43,19.48,22.03,0.4
Londres,LON,GB,51.5074,-0.1278,2026-06-24T08:00:00Z,2026-06-24,08:00,2,111.1,9.67,16.91,27.29,8.27,20.06,22.52,0.44
Londres,LON,GB,51.5074,-0.1278,2026-06-24T09:00:00Z,2026-06-24,09:00,2,114.96,10.21,16.77,32.83,9.17,20.93,23.36,0.5
Londres,LON,GB,51.5074,-0.1278,2026-06-24T10:00:00Z,2026-06-24,10:00,2,119.73,9.85,17.44,42.1,10.16,22.32,24.8,0.55
Londres,LON,GB,51.5074,-0.1278,2026-06-24T11:00:00Z,2026-06-24,11:00,2,123.69,8.51,18.29,57.05,10.72,24.2,26.67,0.51
Londres,LON,GB,51.5074,-0.1278,2026-06-24T12:00:00Z,2026-06-24,12:00,3,127.47,6.99,18.72,75.8,11.04,26.82,29.27,0.42
Londres,LON,GB,51.5074,-0.1278,2026-06-24T13:00:00Z,2026-06-24,13:00,3,131.32,5.81,19.26,93.44,11.68,30.12,32.52,0.3
Londres,LON,GB,51.5074,-0.1278,2026-06-24T14:00:00Z,2026-06-24,14:00,3,134.08,5.13,20.23,104.25,13.19,33.24,35.6,0.18
Londres,LON,GB,51.5074,-0.1278,2026-06-24T15:00:00Z,2026-06-24,15:00,3,136.21,4.65,21.74,110.84,15.52,36,38.36,0.13
Londres,LON,GB,51.5074,-0.1278,2026-06-24T16:00:00Z,2026-06-24,16:00,3,138.35,4.03,23.72,117.89,18.36,38.6,41.05,0.08
Londres,LON,GB,51.5074,-0.1278,2026-06-24T17:00:00Z,2026-06-24,17:00,3,139.59,3.06,25.9,125.65,19.94,40.56,43.19,0.06
Londres,LON,GB,51.5074,-0.1278,2026-06-24T18:00:00Z,2026-06-24,18:00,3,139.94,1.86,28.48,129.34,19.97,41.35,44.25,0.05
Londres,LON,GB,51.5074,-0.1278,2026-06-24T19:00:00Z,2026-06-24,19:00,3,137.75,0.71,29.77,127.01,18.29,39.55,42.65,0.07
Londres,LON,GB,51.5074,-0.1278,2026-06-24T20:00:00Z,2026-06-24,20:00,3,134.09,0.11,28.5,120.49,15.79,36.48,39.66,0.09
Londres,LON,GB,51.5074,-0.1278,2026-06-24T21:00:00Z,2026-06-24,21:00,3,130.06,0,24.45,111.02,13.99,33.13,36.42,0.08
Londres,LON,GB,51.5074,-0.1278,2026-06-24T22:00:00Z,2026-06-24,22:00,3,127.48,0,21.74,103.09,13.02,30.25,33.88,0.14
Londres,LON,GB,51.5074,-0.1278,2026-06-24T23:00:00Z,2026-06-24,23:00,3,126.9,0,18.26,100.11,11.13,27.14,31.07,0.35
Londres,LON,GB,51.5074,-0.1278,2026-06-25T00:00:00Z,2026-06-25,00:00,3,127.32,0,13.64,102.62,7.76,23.61,28,0.62
Londres,LON,GB,51.5074,-0.1278,2026-06-25T01:00:00Z,2026-06-25,01:00,3,129.62,0,8.88,114.67,4.88,21.52,26.25,1.15
Londres,LON,GB,51.5074,-0.1278,2026-06-25T02:00:00Z,2026-06-25,02:00,3,132.11,0,6.6,124.18,4.11,22.01,26.98,1.23
Londres,LON,GB,51.5074,-0.1278,2026-06-25T03:00:00Z,2026-06-25,03:00,3,132.42,0,5.5,129.58,3.9,22.73,28.07,1.19
Londres,LON,GB,51.5074,-0.1278,2026-06-25T04:00:00Z,2026-06-25,04:00,3,130.79,0,4.74,132.01,3.74,22.83,28.52,1.18
Londres,LON,GB,51.5074,-0.1278,2026-06-25T05:00:00Z,2026-06-25,05:00,3,129.75,0.01,4.77,132.83,3.82,22.82,28.97,1.12
Londres,LON,GB,51.5074,-0.1278,2026-06-25T06:00:00Z,2026-06-25,06:00,3,129.71,0.13,5.02,133.66,3.98,22.79,29.46,1.17
Londres,LON,GB,51.5074,-0.1278,2026-06-25T07:00:00Z,2026-06-25,07:00,3,130.74,0.36,5.07,134.32,4.12,22.83,30.17,1.3
Londres,LON,GB,51.5074,-0.1278,2026-06-25T08:00:00Z,2026-06-25,08:00,3,132.58,0.57,5.06,135.12,4.22,23.05,31.05,1.41
Londres,LON,GB,51.5074,-0.1278,2026-06-25T09:00:00Z,2026-06-25,09:00,3,135.42,0.62,4.6,139.81,4.29,23.61,31.94,1.54
Londres,LON,GB,51.5074,-0.1278,2026-06-25T10:00:00Z,2026-06-25,10:00,4,139.3,0.54,3.82,147.17,4.32,25.58,33.84,1.54
Londres,LON,GB,51.5074,-0.1278,2026-06-25T11:00:00Z,2026-06-25,11:00,4,143.31,0.43,3.19,155.92,4.33,26.72,34.99,1.68
Londres,LON,GB,51.5074,-0.1278,2026-06-25T12:00:00Z,2026-06-25,12:00,4,147.04,0.37,2.83,162.93,4.29,27.34,35.65,1.72
Londres,LON,GB,51.5074,-0.1278,2026-06-25T13:00:00Z,2026-06-25,13:00,4,149.67,0.34,2.79,168.37,4.26,27.73,35.93,1.69
Londres,LON,GB,51.5074,-0.1278,2026-06-25T14:00:00Z,2026-06-25,14:00,4,148.32,0.32,2.96,169.31,4.13,27.18,35.11,1.63
Londres,LON,GB,51.5074,-0.1278,2026-06-25T15:00:00Z,2026-06-25,15:00,4,145.18,0.3,3.35,168.39,4.04,26.23,33.9,1.59
Londres,LON,GB,51.5074,-0.1278,2026-06-25T16:00:00Z,2026-06-25,16:00,4,145.71,0.31,3.96,172.48,4.15,26.52,34.12,1.64
Londres,LON,GB,51.5074,-0.1278,2026-06-25T17:00:00Z,2026-06-25,17:00,4,145.6,0.32,4.59,177.73,4.26,27.18,34.62,1.68
Londres,LON,GB,51.5074,-0.1278,2026-06-25T18:00:00Z,2026-06-25,18:00,4,144.77,0.29,5.45,179.44,4.34,27.57,34.75,1.71
Londres,LON,GB,51.5074,-0.1278,2026-06-25T19:00:00Z,2026-06-25,19:00,4,142.86,0.18,6.7,174.39,4.35,27.17,34.07,1.74
Londres,LON,GB,51.5074,-0.1278,2026-06-25T20:00:00Z,2026-06-25,20:00,4,138.11,0.04,7.87,160.14,4.26,25.26,31.7,1.73
Londres,LON,GB,51.5074,-0.1278,2026-06-25T21:00:00Z,2026-06-25,21:00,4,130.49,0,7.92,140.08,4.07,21.64,27.54,1.69
Londres,LON,GB,51.5074,-0.1278,2026-06-25T22:00:00Z,2026-06-25,22:00,3,121.6,0,8.07,119.03,3.83,17.21,22.6,1.51
Londres,LON,GB,51.5074,-0.1278,2026-06-25T23:00:00Z,2026-06-25,23:00,3,112.95,0,8.33,100.88,3.75,13.08,18.01,1.27
Londres,LON,GB,51.5074,-0.1278,2026-06-26T00:00:00Z,2026-06-26,00:00,2,106.09,0,8.93,86.79,3.93,9.8,14.31,1.1
Londres,LON,GB,51.5074,-0.1278,2026-06-26T01:00:00Z,2026-06-26,01:00,2,101.74,0,10.43,75.15,4.34,7.7,11.88,0.91
Londres,LON,GB,51.5074,-0.1278,2026-06-26T02:00:00Z,2026-06-26,02:00,2,100.27,0,12.97,64.67,4.86,6.58,10.64,0.8
Londres,LON,GB,51.5074,-0.1278,2026-06-26T03:00:00Z,2026-06-26,03:00,1,100.32,0,16.24,54.79,5.47,6.08,10.1,0.93
Londres,LON,GB,51.5074,-0.1278,2026-06-26T04:00:00Z,2026-06-26,04:00,1,100.54,0,19.39,45.63,5.94,6.03,9.99,1.16
Londres,LON,GB,51.5074,-0.1278,2026-06-26T05:00:00Z,2026-06-26,05:00,1,101.22,0.18,21.6,40.25,6.17,6.6,10.91,1.17
Londres,LON,GB,51.5074,-0.1278,2026-06-26T06:00:00Z,2026-06-26,06:00,1,102.08,1.92,20.78,42.86,6.72,8.46,14.36,0.95
Londres,LON,GB,51.5074,-0.1278,2026-06-26T07:00:00Z,2026-06-26,07:00,2,101.92,3.03,17.91,52.4,7.42,12.48,22.08,0.79
Londres,LON,GB,51.5074,-0.1278,2026-06-26T08:00:00Z,2026-06-26,08:00,2,103.18,3.21,15.2,63.49,7.11,17.4,30.72,0.34
Londres,LON,GB,51.5074,-0.1278,2026-06-26T09:00:00Z,2026-06-26,09:00,2,104.45,3.03,13.02,73.44,6.78,21.24,36.6,0.12
Londres,LON,GB,51.5074,-0.1278,2026-06-26T10:00:00Z,2026-06-26,10:00,2,103.57,2.82,10.58,80.33,6.35,22.36,37.96,0.03
Londres,LON,GB,51.5074,-0.1278,2026-06-26T11:00:00Z,2026-06-26,11:00,2,102.28,2.62,8.84,84.53,6.15,21.26,36.64,0.01
Londres,LON,GB,51.5074,-0.1278,2026-06-26T12:00:00Z,2026-06-26,12:00,2,100.98,2.25,7.43,89.29,6.02,18.92,34.04,0
Londres,LON,GB,51.5074,-0.1278,2026-06-26T13:00:00Z,2026-06-26,13:00,2,99.36,1.77,6.23,95.51,5.84,16.15,30.77,0
Londres,LON,GB,51.5074,-0.1278,2026-06-26T14:00:00Z,2026-06-26,14:00,3,98.07,1.42,5.61,101.77,5.73,13.82,27.84,0
Londres,LON,GB,51.5074,-0.1278,2026-06-26T15:00:00Z,2026-06-26,15:00,3,96.88,1.29,5.67,105.13,5.73,12.11,25.4,0
Londres,LON,GB,51.5074,-0.1278,2026-06-26T16:00:00Z,2026-06-26,16:00,3,96.14,1.3,6.45,104.49,5.86,10.87,23.33,0
Londres,LON,GB,51.5074,-0.1278,2026-06-26T17:00:00Z,2026-06-26,17:00,3,95.85,1.35,7.98,101.19,6.12,9.99,21.59,0
Londres,LON,GB,51.5074,-0.1278,2026-06-26T18:00:00Z,2026-06-26,18:00,2,95.57,1.24,10.08,95.78,6.34,9.22,19.77,0.01
Londres,LON,GB,51.5074,-0.1278,2026-06-26T19:00:00Z,2026-06-26,19:00,2,95.57,0.76,13.25,89.05,6.62,8.67,18.23,0.02
Londres,LON,GB,51.5074,-0.1278,2026-06-26T20:00:00Z,2026-06-26,20:00,2,95.86,0.17,16.68,81.62,6.96,8.26,16.91,0.04
Londres,LON,GB,51.5074,-0.1278,2026-06-26T21:00:00Z,2026-06-26,21:00,2,96.25,0,18.15,74.66,7.23,7.72,15.41,0.05
Londres,LON,GB,51.5074,-0.1278,2026-06-26T22:00:00Z,2026-06-26,22:00,2,96.42,0,19.59,68.78,7.21,7.17,13.57,0.07
Londres,LON,GB,51.5074,-0.1278,2026-06-26T23:00:00Z,2026-06-26,23:00,2,96.58,0,21.18,63.13,7.2,6.72,12.03,0.1
Londres,LON,GB,51.5074,-0.1278,2026-06-27T00:00:00Z,2026-06-27,00:00,1,96.56,0,22.75,57.51,7.31,6.46,11.1,0.14
Londres,LON,GB,51.5074,-0.1278,2026-06-27T01:00:00Z,2026-06-27,01:00,1,96.65,0,24.35,51.95,7.37,6.33,10.55,0.18
Londres,LON,GB,51.5074,-0.1278,2026-06-27T02:00:00Z,2026-06-27,02:00,1,96.76,0,25.93,46.68,7.43,6.25,10.04,0.19
Londres,LON,GB,51.5074,-0.1278,2026-06-27T03:00:00Z,2026-06-27,03:00,1,96.51,0,26.89,42.77,7.55,5.98,9.09,0.19
Londres,LON,GB,51.5074,-0.1278,2026-06-27T04:00:00Z,2026-06-27,04:00,1,96.34,0,27.84,39.06,7.58,5.76,8.33,0.17
Londres,LON,GB,51.5074,-0.1278,2026-06-27T05:00:00Z,2026-06-27,05:00,1,96.43,0.15,29.45,34.63,7.55,5.86,8.18,0.17
Londres,LON,GB,51.5074,-0.1278,2026-06-27T06:00:00Z,2026-06-27,06:00,1,96.79,1.57,29.73,32.28,7.6,6.14,8.35,0.18
Londres,LON,GB,51.5074,-0.1278,2026-06-27T07:00:00Z,2026-06-27,07:00,1,96.86,3.72,28.07,31.6,7.7,6.45,8.62,0.18
Londres,LON,GB,51.5074,-0.1278,2026-06-27T08:00:00Z,2026-06-27,08:00,1,97.45,5.57,27.08,31.31,7.92,6.78,8.89,0.15
Londres,LON,GB,51.5074,-0.1278,2026-06-27T09:00:00Z,2026-06-27,09:00,1,98.41,7.84,25.31,32.71,8.27,7.09,9.1,0.12
Londres,LON,GB,51.5074,-0.1278,2026-06-27T10:00:00Z,2026-06-27,10:00,1,99.28,11.48,20.76,37.78,8.58,7.39,9.33,0.1
Londres,LON,GB,51.5074,-0.1278,2026-06-27T11:00:00Z,2026-06-27,11:00,1,100.14,12.86,20,38.7,8.9,7.89,9.78,0.08
Londres,LON,GB,51.5074,-0.1278,2026-06-27T12:00:00Z,2026-06-27,12:00,1,101.38,14.29,20.07,38.91,9.4,8.58,10.44,0.06
Londres,LON,GB,51.5074,-0.1278,2026-06-27T13:00:00Z,2026-06-27,13:00,1,102.98,15.33,22.27,37.57,10.26,9.58,11.38,0.04
Londres,LON,GB,51.5074,-0.1278,2026-06-27T14:00:00Z,2026-06-27,14:00,2,104.76,16.64,25.03,35.53,11.75,10.76,12.5,0.02
Londres,LON,GB,51.5074,-0.1278,2026-06-27T15:00:00Z,2026-06-27,15:00,2,106.37,18.15,28.13,33.45,13.96,11.98,13.64,0
Londres,LON,GB,51.5074,-0.1278,2026-06-27T16:00:00Z,2026-06-27,16:00,2,107.67,19.14,31.85,31.71,16.99,13.41,14.93,0.01
Londres,LON,GB,51.5074,-0.1278,2026-06-27T17:00:00Z,2026-06-27,17:00,2,108.03,18.27,35.86,30.36,19.5,14.83,16.19,0.01
Londres,LON,GB,51.5074,-0.1278,2026-06-27T18:00:00Z,2026-06-27,18:00,2,107.85,15.62,40.56,28.06,20.72,15.84,17.06,0.01
Londres,LON,GB,51.5074,-0.1278,2026-06-27T19:00:00Z,2026-06-27,19:00,2,108.11,10.88,47.57,22.7,20.95,16.44,17.63,0.01
Londres,LON,GB,51.5074,-0.1278,2026-06-27T20:00:00Z,2026-06-27,20:00,2,109,4.21,60.04,12.61,20.45,17.22,18.52,0.02
Londres,LON,GB,51.5074,-0.1278,2026-06-27T21:00:00Z,2026-06-27,21:00,2,109.7,0.39,69.11,7.49,18.8,17.94,19.49,0.02
Londres,LON,GB,51.5074,-0.1278,2026-06-27T22:00:00Z,2026-06-27,22:00,2,107.64,0.11,63.38,14.53,15.57,16.9,18.65,0
Londres,LON,GB,51.5074,-0.1278,2026-06-27T23:00:00Z,2026-06-27,23:00,2,105.27,0.05,54.18,21.41,12.57,15.17,17.35,0.02
Londres,LON,GB,51.5074,-0.1278,2026-06-28T00:00:00Z,2026-06-28,00:00,2,102.26,0.01,43.05,30.34,10.32,13.06,15.97,0.03
Londres,LON,GB,51.5074,-0.1278,2026-06-28T01:00:00Z,2026-06-28,01:00,2,98.57,0,31.2,42.52,8.55,10.69,14.83,0.03
Londres,LON,GB,51.5074,-0.1278,2026-06-28T02:00:00Z,2026-06-28,02:00,1,95.18,0,22.42,52.54,7.45,8.85,14.75,0.02
Londres,LON,GB,51.5074,-0.1278,2026-06-28T03:00:00Z,2026-06-28,03:00,1,92.88,0,17.05,58.59,6.71,7.79,15.08,0.02
Londres,LON,GB,51.5074,-0.1278,2026-06-28T04:00:00Z,2026-06-28,04:00,2,91.5,0,13.39,61.7,6,7.16,14.84,0.03
Londres,LON,GB,51.5074,-0.1278,2026-06-28T05:00:00Z,2026-06-28,05:00,2,91.33,0.03,11.68,61.92,5.5,6.72,14.08,0.06
Londres,LON,GB,51.5074,-0.1278,2026-06-28T06:00:00Z,2026-06-28,06:00,2,91.25,0.27,10.35,61.75,5.06,6.13,13.01,0.07
Londres,LON,GB,51.5074,-0.1278,2026-06-28T07:00:00Z,2026-06-28,07:00,2,90.87,0.71,8.39,62.13,4.62,5.38,11.85,0.05
Londres,LON,GB,51.5074,-0.1278,2026-06-28T08:00:00Z,2026-06-28,08:00,2,91.13,1.28,6.79,63.35,4.41,4.75,10.87,0.02
Londres,LON,GB,51.5074,-0.1278,2026-06-28T09:00:00Z,2026-06-28,09:00,2,91.01,1.57,5.54,66.15,4.2,4.23,9.77,0.01
Londres,LON,GB,51.5074,-0.1278,2026-06-28T10:00:00Z,2026-06-28,10:00,2,90.06,1.52,4.48,70.9,3.95,3.87,8.82,0
Londres,LON,GB,51.5074,-0.1278,2026-06-28T11:00:00Z,2026-06-28,11:00,2,89.09,1.3,3.94,76.6,3.93,3.87,8.67,0
Londres,LON,GB,51.5074,-0.1278,2026-06-28T12:00:00Z,2026-06-28,12:00,2,88.49,1.15,3.61,82.38,4.05,4.15,9.28,0
Londres,LON,GB,51.5074,-0.1278,2026-06-28T13:00:00Z,2026-06-28,13:00,2,87.88,1,3.47,87.13,4.14,4.4,10.05,0
Londres,LON,GB,51.5074,-0.1278,2026-06-28T14:00:00Z,2026-06-28,14:00,2,87.91,0.9,3.52,89.37,4.17,4.43,10.49,0
Londres,LON,GB,51.5074,-0.1278,2026-06-28T15:00:00Z,2026-06-28,15:00,2,88.77,0.86,3.73,88.85,4.14,4.18,10.32,0.01
Londres,LON,GB,51.5074,-0.1278,2026-06-28T16:00:00Z,2026-06-28,16:00,2,89.26,0.71,4.4,85.02,4.01,3.66,9.28,0.03
Londres,LON,GB,51.5074,-0.1278,2026-06-28T17:00:00Z,2026-06-28,17:00,2,88.65,0.58,5.21,81.18,3.98,3.15,8.12,0.05
Londres,LON,GB,51.5074,-0.1278,2026-06-28T18:00:00Z,2026-06-28,18:00,2,87.11,0.35,5.95,79,3.99,2.72,7.21,0.1
Londres,LON,GB,51.5074,-0.1278,2026-06-28T19:00:00Z,2026-06-28,19:00,2,85.31,0.2,6.42,77.62,3.97,2.39,6.44,0.13
Londres,LON,GB,51.5074,-0.1278,2026-06-28T20:00:00Z,2026-06-28,20:00,2,83.71,0.07,6.89,76.25,3.98,2.17,5.94,0.16
Londres,LON,GB,51.5074,-0.1278,2026-06-28T21:00:00Z,2026-06-28,21:00,2,82.94,0,6.95,74.49,3.93,2.08,5.76,0.22
Londres,LON,GB,51.5074,-0.1278,2026-06-28T22:00:00Z,2026-06-28,22:00,2,82.78,0,6.85,72.22,3.84,2.06,5.74,0.35
Londres,LON,GB,51.5074,-0.1278,2026-06-28T23:00:00Z,2026-06-28,23:00,2,82.78,0,7.05,68.74,3.88,2.05,5.66,0.57
Londres,LON,GB,51.5074,-0.1278,2026-06-29T00:00:00Z,2026-06-29,00:00,2,82.59,0,7.16,65.49,3.86,1.98,5.39,0.8
Londres,LON,GB,51.5074,-0.1278,2026-06-29T01:00:00Z,2026-06-29,01:00,2,82.01,0,5.26,67.29,2.86,1.76,4.85,0.84
Londres,LON,GB,51.5074,-0.1278,2026-06-29T02:00:00Z,2026-06-29,02:00,2,82.15,0,4.32,69.31,2.44,1.7,4.88,0.74
Londres,LON,GB,51.5074,-0.1278,2026-06-29T03:00:00Z,2026-06-29,03:00,2,82.48,0,3.98,70.62,2.35,1.68,4.99,0.61
Londres,LON,GB,51.5074,-0.1278,2026-06-29T04:00:00Z,2026-06-29,04:00,2,82.22,0,3.76,70.55,2.28,1.59,4.85,0.48
Londres,LON,GB,51.5074,-0.1278,2026-06-29T05:00:00Z,2026-06-29,05:00,2,82.67,0.02,3.75,69.35,2.28,1.49,4.54,0.38
Londres,LON,GB,51.5074,-0.1278,2026-06-29T06:00:00Z,2026-06-29,06:00,2,83.12,0.23,3.58,68.3,2.31,1.4,4.2,0.3
Londres,LON,GB,51.5074,-0.1278,2026-06-29T07:00:00Z,2026-06-29,07:00,2,83.25,0.53,3.29,67.37,2.39,1.37,3.98,0.24
Londres,LON,GB,51.5074,-0.1278,2026-06-29T08:00:00Z,2026-06-29,08:00,2,83.8,0.79,3.16,67.45,2.59,1.42,4.01,0.2
Londres,LON,GB,51.5074,-0.1278,2026-06-29T09:00:00Z,2026-06-29,09:00,2,84.07,0.94,3.01,69.04,2.81,1.57,4.28,0.17
Londres,LON,GB,51.5074,-0.1278,2026-06-29T10:00:00Z,2026-06-29,10:00,2,84.81,1.45,4.13,68.95,3.92,1.92,4.96,0.15
Londres,LON,GB,51.5074,-0.1278,2026-06-29T11:00:00Z,2026-06-29,11:00,2,85.9,2.4,6.23,67.02,5.78,2.49,6.1,0.15
Londres,LON,GB,51.5074,-0.1278,2026-06-29T12:00:00Z,2026-06-29,12:00,2,87.09,3.26,7.91,65.98,7.56,3.11,7.49,0.15
Londres,LON,GB,51.5074,-0.1278,2026-06-29T13:00:00Z,2026-06-29,13:00,2,87.81,3.77,8.89,66.03,8.83,3.68,8.87,0.12
Londres,LON,GB,51.5074,-0.1278,2026-06-29T14:00:00Z,2026-06-29,14:00,2,87.95,3.69,9.05,67.59,8.76,4.02,9.65,0.08
Londres,LON,GB,51.5074,-0.1278,2026-06-29T15:00:00Z,2026-06-29,15:00,2,87.26,2.91,8.11,72.33,7.69,3.95,9.53,0.06
Londres,LON,GB,51.5074,-0.1278,2026-06-29T16:00:00Z,2026-06-29,16:00,2,85.27,1.15,4.05,81.67,4.33,3.08,7.85,0.03
Londres,LON,GB,51.5074,-0.1278,2026-06-29T17:00:00Z,2026-06-29,17:00,2,85.32,0.93,4.07,83.3,4.1,2.89,7.42,0.03
Londres,LON,GB,51.5074,-0.1278,2026-06-29T18:00:00Z,2026-06-29,18:00,2,86.02,0.81,4.94,82.86,4.31,2.72,7.07,0.03
Londres,LON,GB,51.5074,-0.1278,2026-06-29T19:00:00Z,2026-06-29,19:00,2,86.83,0.49,6.23,81.01,4.51,2.53,6.67,0.04
Londres,LON,GB,51.5074,-0.1278,2026-06-29T20:00:00Z,2026-06-29,20:00,2,87.47,0.11,7.48,77.99,4.67,2.35,6.18,0.05
Londres,LON,GB,51.5074,-0.1278,2026-06-29T21:00:00Z,2026-06-29,21:00,2,87.84,0,8.01,74.97,4.82,2.2,5.7,0.06
Londres,LON,GB,51.5074,-0.1278,2026-06-29T22:00:00Z,2026-06-29,22:00,2,88.11,0,8.41,72.51,5,2.1,5.3,0.05
Londres,LON,GB,51.5074,-0.1278,2026-06-29T23:00:00Z,2026-06-29,23:00,2,88.19,0,8.59,70.6,5.11,2.02,5,0.05
Londres,LON,GB,51.5074,-0.1278,2026-06-30T00:00:00Z,2026-06-30,00:00,2,88,0,8.56,69.32,5.15,1.96,4.78,0.05
Londres,LON,GB,51.5074,-0.1278,2026-06-30T01:00:00Z,2026-06-30,01:00,2,87.82,0,7.76,69.32,4.56,1.83,4.25,0.04
Londres,LON,GB,51.5074,-0.1278,2026-06-30T02:00:00Z,2026-06-30,02:00,2,87.83,0,7.22,69.17,4.11,1.68,3.67,0.03
Londres,LON,GB,51.5074,-0.1278,2026-06-30T03:00:00Z,2026-06-30,03:00,2,88.3,0,6.95,68.94,3.92,1.54,3.22,0.03
Londres,LON,GB,51.5074,-0.1278,2026-06-30T04:00:00Z,2026-06-30,04:00,2,88.67,0,6.79,68.63,3.91,1.42,2.97,0.02
Londres,LON,GB,51.5074,-0.1278,2026-06-30T05:00:00Z,2026-06-30,05:00,2,88.76,0.01,6.67,68.07,3.94,1.34,2.84,0.02
Londres,LON,GB,51.5074,-0.1278,2026-06-30T06:00:00Z,2026-06-30,06:00,2,88.67,0.06,6.76,67.51,3.93,1.33,2.78,0.01
Londres,LON,GB,51.5074,-0.1278,2026-06-30T07:00:00Z,2026-06-30,07:00,2,88.49,0.25,6.44,67.44,3.69,1.38,2.7,0.01
Londres,LON,GB,51.5074,-0.1278,2026-06-30T08:00:00Z,2026-06-30,08:00,2,88.24,0.62,6.14,67.7,3.53,1.5,2.66,0.01
Londres,LON,GB,51.5074,-0.1278,2026-06-30T09:00:00Z,2026-06-30,09:00,2,88.36,1,5.8,68.75,3.52,1.7,2.77,0.01
Londres,LON,GB,51.5074,-0.1278,2026-06-30T10:00:00Z,2026-06-30,10:00,2,88.17,1.33,5.31,70.57,3.69,2,3.11,0
Londres,LON,GB,51.5074,-0.1278,2026-06-30T11:00:00Z,2026-06-30,11:00,2,88.03,1.44,5.16,72.68,4.07,2.44,3.75,0
Londres,LON,GB,51.5074,-0.1278,2026-06-30T12:00:00Z,2026-06-30,12:00,2,87.99,1.45,4.87,76.21,4.4,2.99,4.54,0
Londres,LON,GB,51.5074,-0.1278,2026-06-30T13:00:00Z,2026-06-30,13:00,2,87.74,1.33,4.47,81.15,4.59,3.64,5.33,0
Londres,LON,GB,51.5074,-0.1278,2026-06-30T14:00:00Z,2026-06-30,14:00,2,87.12,1.08,3.96,86.55,4.53,4.2,6.02,0
Londres,LON,GB,51.5074,-0.1278,2026-06-30T15:00:00Z,2026-06-30,15:00,2,86.22,0.88,3.47,91.23,4.32,4.49,6.46,0
Londres,LON,GB,51.5074,-0.1278,2026-06-30T16:00:00Z,2026-06-30,16:00,2,85.41,0.73,3.21,93.52,4.02,4.37,6.63,0
Londres,LON,GB,51.5074,-0.1278,2026-06-30T17:00:00Z,2026-06-30,17:00,2,84.69,0.67,3.43,92.02,3.87,4,6.73,0
Londres,LON,GB,51.5074,-0.1278,2026-06-30T18:00:00Z,2026-06-30,18:00,2,84.34,0.58,3.97,88.55,3.83,3.62,7.06,0.01
Londres,LON,GB,51.5074,-0.1278,2026-06-30T19:00:00Z,2026-06-30,19:00,2,84.4,0.33,4.56,84.73,3.69,3.27,7.55,0.01
Londres,LON,GB,51.5074,-0.1278,2026-06-30T20:00:00Z,2026-06-30,20:00,2,84.31,0.07,5.48,81.26,3.79,3.14,8.21,0.01
Londres,LON,GB,51.5074,-0.1278,2026-06-30T21:00:00Z,2026-06-30,21:00,2,83.67,0,5.68,78.98,3.76,3.11,8.38,0.01
Londres,LON,GB,51.5074,-0.1278,2026-06-30T22:00:00Z,2026-06-30,22:00,2,82.76,0,5.64,77.25,3.6,3.07,7.81,0.01
Londres,LON,GB,51.5074,-0.1278,2026-06-30T23:00:00Z,2026-06-30,23:00,2,82.03,0,5.62,74.89,3.41,2.98,6.8,0.02
Londres,LON,GB,51.5074,-0.1278,2026-07-01T00:00:00Z,2026-07-01,00:00,2,81.95,0,5.52,71.58,3.19,2.86,5.76,0.05
Londres,LON,GB,51.5074,-0.1278,2026-07-01T01:00:00Z,2026-07-01,01:00,2,82.51,0,5.09,68.19,2.85,2.69,4.78,0.12
Londres,LON,GB,51.5074,-0.1278,2026-07-01T02:00:00Z,2026-07-01,02:00,2,83.33,0,4.57,65.03,2.52,2.42,3.93,0.21
Londres,LON,GB,51.5074,-0.1278,2026-07-01T03:00:00Z,2026-07-01,03:00,2,84.62,0,4.32,61.79,2.39,2.21,3.48,0.29
Londres,LON,GB,51.5074,-0.1278,2026-07-01T04:00:00Z,2026-07-01,04:00,1,85.76,0,4.42,59.22,2.43,2.11,3.44,0.35
Londres,LON,GB,51.5074,-0.1278,2026-07-01T05:00:00Z,2026-07-01,05:00,1,86.67,0.02,5.51,55.75,3,2.3,3.96,0.44
Londres,LON,GB,51.5074,-0.1278,2026-07-01T06:00:00Z,2026-07-01,06:00,1,87.21,0.39,6.27,53.19,3.57,2.62,4.68,0.54
Londres,LON,GB,51.5074,-0.1278,2026-07-01T07:00:00Z,2026-07-01,07:00,1,87.33,1.19,6.59,50.8,4.2,2.97,5.43,0.65
Londres,LON,GB,51.5074,-0.1278,2026-07-01T08:00:00Z,2026-07-01,08:00,1,87.88,2.14,7.05,48.46,4.92,3.35,6.18,0.76
Londres,LON,GB,51.5074,-0.1278,2026-07-01T09:00:00Z,2026-07-01,09:00,1,88.42,2.95,7.24,47.43,5.45,3.68,6.79,0.88
Londres,LON,GB,51.5074,-0.1278,2026-07-01T10:00:00Z,2026-07-01,10:00,1,88.78,3.53,7.54,47.62,5.99,4.02,7.42,0.94
Londres,LON,GB,51.5074,-0.1278,2026-07-01T11:00:00Z,2026-07-01,11:00,1,88.49,4.03,7.96,47.81,6.58,4.48,8.36,0.93
Londres,LON,GB,51.5074,-0.1278,2026-07-01T12:00:00Z,2026-07-01,12:00,1,87.65,3.9,7.61,50.85,6.58,4.96,9.32,0.87
Londres,LON,GB,51.5074,-0.1278,2026-07-01T13:00:00Z,2026-07-01,13:00,1,85.95,3.03,6.73,57.94,6.05,5.3,9.87,0.78
Londres,LON,GB,51.5074,-0.1278,2026-07-01T14:00:00Z,2026-07-01,14:00,2,84.49,2.04,6.01,66.5,5.43,5.18,9.55,0.69
Londres,LON,GB,51.5074,-0.1278,2026-07-01T15:00:00Z,2026-07-01,15:00,2,83.31,1.49,5.81,72.2,5.06,4.64,8.68,0.64
Londres,LON,GB,51.5074,-0.1278,2026-07-01T16:00:00Z,2026-07-01,16:00,2,82.79,1.3,6,73.81,4.87,4.02,7.83,0.63
Londres,LON,GB,51.5074,-0.1278,2026-07-01T17:00:00Z,2026-07-01,17:00,2,82.39,1.13,6.26,73.46,4.65,3.55,7.16,0.63
Londres,LON,GB,51.5074,-0.1278,2026-07-01T18:00:00Z,2026-07-01,18:00,2,81.72,0.85,6.38,73.04,4.33,3.18,6.53,0.66
Londres,LON,GB,51.5074,-0.1278,2026-07-01T19:00:00Z,2026-07-01,19:00,2,81.23,0.46,6.49,71.83,3.96,2.81,5.82,0.74
Londres,LON,GB,51.5074,-0.1278,2026-07-01T20:00:00Z,2026-07-01,20:00,2,81.2,0.12,7.52,67.87,4.13,2.6,5.49,0.83
Londres,LON,GB,51.5074,-0.1278,2026-07-01T21:00:00Z,2026-07-01,21:00,2,81.45,0,8.25,63.04,4.37,2.46,5.26,0.93
Londres,LON,GB,51.5074,-0.1278,2026-07-01T22:00:00Z,2026-07-01,22:00,1,81.94,0,8.77,58.9,4.55,2.37,5.09,1.03
Londres,LON,GB,51.5074,-0.1278,2026-07-01T23:00:00Z,2026-07-01,23:00,1,82.49,0,8.81,55.97,4.55,2.3,5.13,1.01
Londres,LON,GB,51.5074,-0.1278,2026-07-02T00:00:00Z,2026-07-02,00:00,1,83.14,0,8.24,54.84,4.3,2.28,5.4,0.91
Londres,LON,GB,51.5074,-0.1278,2026-07-02T01:00:00Z,2026-07-02,01:00,1,83.36,0,6.9,55.43,3.71,2.29,5.77,0.74
Londres,LON,GB,51.5074,-0.1278,2026-07-02T02:00:00Z,2026-07-02,02:00,1,83.17,0,6.12,55.1,3.36,2.43,6.55,0.5
Londres,LON,GB,51.5074,-0.1278,2026-07-02T03:00:00Z,2026-07-02,03:00,1,82.7,0,5.64,53.6,3.16,2.66,7.6,0.29
Londres,LON,GB,51.5074,-0.1278,2026-07-02T04:00:00Z,2026-07-02,04:00,1,82.76,0,5.16,51.96,3.02,2.93,8.71,0.14
Londres,LON,GB,51.5074,-0.1278,2026-07-02T05:00:00Z,2026-07-02,05:00,1,82.99,0,5.12,50.43,3.03,3.26,9.34,0.06
Londres,LON,GB,51.5074,-0.1278,2026-07-02T06:00:00Z,2026-07-02,06:00,1,83.31,0.04,5.29,48.55,3,3.69,9.22,0.05
Londres,LON,GB,51.5074,-0.1278,2026-07-02T07:00:00Z,2026-07-02,07:00,1,83.92,0.26,5.24,46.4,2.96,4.1,8.74,0.07
Londres,LON,GB,51.5074,-0.1278,2026-07-02T08:00:00Z,2026-07-02,08:00,1,84.72,0.71,4.57,44.7,2.87,4.29,8.07,0.12
Londres,LON,GB,51.5074,-0.1278,2026-07-02T09:00:00Z,2026-07-02,09:00,1,85.62,1.02,3.6,45.04,2.68,4.13,7.17,0.21
Londres,LON,GB,51.5074,-0.1278,2026-07-02T10:00:00Z,2026-07-02,10:00,1,86.64,1.24,3.05,48.27,2.82,3.95,6.81,0.27
Londres,LON,GB,51.5074,-0.1278,2026-07-02T11:00:00Z,2026-07-02,11:00,1,87.31,1.45,3.35,52.82,3.47,4.35,8.01,0.3
Londres,LON,GB,51.5074,-0.1278,2026-07-02T12:00:00Z,2026-07-02,12:00,1,87.62,1.45,3.44,59.06,3.82,4.97,9.61,0.34
Londres,LON,GB,51.5074,-0.1278,2026-07-02T13:00:00Z,2026-07-02,13:00,2,87.27,1.4,3.43,65.81,4.05,5.59,11.21,0.4
Londres,LON,GB,51.5074,-0.1278,2026-07-02T14:00:00Z,2026-07-02,14:00,2,86.71,1.36,3.71,71.96,4.32,5.97,12.29,0.47
Londres,LON,GB,51.5074,-0.1278,2026-07-02T15:00:00Z,2026-07-02,15:00,2,86.44,1.34,4.14,77.48,4.53,5.91,12.41,0.56
Londres,LON,GB,51.5074,-0.1278,2026-07-02T16:00:00Z,2026-07-02,16:00,2,86.12,1.34,4.88,81.53,4.7,5.53,11.84,0.66
Londres,LON,GB,51.5074,-0.1278,2026-07-02T17:00:00Z,2026-07-02,17:00,2,85.93,1.34,6.16,83.18,4.92,5.03,10.97,0.74
Londres,LON,GB,51.5074,-0.1278,2026-07-02T18:00:00Z,2026-07-02,18:00,2,86.29,1.16,7.99,82.22,5.16,4.54,9.98,0.83
Londres,LON,GB,51.5074,-0.1278,2026-07-02T19:00:00Z,2026-07-02,19:00,2,87.21,0.67,10.17,79.62,5.41,4.05,8.86,0.96
Londres,LON,GB,51.5074,-0.1278,2026-07-02T20:00:00Z,2026-07-02,20:00,2,88.67,0.15,12.17,75.14,5.74,3.58,7.77,1.18
Londres,LON,GB,51.5074,-0.1278,2026-07-02T21:00:00Z,2026-07-02,21:00,2,90.23,0,13.24,69.5,6.13,3.2,6.92,1.47
Londres,LON,GB,51.5074,-0.1278,2026-07-02T22:00:00Z,2026-07-02,22:00,2,92.66,0,14.5,64.21,6.53,2.94,6.37,1.78
Londres,LON,GB,51.5074,-0.1278,2026-07-02T23:00:00Z,2026-07-02,23:00,1,94.7,0,15.55,58.74,6.75,2.75,5.98,2.11
Londres,LON,GB,51.5074,-0.1278,2026-07-03T00:00:00Z,2026-07-03,00:00,1,95.83,0,15.61,54.3,6.64,2.56,5.55,2.41
Londres,LON,GB,51.5074,-0.1278,2026-07-03T01:00:00Z,2026-07-03,01:00,1,95.31,0,14.19,51.78,6.13,2.31,4.99,2.58
Londres,LON,GB,51.5074,-0.1278,2026-07-03T02:00:00Z,2026-07-03,02:00,1,95.16,0,13.43,49.72,5.9,2.18,4.64,2.6
Londres,LON,GB,51.5074,-0.1278,2026-07-03T03:00:00Z,2026-07-03,03:00,1,94.83,0,12.52,49.09,5.67,2.1,4.4,2.53
Londres,LON,GB,51.5074,-0.1278,2026-07-03T04:00:00Z,2026-07-03,04:00,1,93.53,0,11.14,49.78,5.26,2.03,4.25,2.38
Londres,LON,GB,51.5074,-0.1278,2026-07-03T05:00:00Z,2026-07-03,05:00,1,92.84,0.02,10.73,49.5,5.19,2.06,4.2,2.25
Londres,LON,GB,51.5074,-0.1278,2026-07-03T06:00:00Z,2026-07-03,06:00,1,92.34,0.36,10.37,49.46,5.23,2.1,4.15,2.14
Londres,LON,GB,51.5074,-0.1278,2026-07-03T07:00:00Z,2026-07-03,07:00,1,92.05,1.58,9.88,49.02,5.56,2.2,4.2,2.07
Londres,LON,GB,51.5074,-0.1278,2026-07-03T08:00:00Z,2026-07-03,08:00,1,92.73,3.34,9.69,48.88,6.32,2.42,4.43,2.1
Londres,LON,GB,51.5074,-0.1278,2026-07-03T09:00:00Z,2026-07-03,09:00,1,93.78,4.68,9.66,50.09,7.22,2.72,4.77,2.17
Londres,LON,GB,51.5074,-0.1278,2026-07-03T10:00:00Z,2026-07-03,10:00,1,94.61,5.44,10.01,52.44,8.41,3.16,5.3,2.16
Londres,LON,GB,51.5074,-0.1278,2026-07-03T11:00:00Z,2026-07-03,11:00,1,95.79,6.08,11.05,55.38,10.31,4.2,6.49,2.03
Londres,LON,GB,51.5074,-0.1278,2026-07-03T12:00:00Z,2026-07-03,12:00,1,97.16,6.81,12.48,58.67,12.7,6.34,8.73,1.74
Londres,LON,GB,51.5074,-0.1278,2026-07-03T13:00:00Z,2026-07-03,13:00,2,98.6,7.39,14.23,61.71,15.15,8.96,11.37,1.38
Londres,LON,GB,51.5074,-0.1278,2026-07-03T14:00:00Z,2026-07-03,14:00,2,99.64,7.46,15.84,63.58,16.7,10.97,13.44,1.06
Londres,LON,GB,51.5074,-0.1278,2026-07-03T15:00:00Z,2026-07-03,15:00,2,99.38,6.56,16.44,67.23,16.28,11.05,13.66,0.94
Londres,LON,GB,51.5074,-0.1278,2026-07-03T16:00:00Z,2026-07-03,16:00,2,97.91,4.91,15.35,73.82,13.93,9.68,12.48,0.94
Londres,LON,GB,51.5074,-0.1278,2026-07-03T17:00:00Z,2026-07-03,17:00,2,97.07,3.96,15.54,76.45,12.44,8.96,12.17,0.95
Londres,LON,GB,51.5074,-0.1278,2026-07-03T18:00:00Z,2026-07-03,18:00,2,96.42,2.73,15.6,78.52,10.8,8.12,11.74,0.98
Londres,LON,GB,51.5074,-0.1278,2026-07-03T19:00:00Z,2026-07-03,19:00,2,95.91,1.31,16.01,79.19,9.4,7.56,11.46,0.97
Londres,LON,GB,51.5074,-0.1278,2026-07-03T20:00:00Z,2026-07-03,20:00,2,95.34,0.24,16.26,77.83,8.46,6.9,10.86,0.92
Londres,LON,GB,51.5074,-0.1278,2026-07-03T21:00:00Z,2026-07-03,21:00,2,95.24,0,15.13,76.4,7.88,6.34,10.23,0.84
Londres,LON,GB,51.5074,-0.1278,2026-07-03T22:00:00Z,2026-07-03,22:00,2,95.7,0,14.65,76.08,7.58,6.14,9.94,0.79
Londres,LON,GB,51.5074,-0.1278,2026-07-03T23:00:00Z,2026-07-03,23:00,2,96.18,0,14.83,76.09,7.6,6.38,10.27,0.75
Londres,LON,GB,51.5074,-0.1278,2026-07-04T00:00:00Z,2026-07-04,00:00,2,96.2,0,15.35,74.76,7.72,6.84,11.11,0.74
Londres,LON,GB,51.5074,-0.1278,2026-07-04T01:00:00Z,2026-07-04,01:00,2,95.1,0,15.16,71.04,7.44,7.04,11.86,0.86
Londres,LON,GB,51.5074,-0.1278,2026-07-04T02:00:00Z,2026-07-04,02:00,2,92.9,0,14.26,65.57,6.85,6.71,12.04,1.03
Londres,LON,GB,51.5074,-0.1278,2026-07-04T03:00:00Z,2026-07-04,03:00,1,90.51,0,13.07,58.96,6.18,5.91,11.41,1.18
Londres,LON,GB,51.5074,-0.1278,2026-07-04T04:00:00Z,2026-07-04,04:00,1,88.02,0,11.04,53.65,5.22,4.71,9.58,1.3
Londres,LON,GB,51.5074,-0.1278,2026-07-04T05:00:00Z,2026-07-04,05:00,1,86.75,0.03,10.04,48.38,4.85,3.68,7.62,1.24
Londres,LON,GB,51.5074,-0.1278,2026-07-04T06:00:00Z,2026-07-04,06:00,1,86.59,0.31,9.05,44.46,4.6,2.94,6.01,1.11
Londres,LON,GB,51.5074,-0.1278,2026-07-04T07:00:00Z,2026-07-04,07:00,1,86.86,0.58,7.46,42.67,4.07,2.39,4.76,0.95
Londres,LON,GB,51.5074,-0.1278,2026-07-04T08:00:00Z,2026-07-04,08:00,1,87.38,0.87,6.06,42.57,3.61,1.98,3.89,0.82
Londres,LON,GB,51.5074,-0.1278,2026-07-04T09:00:00Z,2026-07-04,09:00,1,87.54,1.1,5.23,43.03,3.41,1.82,3.55,0.76
Londres,LON,GB,51.5074,-0.1278,2026-07-04T10:00:00Z,2026-07-04,10:00,1,87.5,1.46,4.48,45,3.5,1.9,3.7,0.67
Londres,LON,GB,51.5074,-0.1278,2026-07-04T11:00:00Z,2026-07-04,11:00,1,87.38,1.79,4.15,49.07,3.92,2.32,4.57,0.54
Londres,LON,GB,51.5074,-0.1278,2026-07-04T12:00:00Z,2026-07-04,12:00,1,87.43,1.75,3.82,55.87,4.12,2.91,5.81,0.4
Londres,LON,GB,51.5074,-0.1278,2026-07-04T13:00:00Z,2026-07-04,13:00,2,87.85,1.49,3.54,63.57,4.1,3.49,7.07,0.31
Londres,LON,GB,51.5074,-0.1278,2026-07-04T14:00:00Z,2026-07-04,14:00,2,87.89,1.26,3.39,69.79,4.04,3.92,8.17,0.25
Londres,LON,GB,51.5074,-0.1278,2026-07-04T15:00:00Z,2026-07-04,15:00,2,87.74,1.16,3.49,74.1,4.09,4.34,9.38,0.21
Londres,LON,GB,51.5074,-0.1278,2026-07-04T16:00:00Z,2026-07-04,16:00,2,87.5,1.13,3.88,76.5,4.24,4.66,10.43,0.19
Londres,LON,GB,51.5074,-0.1278,2026-07-04T17:00:00Z,2026-07-04,17:00,2,86.97,1.12,4.59,76.36,4.37,4.6,10.43,0.2
Londres,LON,GB,51.5074,-0.1278,2026-07-04T18:00:00Z,2026-07-04,18:00,2,86.35,1.01,5.58,73.7,4.43,4.17,9.35,0.24
Londres,LON,GB,51.5074,-0.1278,2026-07-04T19:00:00Z,2026-07-04,19:00,2,85.98,0.65,7.07,68.49,4.51,3.58,7.89,0.33
Londres,LON,GB,51.5074,-0.1278,2026-07-04T20:00:00Z,2026-07-04,20:00,2,85.5,0.17,8.76,60.48,4.65,3,6.59,0.48
Londres,LON,GB,51.5074,-0.1278,2026-07-04T21:00:00Z,2026-07-04,21:00,1,85.11,0,9.35,51.59,4.71,2.49,5.52,0.66
Londres,LON,GB,51.5074,-0.1278,2026-07-04T22:00:00Z,2026-07-04,22:00,1,85.41,0,9.62,44.08,4.76,2.15,4.85,0.78
Londres,LON,GB,51.5074,-0.1278,2026-07-04T23:00:00Z,2026-07-04,23:00,1,86.49,0,9.62,38.64,4.7,1.93,4.44,0.86
Londres,LON,GB,51.5074,-0.1278,2026-07-05T00:00:00Z,2026-07-05,00:00,1,87.94,0,9.05,36.43,4.38,1.75,4.05,0.93
Londres,LON,GB,51.5074,-0.1278,2026-07-05T01:00:00Z,2026-07-05,01:00,1,88.77,0,7.62,37.69,3.57,1.57,3.58,0.98
Londres,LON,GB,51.5074,-0.1278,2026-07-05T02:00:00Z,2026-07-05,02:00,1,89.35,0,7.7,38.29,3.53,1.63,3.64,0.93
Londres,LON,GB,51.5074,-0.1278,2026-07-05T03:00:00Z,2026-07-05,03:00,1,89.47,0,8.18,38.3,3.7,1.79,3.92,0.9
Londres,LON,GB,51.5074,-0.1278,2026-07-05T04:00:00Z,2026-07-05,04:00,1,89.21,0,8.75,37.72,3.93,1.97,4.28,0.89
Londres,LON,GB,51.5074,-0.1278,2026-07-05T05:00:00Z,2026-07-05,05:00,1,89.13,0.08,9.29,36.85,4.23,2.16,4.65,0.9
Londres,LON,GB,51.5074,-0.1278,2026-07-05T06:00:00Z,2026-07-05,06:00,1,88.77,0.95,8.69,37.13,4.52,2.34,4.97,0.92
Londres,LON,GB,51.5074,-0.1278,2026-07-05T07:00:00Z,2026-07-05,07:00,1,88.95,2.12,7.84,37.65,4.94,2.51,5.25,0.94
Londres,LON,GB,51.5074,-0.1278,2026-07-05T08:00:00Z,2026-07-05,08:00,1,89.3,3.11,7.61,37.83,5.47,2.7,5.54,0.97
Londres,LON,GB,51.5074,-0.1278,2026-07-05T09:00:00Z,2026-07-05,09:00,1,89.74,3.79,7.51,38.38,5.91,2.9,5.83,1.02
Londres,LON,GB,51.5074,-0.1278,2026-07-05T10:00:00Z,2026-07-05,10:00,1,90.09,4.42,7.82,39.32,6.59,3.21,6.43,1.03
Londres,LON,GB,51.5074,-0.1278,2026-07-05T11:00:00Z,2026-07-05,11:00,1,89.99,5.17,8.46,40.9,7.53,3.83,7.72,0.93
Londres,LON,GB,51.5074,-0.1278,2026-07-05T12:00:00Z,2026-07-05,12:00,1,89.44,5.36,8.84,43.87,8.08,4.7,9.73,0.8
Londres,LON,GB,51.5074,-0.1278,2026-07-05T13:00:00Z,2026-07-05,13:00,1,88.85,4.89,8.8,48.96,8.1,5.72,12.21,0.66
Londres,LON,GB,51.5074,-0.1278,2026-07-05T14:00:00Z,2026-07-05,14:00,1,88.25,3.89,8.45,55.8,7.64,6.57,14.24,0.54
Londres,LON,GB,51.5074,-0.1278,2026-07-05T15:00:00Z,2026-07-05,15:00,2,87.74,2.96,7.67,63.75,6.98,6.95,15.12,0.48
Londres,LON,GB,51.5074,-0.1278,2026-07-05T16:00:00Z,2026-07-05,16:00,2,87.31,2.22,6.9,69.86,6.25,6.82,14.72,0.45
Londres,LON,GB,51.5074,-0.1278,2026-07-05T17:00:00Z,2026-07-05,17:00,2,86.96,1.87,7.73,71.54,6.19,6.88,14.89,0.4
Londres,LON,GB,51.5074,-0.1278,2026-07-05T18:00:00Z,2026-07-05,18:00,2,87.08,1.35,9.52,70.93,6.29,7.06,15.27,0.38
Londres,LON,GB,51.5074,-0.1278,2026-07-05T19:00:00Z,2026-07-05,19:00,2,87.03,0.48,11.99,68.45,6.43,7.22,15.37,0.36
Londres,LON,GB,51.5074,-0.1278,2026-07-05T20:00:00Z,2026-07-05,20:00,2,87.18,0.06,13.54,65.51,6.47,7.22,14.9,0.34
Londres,LON,GB,51.5074,-0.1278,2026-07-05T21:00:00Z,2026-07-05,21:00,2,87.24,0,13.8,63.21,6.42,7.05,13.98,0.34
Londres,LON,GB,51.5074,-0.1278,2026-07-05T22:00:00Z,2026-07-05,22:00,2,87.58,0,14.54,60.35,6.5,6.93,13.23,0.33
Londres,LON,GB,51.5074,-0.1278,2026-07-05T23:00:00Z,2026-07-05,23:00,1,88.01,0,16.27,55.77,6.82,6.99,12.94,0.33
Londres,LON,GB,51.5074,-0.1278,2026-07-06T00:00:00Z,2026-07-06,00:00,1,88.34,0,18.09,50.09,7.15,6.99,12.58,0.36
Londres,LON,GB,51.5074,-0.1278,2026-07-06T01:00:00Z,2026-07-06,01:00,1,88.98,0,19.84,44.03,7.44,6.89,12.12,0.43
Londres,LON,GB,51.5074,-0.1278,2026-07-06T02:00:00Z,2026-07-06,02:00,1,89.36,0,21.53,37.71,7.67,6.79,11.67,0.47
Londres,LON,GB,51.5074,-0.1278,2026-07-06T03:00:00Z,2026-07-06,03:00,1,90.02,0,23.2,31.74,7.91,6.7,11.24,0.49
Londres,LON,GB,51.5074,-0.1278,2026-07-06T04:00:00Z,2026-07-06,04:00,1,90.48,0.01,24.65,26.41,8.19,6.59,10.78,0.5
Londres,LON,GB,51.5074,-0.1278,2026-07-06T05:00:00Z,2026-07-06,05:00,1,90.94,0.2,25.82,22.28,8.44,6.49,10.39,0.51
Londres,LON,GB,51.5074,-0.1278,2026-07-06T06:00:00Z,2026-07-06,06:00,1,91.39,2.86,23.05,23.01,8.63,6.42,10.09,0.52
Londres,LON,GB,51.5074,-0.1278,2026-07-06T07:00:00Z,2026-07-06,07:00,1,91.87,6.59,18.66,26.3,8.78,6.48,10.04,0.52
Londres,LON,GB,51.5074,-0.1278,2026-07-06T08:00:00Z,2026-07-06,08:00,1,92.56,9.15,16.39,28.45,8.98,6.76,10.39,0.5
Londres,LON,GB,51.5074,-0.1278,2026-07-06T09:00:00Z,2026-07-06,09:00,1,93.42,10.62,15.26,30.26,9.11,7.25,11.15,0.47
Londres,LON,GB,51.5074,-0.1278,2026-07-06T10:00:00Z,2026-07-06,10:00,1,93.88,10.81,14.46,32.63,9,7.91,12.18,0.41
Londres,LON,GB,51.5074,-0.1278,2026-07-06T11:00:00Z,2026-07-06,11:00,1,93.73,10.11,13.68,35.8,8.76,8.55,13,0.34
Londres,LON,GB,51.5074,-0.1278,2026-07-06T12:00:00Z,2026-07-06,12:00,1,93.4,8.85,12.79,39.87,8.46,9.02,13.62,0.26
Londres,LON,GB,51.5074,-0.1278,2026-07-06T13:00:00Z,2026-07-06,13:00,1,93.04,7.45,12.11,44.82,8.19,9.47,14.26,0.2
Londres,LON,GB,51.5074,-0.1278,2026-07-06T14:00:00Z,2026-07-06,14:00,2,93.37,6.57,12.09,49,8.2,10.06,15.09,0.16
Londres,LON,GB,51.5074,-0.1278,2026-07-06T15:00:00Z,2026-07-06,15:00,2,93.34,5.77,12.49,52.93,8.27,10.39,15.5,0.14
Londres,LON,GB,51.5074,-0.1278,2026-07-06T16:00:00Z,2026-07-06,16:00,2,93.31,5.01,13.27,56.5,8.28,10.36,15.42,0.13
Londres,LON,GB,51.5074,-0.1278,2026-07-06T17:00:00Z,2026-07-06,17:00,2,92.93,4.22,14.19,58.78,8.1,10.04,14.89,0.13
Londres,LON,GB,51.5074,-0.1278,2026-07-06T18:00:00Z,2026-07-06,18:00,1,92.37,3.26,15.47,59.96,7.88,9.58,14.11,0.13
Londres,LON,GB,51.5074,-0.1278,2026-07-06T19:00:00Z,2026-07-06,19:00,1,91.75,1.74,17.68,59.53,7.72,8.84,13,0.15
Londres,LON,GB,51.5074,-0.1278,2026-07-06T20:00:00Z,2026-07-06,20:00,1,90.8,0.28,19.82,57.32,7.67,8.13,11.83,0.16
Londres,LON,GB,51.5074,-0.1278,2026-07-06T21:00:00Z,2026-07-06,21:00,1,90.22,0,19.72,55.9,7.69,7.68,10.99,0.19
Londres,LON,GB,51.5074,-0.1278,2026-07-06T22:00:00Z,2026-07-06,22:00,1,89.76,0,19.82,54.25,7.74,7.59,10.67,0.22
Londres,LON,GB,51.5074,-0.1278,2026-07-06T23:00:00Z,2026-07-06,23:00,1,89.6,0,20.4,51.73,7.82,7.76,10.77,0.25
Londres,LON,GB,51.5074,-0.1278,2026-07-07T00:00:00Z,2026-07-07,00:00,1,89.71,0,21.17,48.55,7.87,8.11,11.15,0.31
Londres,LON,GB,51.5074,-0.1278,2026-07-07T01:00:00Z,2026-07-07,01:00,1,89.47,0,22.02,44.54,7.79,8.4,11.49,0.42
Londres,LON,GB,51.5074,-0.1278,2026-07-07T02:00:00Z,2026-07-07,02:00,1,89.77,0,23.52,39.33,7.85,8.62,11.79,0.51
Londres,LON,GB,51.5074,-0.1278,2026-07-07T03:00:00Z,2026-07-07,03:00,1,90.07,0,25.02,33.88,7.95,8.7,11.87,0.57
Londres,LON,GB,51.5074,-0.1278,2026-07-07T04:00:00Z,2026-07-07,04:00,1,90.28,0.01,26.06,28.87,8.06,8.57,11.65,0.65
Londres,LON,GB,51.5074,-0.1278,2026-07-07T05:00:00Z,2026-07-07,05:00,1,90.22,0.13,26.31,25.11,8.11,8.21,11.09,0.76
Londres,LON,GB,51.5074,-0.1278,2026-07-07T06:00:00Z,2026-07-07,06:00,1,90.06,2.09,23.23,25.43,8.09,7.63,10.26,0.86
Londres,LON,GB,51.5074,-0.1278,2026-07-07T07:00:00Z,2026-07-07,07:00,1,89.91,4.95,18.13,28.45,8.01,6.97,9.35,0.93
Londres,LON,GB,51.5074,-0.1278,2026-07-07T08:00:00Z,2026-07-07,08:00,1,89.66,7.04,14.89,30.61,8.22,6.57,8.86,0.93
Londres,LON,GB,51.5074,-0.1278,2026-07-07T09:00:00Z,2026-07-07,09:00,1,89.59,8.3,13.1,32.34,8.52,6.46,8.78,0.9
Londres,LON,GB,51.5074,-0.1278,2026-07-07T10:00:00Z,2026-07-07,10:00,1,89.6,8.57,12.35,34.68,8.72,6.69,9.15,0.84
Londres,LON,GB,51.5074,-0.1278,2026-07-07T11:00:00Z,2026-07-07,11:00,1,89.5,8.05,11.79,38.32,8.66,7.14,9.86,0.75
Londres,LON,GB,51.5074,-0.1278,2026-07-07T12:00:00Z,2026-07-07,12:00,1,89.13,6.9,11,43.59,8.26,7.77,10.91,0.66
Londres,LON,GB,51.5074,-0.1278,2026-07-07T13:00:00Z,2026-07-07,13:00,1,88.29,5.44,10.18,50.7,7.67,8.67,12.36,0.55
Londres,LON,GB,51.5074,-0.1278,2026-07-07T14:00:00Z,2026-07-07,14:00,1,87.99,4.2,9.65,59.01,7.25,9.6,13.77,0.44
Londres,LON,GB,51.5074,-0.1278,2026-07-07T15:00:00Z,2026-07-07,15:00,2,87.88,3.33,9.62,66.73,7.08,10.12,14.55,0.36
Londres,LON,GB,51.5074,-0.1278,2026-07-07T16:00:00Z,2026-07-07,16:00,2,87.71,2.65,10.33,71.67,7.03,10.09,14.59,0.33
Londres,LON,GB,51.5074,-0.1278,2026-07-07T17:00:00Z,2026-07-07,17:00,2,87.68,2.01,11.66,73.44,6.98,9.68,14.13,0.33
Londres,LON,GB,51.5074,-0.1278,2026-07-07T18:00:00Z,2026-07-07,18:00,2,87.55,1.38,13.4,73.09,6.95,9.25,13.66,0.36
Londres,LON,GB,51.5074,-0.1278,2026-07-07T19:00:00Z,2026-07-07,19:00,2,87.64,0.71,15.27,72.01,6.97,9.04,13.48,0.45
Londres,LON,GB,51.5074,-0.1278,2026-07-07T20:00:00Z,2026-07-07,20:00,2,87.61,0.11,16.85,69.42,6.98,9.06,13.49,0.6
Londres,LON,GB,51.5074,-0.1278,2026-07-07T21:00:00Z,2026-07-07,21:00,2,87.84,0,17.18,66.05,6.99,8.99,13.25,0.82
Londres,LON,GB,51.5074,-0.1278,2026-07-07T22:00:00Z,2026-07-07,22:00,2,88.65,0,17.78,62.7,7.11,8.58,12.5,1.1
Londres,LON,GB,51.5074,-0.1278,2026-07-07T23:00:00Z,2026-07-07,23:00,1,89.76,0,18.47,59.14,7.4,7.77,11.22,1.53
Londres,LON,GB,51.5074,-0.1278,2026-07-08T00:00:00Z,2026-07-08,00:00,1,91.31,0,19.09,55.42,7.68,6.84,9.77,2.1
Londres,LON,GB,51.5074,-0.1278,2026-07-08T01:00:00Z,2026-07-08,01:00,1,93.31,0,20.04,50.83,7.8,6.18,8.68,2.53
Londres,LON,GB,51.5074,-0.1278,2026-07-08T02:00:00Z,2026-07-08,02:00,1,95.93,0,21.38,45.51,7.69,5.89,8.05,2.5
Londres,LON,GB,51.5074,-0.1278,2026-07-08T03:00:00Z,2026-07-08,03:00,1,99,0,22.51,40.45,7.52,5.67,7.53,2.32
Londres,LON,GB,51.5074,-0.1278,2026-07-08T04:00:00Z,2026-07-08,04:00,1,102.29,0,22.68,36.77,7.24,5.37,6.99,2.16
Londres,LON,GB,51.5074,-0.1278,2026-07-08T05:00:00Z,2026-07-08,05:00,1,105.25,0.11,22.38,34.41,7.05,5.09,6.63,1.95
Londres,LON,GB,51.5074,-0.1278,2026-07-08T06:00:00Z,2026-07-08,06:00,1,107.57,1.78,19.59,35.48,6.86,4.88,6.5,1.71
Londres,LON,GB,51.5074,-0.1278,2026-07-08T07:00:00Z,2026-07-08,07:00,1,109.18,3.97,15.61,38.42,6.59,4.77,6.59,1.46
Londres,LON,GB,51.5074,-0.1278,2026-07-08T08:00:00Z,2026-07-08,08:00,1,111.25,5.29,13.48,41.45,6.52,4.84,6.91,1.26
Londres,LON,GB,51.5074,-0.1278,2026-07-08T09:00:00Z,2026-07-08,09:00,1,113.59,5.83,12.51,45.84,6.66,5.13,7.46,1.1
Londres,LON,GB,51.5074,-0.1278,2026-07-08T10:00:00Z,2026-07-08,10:00,1,115.55,5.78,12.09,52.09,6.77,5.77,8.38,0.9
Londres,LON,GB,51.5074,-0.1278,2026-07-08T11:00:00Z,2026-07-08,11:00,1,117.65,5.48,12,59.82,6.9,6.94,9.78,0.69
Londres,LON,GB,51.5074,-0.1278,2026-07-08T12:00:00Z,2026-07-08,12:00,2,119.58,5.06,12.04,69.19,7.45,8.71,11.62,0.57
Londres,LON,GB,51.5074,-0.1278,2026-07-08T13:00:00Z,2026-07-08,13:00,2,121.47,4.71,12.44,78.54,8.62,10.9,13.78,0.58
Londres,LON,GB,51.5074,-0.1278,2026-07-08T14:00:00Z,2026-07-08,14:00,2,123.79,4.34,13.04,88.48,10.1,13.23,16.01,0.64
Londres,LON,GB,51.5074,-0.1278,2026-07-08T15:00:00Z,2026-07-08,15:00,2,126.1,3.88,13.83,99.43,11.57,15.72,18.34,0.64
Londres,LON,GB,51.5074,-0.1278,2026-07-08T16:00:00Z,2026-07-08,16:00,3,128.28,3.49,15.52,109.72,12.88,18.17,20.6,0.62
Londres,LON,GB,51.5074,-0.1278,2026-07-08T17:00:00Z,2026-07-08,17:00,3,129.61,3.18,18.51,114.91,14.02,19.73,21.98,0.61
Londres,LON,GB,51.5074,-0.1278,2026-07-08T18:00:00Z,2026-07-08,18:00,3,130.48,2.67,22.9,113.09,15.07,20.41,22.59,0.59
Londres,LON,GB,51.5074,-0.1278,2026-07-08T19:00:00Z,2026-07-08,19:00,3,131.73,1.6,29.34,105.29,15.97,20.86,23.07,0.6
Londres,LON,GB,51.5074,-0.1278,2026-07-08T20:00:00Z,2026-07-08,20:00,2,133.07,0.33,37.18,91.82,16.2,21.36,23.66,0.59
Londres,LON,GB,51.5074,-0.1278,2026-07-08T21:00:00Z,2026-07-08,21:00,2,134.6,0,41.08,76.32,15.7,22.24,24.67,0.46
Londres,LON,GB,51.5074,-0.1278,2026-07-08T22:00:00Z,2026-07-08,22:00,2,135.28,0,43.78,62.96,14.7,22.94,25.49,0.34
Londres,LON,GB,51.5074,-0.1278,2026-07-08T23:00:00Z,2026-07-08,23:00,2,135.75,0,45.31,53.71,13.92,23.45,26.02,0.26
Londres,LON,GB,51.5074,-0.1278,2026-07-09T00:00:00Z,2026-07-09,00:00,2,136.23,0,46.18,47.17,13.48,23.78,26.27,0.23
Londres,LON,GB,51.5074,-0.1278,2026-07-09T01:00:00Z,2026-07-09,01:00,2,135.61,0,46.86,41.93,13.25,23.95,26.3,0.23
Londres,LON,GB,51.5074,-0.1278,2026-07-09T02:00:00Z,2026-07-09,02:00,2,136.01,0,47.05,38.04,13.46,24.15,26.33,0.23
Londres,LON,GB,51.5074,-0.1278,2026-07-09T03:00:00Z,2026-07-09,03:00,2,136.4,0,46.32,35.95,13.76,24.25,26.23,0.26
Londres,LON,GB,51.5074,-0.1278,2026-07-09T04:00:00Z,2026-07-09,04:00,2,136.15,0,44.61,34.74,13.71,23.94,25.75,0.27
Londres,LON,GB,51.5074,-0.1278,2026-07-09T05:00:00Z,2026-07-09,05:00,2,135.8,0.27,43.79,33.56,13.18,23.4,25.11,0.28
Londres,LON,GB,51.5074,-0.1278,2026-07-09T06:00:00Z,2026-07-09,06:00,2,135.45,3.87,39.54,37.48,12.61,23,24.69,0.28
Londres,LON,GB,51.5074,-0.1278,2026-07-09T07:00:00Z,2026-07-09,07:00,2,135.06,8.46,33.37,43.69,12.23,22.57,24.27,0.27
Londres,LON,GB,51.5074,-0.1278,2026-07-09T08:00:00Z,2026-07-09,08:00,2,134.64,11.15,28.99,48.16,12.51,22.27,24.04,0.24
Londres,LON,GB,51.5074,-0.1278,2026-07-09T09:00:00Z,2026-07-09,09:00,2,134.22,12.2,26.03,51.33,12.99,21.91,23.79,0.24
Londres,LON,GB,51.5074,-0.1278,2026-07-09T10:00:00Z,2026-07-09,10:00,2,133.8,12.02,23.53,54.5,13.19,21.72,23.74,0.21
Londres,LON,GB,51.5074,-0.1278,2026-07-09T11:00:00Z,2026-07-09,11:00,2,133.19,10.87,20.81,58.52,12.88,21.62,23.79,0.17
Londres,LON,GB,51.5074,-0.1278,2026-07-09T12:00:00Z,2026-07-09,12:00,2,132.23,9.03,17.94,64.25,12.02,21.69,23.96,0.17
Londres,LON,GB,51.5074,-0.1278,2026-07-09T13:00:00Z,2026-07-09,13:00,2,131.02,6.99,15.34,71.88,10.89,21.79,24.08,0.31
Londres,LON,GB,51.5074,-0.1278,2026-07-09T14:00:00Z,2026-07-09,14:00,2,129.58,4.91,12.91,80.66,9.41,21.48,23.69,0.46
Londres,LON,GB,51.5074,-0.1278,2026-07-09T15:00:00Z,2026-07-09,15:00,2,127.32,3.1,10.78,90,7.79,20.39,22.44,0.53
Londres,LON,GB,51.5074,-0.1278,2026-07-09T16:00:00Z,2026-07-09,16:00,2,124.88,1.92,9.88,96.91,6.66,18.46,20.27,0.54
Londres,LON,GB,51.5074,-0.1278,2026-07-09T17:00:00Z,2026-07-09,17:00,2,121.26,1.27,10.18,97.91,6.06,15.71,17.24,0.54
Londres,LON,GB,51.5074,-0.1278,2026-07-09T18:00:00Z,2026-07-09,18:00,2,117.2,0.83,11.15,93.98,5.72,12.73,14.02,0.49
Londres,LON,GB,51.5074,-0.1278,2026-07-09T19:00:00Z,2026-07-09,19:00,2,113.88,0.37,12.48,87.98,5.52,10.13,11.24,0.42
Londres,LON,GB,51.5074,-0.1278,2026-07-09T20:00:00Z,2026-07-09,20:00,2,110.75,0.05,13.31,81.83,5.41,8.29,9.32,0.35
Londres,LON,GB,51.5074,-0.1278,2026-07-09T21:00:00Z,2026-07-09,21:00,2,108.97,0,13.53,76.99,5.39,7.43,8.59,0.32
Londres,LON,GB,51.5074,-0.1278,2026-07-09T22:00:00Z,2026-07-09,22:00,2,108.93,0,13.76,73.78,5.31,7.44,8.97,0.32
Londres,LON,GB,51.5074,-0.1278,2026-07-09T23:00:00Z,2026-07-09,23:00,2,110.44,0,13.62,72.95,5.09,8.1,10.25,0.33
Londres,LON,GB,51.5074,-0.1278,2026-07-10T00:00:00Z,2026-07-10,00:00,2,112.5,0,13.3,73.42,4.97,9.07,11.94,0.41
Londres,LON,GB,51.5074,-0.1278,2026-07-11T01:00:00Z,2026-07-11,01:00,2,109.62,0,6.24,97.92,3.31,6.74,13.17,1.37
Londres,LON,GB,51.5074,-0.1278,2026-07-11T02:00:00Z,2026-07-11,02:00,2,108.22,0,6.11,94.16,3.28,6.53,13.01,1.39
Londres,LON,GB,51.5074,-0.1278,2026-07-11T03:00:00Z,2026-07-11,03:00,2,108,0,6.12,88.83,3.27,6.27,12.78,1.48
Londres,LON,GB,51.5074,-0.1278,2026-07-11T04:00:00Z,2026-07-11,04:00,2,108.01,0,6.26,81.83,3.24,6,12.39,1.64
Londres,LON,GB,51.5074,-0.1278,2026-07-11T05:00:00Z,2026-07-11,05:00,2,108.34,0.01,6.59,75.1,3.23,5.81,11.97,1.8
Londres,LON,GB,51.5074,-0.1278,2026-07-11T06:00:00Z,2026-07-11,06:00,2,108.86,0.27,6.91,69.54,3.24,5.73,11.61,1.97
Londres,LON,GB,51.5074,-0.1278,2026-07-11T07:00:00Z,2026-07-11,07:00,2,109.06,0.91,6.72,66.04,3.24,6.03,11.64,2.08
Londres,LON,GB,51.5074,-0.1278,2026-07-11T08:00:00Z,2026-07-11,08:00,2,109.58,1.5,6.48,65.24,3.26,6.25,11.73,2.18
Londres,LON,GB,51.5074,-0.1278,2026-07-11T09:00:00Z,2026-07-11,09:00,2,110.19,1.76,6.11,68.11,3.31,7.24,12.65,2.16
Londres,LON,GB,51.5074,-0.1278,2026-07-11T10:00:00Z,2026-07-11,10:00,2,110.77,1.61,5.5,76.41,3.35,7.9,13.37,2.21
Londres,LON,GB,51.5074,-0.1278,2026-07-11T11:00:00Z,2026-07-11,11:00,2,110.51,1.2,4.56,90.44,3.36,8.94,14.48,2.09
Londres,LON,GB,51.5074,-0.1278,2026-07-11T12:00:00Z,2026-07-11,12:00,3,109.24,0.76,3.43,106.47,3.31,9.24,14.72,2.04
Londres,LON,GB,51.5074,-0.1278,2026-07-11T13:00:00Z,2026-07-11,13:00,3,107.62,0.55,2.82,117.11,3.3,8.82,14.4,1.94
Londres,LON,GB,51.5074,-0.1278,2026-07-11T14:00:00Z,2026-07-11,14:00,3,105.17,0.48,2.62,120.5,3.23,8.32,14.15,1.7
Londres,LON,GB,51.5074,-0.1278,2026-07-11T15:00:00Z,2026-07-11,15:00,3,102.36,0.47,2.65,119.62,3.15,7.72,13.93,1.41
Londres,LON,GB,51.5074,-0.1278,2026-07-11T16:00:00Z,2026-07-11,16:00,3,100.25,0.48,2.88,117.72,3.11,7.23,13.72,1.15
Londres,LON,GB,51.5074,-0.1278,2026-07-11T17:00:00Z,2026-07-11,17:00,3,98.37,0.47,3.29,114.88,3.08,6.76,13.4,0.93
Londres,LON,GB,51.5074,-0.1278,2026-07-11T18:00:00Z,2026-07-11,18:00,3,97.04,0.41,3.92,111.03,3.1,6.45,13.38,0.79
Londres,LON,GB,51.5074,-0.1278,2026-07-11T19:00:00Z,2026-07-11,19:00,3,95.84,0.23,4.64,105.59,3.08,6.05,13.12,0.71
Londres,LON,GB,51.5074,-0.1278,2026-07-11T20:00:00Z,2026-07-11,20:00,2,94.59,0.04,5.21,98.72,3.04,5.43,12.19,0.7
Londres,LON,GB,51.5074,-0.1278,2026-07-11T21:00:00Z,2026-07-11,21:00,2,93.52,0,5.25,91.92,2.92,4.77,11.06,0.73
Londres,LON,GB,51.5074,-0.1278,2026-07-11T22:00:00Z,2026-07-11,22:00,2,92.48,0,4.94,87.3,2.67,4.17,9.92,0.74
Londres,LON,GB,51.5074,-0.1278,2026-07-11T23:00:00Z,2026-07-11,23:00,2,92.56,0,4.84,84.41,2.6,3.84,9.28,0.7
Londres,LON,GB,51.5074,-0.1278,2026-07-12T00:00:00Z,2026-07-12,00:00,2,93.19,0,4.77,82.38,2.57,3.65,8.81,0.67
Londres,LON,GB,51.5074,-0.1278,2026-07-12T01:00:00Z,2026-07-12,01:00,2,93.76,0,4.78,79.66,2.58,3.6,8.59,0.68
Londres,LON,GB,51.5074,-0.1278,2026-07-12T02:00:00Z,2026-07-12,02:00,2,94.66,0,4.85,77.3,2.62,3.77,8.92,0.7
Londres,LON,GB,51.5074,-0.1278,2026-07-12T03:00:00Z,2026-07-12,03:00,2,95.1,0,4.76,75.63,2.61,4.16,9.82,0.73
Londres,LON,GB,51.5074,-0.1278,2026-07-12T04:00:00Z,2026-07-12,04:00,2,94.86,0,4.64,74.25,2.6,4.67,11,0.77
Londres,LON,GB,51.5074,-0.1278,2026-07-12T05:00:00Z,2026-07-12,05:00,2,94.77,0,4.67,73.46,2.66,5.19,12.2,0.83
Londres,LON,GB,51.5074,-0.1278,2026-07-12T06:00:00Z,2026-07-12,06:00,2,94.67,0.15,4.71,73.3,2.72,5.63,13.19,0.95
Londres,LON,GB,51.5074,-0.1278,2026-07-12T07:00:00Z,2026-07-12,07:00,2,94.96,0.49,4.53,74.57,2.76,5.99,13.89,1.15
Londres,LON,GB,51.5074,-0.1278,2026-07-12T08:00:00Z,2026-07-12,08:00,2,95.54,0.79,4.37,76.64,2.83,6.31,14.47,1.41
Londres,LON,GB,51.5074,-0.1278,2026-07-12T09:00:00Z,2026-07-12,09:00,2,96.2,0.93,4.09,80.43,2.94,6.73,15.27,1.71
Londres,LON,GB,51.5074,-0.1278,2026-07-12T10:00:00Z,2026-07-12,10:00,2,97.21,0.84,3.5,88.47,3.09,7.58,16.74,2.01
Londres,LON,GB,51.5074,-0.1278,2026-07-12T11:00:00Z,2026-07-12,11:00,3,97.28,0.59,2.72,100.28,3.21,8.75,18.33,2.25
Londres,LON,GB,51.5074,-0.1278,2026-07-12T12:00:00Z,2026-07-12,12:00,3,97.27,0.41,2.13,111.5,3.25,9.58,19.17,2.3
Londres,LON,GB,51.5074,-0.1278,2026-07-12T13:00:00Z,2026-07-12,13:00,3,97.41,0.34,1.92,118.72,3.26,9.71,19.1,2.17
Londres,LON,GB,51.5074,-0.1278,2026-07-12T14:00:00Z,2026-07-12,14:00,3,96.27,0.32,1.86,120.21,3.14,9.04,17.67,1.89
Londres,LON,GB,51.5074,-0.1278,2026-07-12T15:00:00Z,2026-07-12,15:00,3,95.13,0.31,1.88,119.52,2.95,8.27,16.23,1.67
Londres,LON,GB,51.5074,-0.1278,2026-07-12T16:00:00Z,2026-07-12,16:00,3,94.63,0.31,2.03,118.38,2.78,7.78,15.66,1.61
Londres,LON,GB,51.5074,-0.1278,2026-07-12T17:00:00Z,2026-07-12,17:00,3,93.79,0.31,2.3,114.7,2.61,7.27,15.54,1.56
Londres,LON,GB,51.5074,-0.1278,2026-07-12T18:00:00Z,2026-07-12,18:00,3,92.86,0.27,2.67,108.39,2.48,6.63,16.03,1.32
Londres,LON,GB,51.5074,-0.1278,2026-07-12T19:00:00Z,2026-07-12,19:00,3,93.06,0.15,3.05,101.7,2.31,5.7,15.42,1.03
Londres,LON,GB,51.5074,-0.1278,2026-07-12T20:00:00Z,2026-07-12,20:00,2,93.94,0.03,3.46,95.99,2.25,4.73,14.01,0.79
Londres,LON,GB,51.5074,-0.1278,2026-07-12T21:00:00Z,2026-07-12,21:00,2,95.02,0,3.56,91.89,2.26,4.09,13.08,0.62
Londres,LON,GB,51.5074,-0.1278,2026-07-12T22:00:00Z,2026-07-12,22:00,2,94.29,0,3.52,86.84,2.25,3.75,12.6,0.53
Londres,LON,GB,51.5074,-0.1278,2026-07-12T23:00:00Z,2026-07-12,23:00,2,93.5,0,3.49,81.78,2.23,3.63,12.5,0.49
Londres,LON,GB,51.5074,-0.1278,2026-07-13T00:00:00Z,2026-07-13,00:00,2,93.07,0,3.45,77.42,2.21,3.58,12.39,0.5
Londres,LON,GB,51.5074,-0.1278,2026-07-13T01:00:00Z,2026-07-13,01:00,2,92.53,0,3.4,74.37,2.18,3.59,12.32,0.5
Londres,LON,GB,51.5074,-0.1278,2026-07-13T02:00:00Z,2026-07-13,02:00,2,92.89,0,3.36,72.88,2.2,3.7,12.52,0.5
Londres,LON,GB,51.5074,-0.1278,2026-07-13T03:00:00Z,2026-07-13,03:00,2,93.25,0,3.33,71.69,2.23,3.91,13.13,0.47
Londres,LON,GB,51.5074,-0.1278,2026-07-13T04:00:00Z,2026-07-13,04:00,2,92.95,0,3.34,70.32,2.28,4.2,13.98,0.42
Londres,LON,GB,51.5074,-0.1278,2026-07-13T05:00:00Z,2026-07-13,05:00,2,92.71,0,3.45,68.62,2.35,4.46,14.75,0.37
Londres,LON,GB,51.5074,-0.1278,2026-07-13T06:00:00Z,2026-07-13,06:00,2,92.66,0.12,3.54,67.24,2.39,4.54,14.88,0.35
Londres,LON,GB,51.5074,-0.1278,2026-07-13T07:00:00Z,2026-07-13,07:00,2,92.22,0.38,3.45,66.4,2.4,4.4,14.19,0.36
Londres,LON,GB,51.5074,-0.1278,2026-07-13T08:00:00Z,2026-07-13,08:00,2,91.95,0.64,3.25,66.89,2.4,4.21,13.26,0.39
Londres,LON,GB,51.5074,-0.1278,2026-07-13T09:00:00Z,2026-07-13,09:00,2,91.58,0.74,2.85,70.44,2.37,4.13,12.43,0.4
Londres,LON,GB,51.5074,-0.1278,2026-07-13T10:00:00Z,2026-07-13,10:00,2,91.68,0.61,2.31,78.04,2.28,4.2,11.81,0.39
Londres,LON,GB,51.5074,-0.1278,2026-07-13T11:00:00Z,2026-07-13,11:00,2,91.15,0.44,1.82,86.24,2.19,4.37,11.53,0.36
Londres,LON,GB,51.5074,-0.1278,2026-07-13T12:00:00Z,2026-07-13,12:00,2,90.72,0.35,1.54,92.01,2.15,4.52,11.59,0.36
Londres,LON,GB,51.5074,-0.1278,2026-07-13T13:00:00Z,2026-07-13,13:00,2,90.85,0.32,1.49,94.82,2.16,4.57,11.59,0.38
Londres,LON,GB,51.5074,-0.1278,2026-07-13T14:00:00Z,2026-07-13,14:00,2,90.74,0.31,1.55,95.24,2.16,4.51,11.31,0.43
Londres,LON,GB,51.5074,-0.1278,2026-07-13T15:00:00Z,2026-07-13,15:00,2,90.44,0.32,1.71,94.19,2.16,4.48,11.11,0.49
Londres,LON,GB,51.5074,-0.1278,2026-07-13T16:00:00Z,2026-07-13,16:00,2,90.86,0.29,2.13,92.91,2.22,4.67,11.58,0.57
Londres,LON,GB,51.5074,-0.1278,2026-07-13T17:00:00Z,2026-07-13,17:00,2,91,0.25,2.74,90.64,2.31,5.05,12.74,0.66
Londres,LON,GB,51.5074,-0.1278,2026-07-13T18:00:00Z,2026-07-13,18:00,2,91.14,0.18,3.51,87.43,2.41,5.5,14.17,0.75
Londres,LON,GB,51.5074,-0.1278,2026-07-13T19:00:00Z,2026-07-13,19:00,2,91.04,0.07,4.2,84.71,2.45,5.87,15.23,0.83
Londres,LON,GB,51.5074,-0.1278,2026-07-13T20:00:00Z,2026-07-13,20:00,2,91.15,0.01,4.48,83.34,2.43,6.12,15.77,0.89
Londres,LON,GB,51.5074,-0.1278,2026-07-13T21:00:00Z,2026-07-13,21:00,2,91.26,0,4.44,82.04,2.41,6.22,15.83,0.88
Londres,LON,GB,51.5074,-0.1278,2026-07-13T22:00:00Z,2026-07-13,22:00,2,90.63,0,4.32,79.47,2.34,6.07,14.92,0.82
Londres,LON,GB,51.5074,-0.1278,2026-07-13T23:00:00Z,2026-07-13,23:00,2,90.61,0,4.34,76.89,2.33,5.78,13.72,0.74
Londres,LON,GB,51.5074,-0.1278,2026-07-14T00:00:00Z,2026-07-14,00:00,2,90.59,0,4.45,74.29,2.36,5.55,12.65,0.68
Londres,LON,GB,51.5074,-0.1278,2026-07-14T01:00:00Z,2026-07-14,01:00,2,90.88,0,4.62,72.2,2.49,5.59,12.95,0.64
Londres,LON,GB,51.5074,-0.1278,2026-07-14T02:00:00Z,2026-07-14,02:00,2,91.3,0,4.73,71.21,2.6,5.84,13.75,0.6
Londres,LON,GB,51.5074,-0.1278,2026-07-14T03:00:00Z,2026-07-14,03:00,2,91.9,0,4.74,70.54,2.64,6.11,14.57,0.56
Londres,LON,GB,51.5074,-0.1278,2026-07-14T04:00:00Z,2026-07-14,04:00,2,92.11,0,4.76,69.77,2.69,6.33,15.07,0.53
Londres,LON,GB,51.5074,-0.1278,2026-07-14T05:00:00Z,2026-07-14,05:00,2,92.84,0,4.94,69.6,2.8,6.64,15.76,0.54
Londres,LON,GB,51.5074,-0.1278,2026-07-14T06:00:00Z,2026-07-14,06:00,2,93.76,0.17,5.12,70.14,2.93,6.99,16.54,0.59
Londres,LON,GB,51.5074,-0.1278,2026-07-14T07:00:00Z,2026-07-14,07:00,2,94.47,0.59,5.01,71.54,3.07,7.4,17.3,0.67
Londres,LON,GB,51.5074,-0.1278,2026-07-14T08:00:00Z,2026-07-14,08:00,2,95.15,1,4.95,74.02,3.22,7.89,18.05,0.8
Londres,LON,GB,51.5074,-0.1278,2026-07-14T09:00:00Z,2026-07-14,09:00,2,96.11,1.22,4.85,77.6,3.36,8.3,18.44,0.99
Londres,LON,GB,51.5074,-0.1278,2026-07-14T10:00:00Z,2026-07-14,10:00,2,97.39,1.28,4.76,83.56,3.61,8.62,18.49,1.13
Londres,LON,GB,51.5074,-0.1278,2026-07-14T11:00:00Z,2026-07-14,11:00,2,98,1.16,4.46,91.18,3.79,8.82,18.2,1.19
Londres,LON,GB,51.5074,-0.1278,2026-07-14T12:00:00Z,2026-07-14,12:00,2,98.25,0.95,3.95,99.64,3.83,9.09,18.02,1.22
Londres,LON,GB,51.5074,-0.1278,2026-07-14T13:00:00Z,2026-07-14,13:00,3,98.9,0.82,3.72,107.64,3.83,9.27,17.63,1.17
Londres,LON,GB,51.5074,-0.1278,2026-07-14T14:00:00Z,2026-07-14,14:00,3,98.33,0.78,3.82,112.17,3.76,9,16.71,1.03
Londres,LON,GB,51.5074,-0.1278,2026-07-14T15:00:00Z,2026-07-14,15:00,3,97.58,0.78,4.15,113.98,3.76,8.58,15.71,0.92
Londres,LON,GB,51.5074,-0.1278,2026-07-14T16:00:00Z,2026-07-14,16:00,3,97.16,0.79,4.85,114.53,3.87,8.21,14.97,0.87
Londres,LON,GB,51.5074,-0.1278,2026-07-14T17:00:00Z,2026-07-14,17:00,3,96.98,0.72,5.72,113.45,3.95,7.85,14.4,0.88
Londres,LON,GB,51.5074,-0.1278,2026-07-14T18:00:00Z,2026-07-14,18:00,3,97.25,0.52,6.75,111.51,4.01,7.61,14.19,0.92
Londres,LON,GB,51.5074,-0.1278,2026-07-14T19:00:00Z,2026-07-14,19:00,3,98.24,0.2,7.6,110.18,4.03,7.51,14.26,1.04
Londres,LON,GB,51.5074,-0.1278,2026-07-14T20:00:00Z,2026-07-14,20:00,3,99.3,0.02,7.61,109.3,3.95,7.21,13.86,1.24
Londres,LON,GB,51.5074,-0.1278,2026-07-14T21:00:00Z,2026-07-14,21:00,3,99.19,0,6.96,107.57,3.77,6.57,12.91,1.48
Londres,LON,GB,51.5074,-0.1278,2026-07-14T22:00:00Z,2026-07-14,22:00,3,97.81,0,6.01,104.54,3.33,5.82,12.01,1.63
Londres,LON,GB,51.5074,-0.1278,2026-07-14T23:00:00Z,2026-07-14,23:00,2,96.06,0,5.95,97.48,3.26,5.42,11.98,1.39
Londres,LON,GB,51.5074,-0.1278,2026-07-15T00:00:00Z,2026-07-15,00:00,2,94.22,0,5.95,90.09,3.23,5.06,11.83,1.16
Londres,LON,GB,51.5074,-0.1278,2026-07-15T01:00:00Z,2026-07-15,01:00,2,92.69,0,5.84,83.19,3.16,4.65,11.42,1.08
Londres,LON,GB,51.5074,-0.1278,2026-07-15T02:00:00Z,2026-07-15,02:00,2,92.59,0,5.95,77.33,3.19,4.37,11.28,1.11
Londres,LON,GB,51.5074,-0.1278,2026-07-15T03:00:00Z,2026-07-15,03:00,2,92.75,0,5.98,72.56,3.17,4.22,11.31,1.16
Londres,LON,GB,51.5074,-0.1278,2026-07-15T04:00:00Z,2026-07-15,04:00,2,93.37,0,6,68.39,3.14,4.23,11.38,1.16
Londres,LON,GB,51.5074,-0.1278,2026-07-15T05:00:00Z,2026-07-15,05:00,2,94.34,0,6.07,65.78,3.13,4.48,11.67,1.13
Londres,LON,GB,51.5074,-0.1278,2026-07-15T06:00:00Z,2026-07-15,06:00,2,95.4,0.14,6.15,64.81,3.11,5,12.21,1.11
Londres,LON,GB,51.5074,-0.1278,2026-07-15T07:00:00Z,2026-07-15,07:00,2,96.05,0.68,5.59,66.3,3.07,5.75,13.07,1.12
Londres,LON,GB,51.5074,-0.1278,2026-07-15T08:00:00Z,2026-07-15,08:00,2,96.72,1.04,5.11,70.01,3.05,6.7,14.3,1.16
Londres,LON,GB,51.5074,-0.1278,2026-07-15T09:00:00Z,2026-07-15,09:00,2,97.39,1.13,4.55,76.22,3.05,7.73,15.85,1.23
Londres,LON,GB,51.5074,-0.1278,2026-07-15T10:00:00Z,2026-07-15,10:00,2,97.75,1,3.92,85.12,3.12,8.71,17.41,1.26
Londres,LON,GB,51.5074,-0.1278,2026-07-15T11:00:00Z,2026-07-15,11:00,2,97.08,0.76,3.19,95.99,3.13,9.08,17.78,1.25
Londres,LON,GB,51.5074,-0.1278,2026-07-15T12:00:00Z,2026-07-15,12:00,3,96.23,0.57,2.63,105.36,3.07,9.02,17.52,1.22
Londres,LON,GB,51.5074,-0.1278,2026-07-15T13:00:00Z,2026-07-15,13:00,3,96.5,0.5,2.54,111.24,3.13,8.8,17.25,1.15
Londres,LON,GB,51.5074,-0.1278,2026-07-15T14:00:00Z,2026-07-15,14:00,3,96.43,0.49,2.69,113.03,3.19,8.16,16.32,1
Londres,LON,GB,51.5074,-0.1278,2026-07-15T15:00:00Z,2026-07-15,15:00,3,96.45,0.51,2.89,113.26,3.25,7.4,15.09,0.88
Londres,LON,GB,51.5074,-0.1278,2026-07-15T16:00:00Z,2026-07-15,16:00,3,96.95,0.51,3.28,113.21,3.36,6.89,14.27,0.88
Londres,LON,GB,51.5074,-0.1278,2026-07-15T17:00:00Z,2026-07-15,17:00,3,97.19,0.45,3.84,111.85,3.41,6.41,13.47,0.94
Londres,LON,GB,51.5074,-0.1278,2026-07-15T18:00:00Z,2026-07-15,18:00,3,96.98,0.32,4.46,109.1,3.41,5.87,12.49,1.01
Londres,LON,GB,51.5074,-0.1278,2026-07-15T19:00:00Z,2026-07-15,19:00,3,96.45,0.16,4.92,104.93,3.32,5.21,11.17,1.05
Londres,LON,GB,51.5074,-0.1278,2026-07-15T20:00:00Z,2026-07-15,20:00,3,96.14,0.03,5.14,100.33,3.19,4.55,9.72,1.1
Londres,LON,GB,51.5074,-0.1278,2026-07-15T21:00:00Z,2026-07-15,21:00,2,96.73,0,5.15,97.27,3.07,4.28,9.2,1.21
Londres,LON,GB,51.5074,-0.1278,2026-07-15T22:00:00Z,2026-07-15,22:00,2,98.11,0,5.21,96.91,2.96,4.64,10.18,1.36
Londres,LON,GB,51.5074,-0.1278,2026-07-15T23:00:00Z,2026-07-15,23:00,2,99.91,0,5.55,96.3,3.08,5.38,12.01,1.43
Londres,LON,GB,51.5074,-0.1278,2026-07-16T00:00:00Z,2026-07-16,00:00,2,101.54,0,5.82,94.52,3.23,6,13.44,1.41
Londres,LON,GB,51.5074,-0.1278,2026-07-16T01:00:00Z,2026-07-16,01:00,2,102.85,0,6.13,91.05,3.43,6.41,14.36,1.39
Londres,LON,GB,51.5074,-0.1278,2026-07-16T02:00:00Z,2026-07-16,02:00,2,104.3,0,6.56,87.6,3.69,6.79,15.33,1.37
Londres,LON,GB,51.5074,-0.1278,2026-07-16T03:00:00Z,2026-07-16,03:00,2,105.75,0,6.89,83.84,3.88,7.1,16.27,1.29
Londres,LON,GB,51.5074,-0.1278,2026-07-16T04:00:00Z,2026-07-16,04:00,2,106.55,0,7.13,79.35,4.01,7.24,16.87,1.15
Londres,LON,GB,51.5074,-0.1278,2026-07-16T05:00:00Z,2026-07-16,05:00,2,107.41,0.01,7.45,75.08,4.12,7.27,17.16,1.03
Londres,LON,GB,51.5074,-0.1278,2026-07-16T06:00:00Z,2026-07-16,06:00,2,108.18,0.26,7.74,71.66,4.21,7.14,17.05,0.99
Londres,LON,GB,51.5074,-0.1278,2026-07-16T07:00:00Z,2026-07-16,07:00,2,108.59,0.9,7.49,70.06,4.25,6.96,16.63,1.02
Londres,LON,GB,51.5074,-0.1278,2026-07-16T08:00:00Z,2026-07-16,08:00,2,108.91,1.48,7.28,70.29,4.28,6.84,16.36,1.07
Londres,LON,GB,51.5074,-0.1278,2026-07-16T09:00:00Z,2026-07-16,09:00,2,109.04,1.77,6.82,73.79,4.28,6.92,16.48,1.13
Londres,LON,GB,51.5074,-0.1278,2026-07-16T10:00:00Z,2026-07-16,10:00,2,109.26,1.68,5.99,81.8,4.19,7.29,17.08,1.19
Londres,LON,GB,51.5074,-0.1278,2026-07-16T11:00:00Z,2026-07-16,11:00,2,108.09,1.29,4.95,94.6,4.04,7.8,17.46,1.23
Londres,LON,GB,51.5074,-0.1278,2026-07-16T12:00:00Z,2026-07-16,12:00,3,106.57,0.91,3.98,108.29,3.86,8.32,17.45,1.23
Londres,LON,GB,51.5074,-0.1278,2026-07-16T13:00:00Z,2026-07-16,13:00,3,106.06,0.69,3.49,117.77,3.78,8.76,17.8,1.17
Londres,LON,GB,51.5074,-0.1278,2026-07-16T14:00:00Z,2026-07-16,14:00,3,105.66,0.58,3.2,122.2,3.64,8.94,18.33,1.09
Londres,LON,GB,51.5074,-0.1278,2026-07-16T15:00:00Z,2026-07-16,15:00,3,105.07,0.52,3.03,121.73,3.41,8.43,17.57,0.99
Londres,LON,GB,51.5074,-0.1278,2026-07-16T16:00:00Z,2026-07-16,16:00,3,104.93,0.47,3.18,118.58,3.23,7.47,15.77,0.86
Londres,LON,GB,51.5074,-0.1278,2026-07-16T17:00:00Z,2026-07-16,17:00,3,104.61,0.35,3.75,112.66,3.16,6.52,13.9,0.72
Londres,LON,GB,51.5074,-0.1278,2026-07-16T17:32:59Z,2026-07-16,17:32,3,104.29,0.18,4.45,105.81,3.15,5.77,12.4,0.61
Londres,LON,GB,51.5074,-0.1278,2026-07-16T18:00:00Z,2026-07-16,18:00,3,104.29,0.17,4.44,105.81,3.15,5.77,12.4,0.61
Londres,LON,GB,51.5074,-0.1278,2026-07-16T19:00:00Z,2026-07-16,19:00,2,102.69,0.06,4.87,99.41,3.12,5.04,10.84,0.55
Londres,LON,GB,51.5074,-0.1278,2026-07-16T20:00:00Z,2026-07-16,20:00,2,100.63,0.01,5.21,94,3.14,4.32,9.13,0.56
Londres,LON,GB,51.5074,-0.1278,2026-07-16T21:00:00Z,2026-07-16,21:00,2,98.84,0,5.67,89.84,3.23,3.9,7.99,0.64
Londres,LON,GB,51.5074,-0.1278,2026-07-16T22:00:00Z,2026-07-16,22:00,2,98.27,0,6.23,86.94,3.33,3.85,7.59,0.78
Londres,LON,GB,51.5074,-0.1278,2026-07-16T23:00:00Z,2026-07-16,23:00,2,99.18,0,7.11,84.24,3.56,4.07,7.84,0.94
Londres,LON,GB,51.5074,-0.1278,2026-07-17T00:00:00Z,2026-07-17,00:00,2,100.27,0,8.14,81.44,3.89,4.36,8.27,1.11
Londres,LON,GB,51.5074,-0.1278,2026-07-17T01:00:00Z,2026-07-17,01:00,2,101.68,0,9.32,77.97,4.36,4.62,8.68,1.25
Londres,LON,GB,51.5074,-0.1278,2026-07-17T02:00:00Z,2026-07-17,02:00,2,104.11,0,10.6,75.21,4.94,4.89,9.17,1.35
Londres,LON,GB,51.5074,-0.1278,2026-07-17T03:00:00Z,2026-07-17,03:00,2,106.83,0,11.74,72.6,5.56,5.19,9.71,1.44
Londres,LON,GB,51.5074,-0.1278,2026-07-17T04:00:00Z,2026-07-17,04:00,2,109.13,0,13.14,68.18,6.17,5.47,10.25,1.49
Londres,LON,GB,51.5074,-0.1278,2026-07-17T05:00:00Z,2026-07-17,05:00,2,111.36,0.01,15.45,61.37,6.91,5.82,10.92,1.42
Londres,LON,GB,51.5074,-0.1278,2026-07-17T06:00:00Z,2026-07-17,06:00,1,113.23,0.63,17.31,56,7.65,6.19,11.37,1.34
Londres,LON,GB,51.5074,-0.1278,2026-07-17T07:00:00Z,2026-07-17,07:00,1,114.89,2.88,16.47,54.24,8.49,6.61,11.92,1.29
Londres,LON,GB,51.5074,-0.1278,2026-07-17T08:00:00Z,2026-07-17,08:00,1,116.96,5.17,16.32,52.78,9.44,7.15,12.57,1.28
Londres,LON,GB,51.5074,-0.1278,2026-07-17T09:00:00Z,2026-07-17,09:00,1,119.22,7.38,16.86,51.52,10.54,7.85,13.29,1.32
Londres,LON,GB,51.5074,-0.1278,2026-07-17T10:00:00Z,2026-07-17,10:00,1,121.19,8.98,17.96,51.74,11.91,8.73,14.02,1.35
Londres,LON,GB,51.5074,-0.1278,2026-07-17T11:00:00Z,2026-07-17,11:00,2,123.07,10.34,19.38,53.25,13.62,10.19,15.24,1.24
Londres,LON,GB,51.5074,-0.1278,2026-07-17T12:00:00Z,2026-07-17,12:00,2,125.39,11.7,21.54,54.33,15.58,12.53,17.39,1.03
Londres,LON,GB,51.5074,-0.1278,2026-07-17T13:00:00Z,2026-07-17,13:00,2,128.16,13,24.86,53.32,17.61,15.34,20.11,0.86
Londres,LON,GB,51.5074,-0.1278,2026-07-17T14:00:00Z,2026-07-17,14:00,2,130.27,13.8,27.89,51.73,18.7,17.6,22.56,0.71
Londres,LON,GB,51.5074,-0.1278,2026-07-17T15:00:00Z,2026-07-17,15:00,2,130.56,12.78,28.42,55.21,17.72,18.83,24.42,0.64
Londres,LON,GB,51.5074,-0.1278,2026-07-17T16:00:00Z,2026-07-17,16:00,2,127.73,8.76,26.04,67.79,14.07,19.06,25.55,0.59
Londres,LON,GB,51.5074,-0.1278,2026-07-17T17:00:00Z,2026-07-17,17:00,2,122.24,4.58,22.2,84.15,10.99,18.04,25.09,0.48
Londres,LON,GB,51.5074,-0.1278,2026-07-17T18:00:00Z,2026-07-17,18:00,2,116.77,2.09,18.73,96.43,9.17,15.47,22.54,0.44
Londres,LON,GB,51.5074,-0.1278,2026-07-17T19:00:00Z,2026-07-17,19:00,3,111.62,0.6,15.14,104.38,7.49,11.85,17.9,0.51
Londres,LON,GB,51.5074,-0.1278,2026-07-17T20:00:00Z,2026-07-17,20:00,3,109.53,0.06,14.2,104.6,6.85,10.15,15.52,0.55
Londres,LON,GB,51.5074,-0.1278,2026-07-17T21:00:00Z,2026-07-17,21:00,3,108.34,0,13.23,102.96,6.62,9.38,14.3,0.58
Londres,LON,GB,51.5074,-0.1278,2026-07-17T22:00:00Z,2026-07-17,22:00,2,107.24,0,13.5,99.92,6.64,8.9,13.49,0.6
Londres,LON,GB,51.5074,-0.1278,2026-07-17T23:00:00Z,2026-07-17,23:00,2,106.87,0,14.72,94.64,6.87,8.45,12.77,0.64
Londres,LON,GB,51.5074,-0.1278,2026-07-18T00:00:00Z,2026-07-18,00:00,2,107.05,0,16.16,87.25,7.03,7.78,11.67,0.82
Londres,LON,GB,51.5074,-0.1278,2026-07-18T01:00:00Z,2026-07-18,01:00,2,108.03,0,17.75,78.91,7.22,7.15,10.58,1.06
Londres,LON,GB,51.5074,-0.1278,2026-07-18T02:00:00Z,2026-07-18,02:00,2,109.54,0,19.96,69.99,7.67,7.26,10.66,1.16
Londres,LON,GB,51.5074,-0.1278,2026-07-18T03:00:00Z,2026-07-18,03:00,2,110.96,0,22.06,61.43,8.13,8.36,12.26,1
Londres,LON,GB,51.5074,-0.1278,2026-07-18T04:00:00Z,2026-07-18,04:00,1,111.09,0,21.56,56.23,8.05,9.93,14.42,0.7
Londres,LON,GB,51.5074,-0.1278,2026-07-18T05:00:00Z,2026-07-18,05:00,2,111.01,0.01,19.07,55.23,7.62,11.08,16.36,0.46
Londres,LON,GB,51.5074,-0.1278,2026-07-18T06:00:00Z,2026-07-18,06:00,2,110.21,0.49,15.72,57.71,7,11.27,17.28,0.39
Londres,LON,GB,51.5074,-0.1278,2026-07-18T07:00:00Z,2026-07-18,07:00,2,108.91,1.19,10.78,65.18,5.94,10.47,16.98,0.45
Londres,LON,GB,51.5074,-0.1278,2026-07-18T08:00:00Z,2026-07-18,08:00,2,109.06,1.56,8.09,71.71,5.21,9.79,16.81,0.54
Londres,LON,GB,51.5074,-0.1278,2026-07-18T09:00:00Z,2026-07-18,09:00,2,110.11,1.57,6.38,78.01,4.64,9.27,16.86,0.63
Londres,LON,GB,51.5074,-0.1278,2026-07-18T10:00:00Z,2026-07-18,10:00,2,111.58,1.52,5.57,83.89,4.45,8.86,16.97,0.66
Londres,LON,GB,51.5074,-0.1278,2026-07-18T11:00:00Z,2026-07-18,11:00,2,112.81,1.5,5.37,90.27,4.7,8.75,17.15,0.66
Londres,LON,GB,51.5074,-0.1278,2026-07-18T12:00:00Z,2026-07-18,12:00,2,113.77,1.42,5.27,97.28,5.18,8.88,17.2,0.67
Londres,LON,GB,51.5074,-0.1278,2026-07-18T13:00:00Z,2026-07-18,13:00,3,114.85,1.42,5.59,104.31,6.21,9.39,17.49,0.67
Londres,LON,GB,51.5074,-0.1278,2026-07-18T14:00:00Z,2026-07-18,14:00,3,115.87,1.5,6.37,110.51,7.51,10.39,18.3,0.58
Londres,LON,GB,51.5074,-0.1278,2026-07-18T15:00:00Z,2026-07-18,15:00,3,116.98,1.65,7.77,114.52,8.94,11.49,19.21,0.47
Londres,LON,GB,51.5074,-0.1278,2026-07-18T16:00:00Z,2026-07-18,16:00,3,118.61,1.51,10.91,113.88,10.66,12.43,20,0.4
Londres,LON,GB,51.5074,-0.1278,2026-07-18T17:00:00Z,2026-07-18,17:00,3,120.39,1.67,13.85,111.09,12.04,12.93,20.38,0.39
Londres,LON,GB,51.5074,-0.1278,2026-07-18T18:00:00Z,2026-07-18,18:00,3,122.17,1.61,16.45,108,12.8,13.04,20.37,0.43
Londres,LON,GB,51.5074,-0.1278,2026-07-18T19:00:00Z,2026-07-18,19:00,3,123.18,0.84,18.91,103.94,12.64,12.63,20.15,0.47
Londres,LON,GB,51.5074,-0.1278,2026-07-18T20:00:00Z,2026-07-18,20:00,2,121.98,0.09,18.99,98.37,11.15,11.38,19.08,0.51
Londres,LON,GB,51.5074,-0.1278,2026-07-18T21:00:00Z,2026-07-18,21:00,2,118.49,0,15.55,93.34,9.01,9.29,16.27,0.54
Londres,LON,GB,51.5074,-0.1278,2026-07-18T22:00:00Z,2026-07-18,22:00,2,112.55,0,8.32,93.02,5.24,5.96,11.34,0.65
Londres,LON,GB,51.5074,-0.1278,2026-07-18T23:00:00Z,2026-07-18,23:00,2,109.44,0,5.88,87.06,3.76,3.93,8.16,0.67
Londres,LON,GB,51.5074,-0.1278,2026-07-19T00:00:00Z,2026-07-19,00:00,2,107.61,0,4.87,80.93,3.05,2.65,5.93,0.67
Londres,LON,GB,51.5074,-0.1278,2026-07-19T01:00:00Z,2026-07-19,01:00,2,106.63,0,4.16,76.47,2.48,1.96,4.49,0.73
Londres,LON,GB,51.5074,-0.1278,2026-07-19T02:00:00Z,2026-07-19,02:00,2,106.98,0,4.17,73.28,2.33,1.74,3.96,0.82
Londres,LON,GB,51.5074,-0.1278,2026-07-19T03:00:00Z,2026-07-19,03:00,2,107.7,0,4.46,70.48,2.34,1.72,3.93,0.9
Londres,LON,GB,51.5074,-0.1278,2026-07-19T04:00:00Z,2026-07-19,04:00,2,107.86,0,4.96,67.5,2.52,1.75,4.13,0.95
Londres,LON,GB,51.5074,-0.1278,2026-07-19T05:00:00Z,2026-07-19,05:00,2,108.19,0,5.86,64.43,2.98,1.76,4.42,0.98
Londres,LON,GB,51.5074,-0.1278,2026-07-19T06:00:00Z,2026-07-19,06:00,2,108.34,0.16,6.38,62.78,3.29,1.7,4.45,0.96
Londres,LON,GB,51.5074,-0.1278,2026-07-19T07:00:00Z,2026-07-19,07:00,2,107.61,0.56,5.92,62.72,3.35,1.58,4.25,0.93
Londres,LON,GB,51.5074,-0.1278,2026-07-19T08:00:00Z,2026-07-19,08:00,2,107.49,1.01,5.31,63.91,3.41,1.53,4.17,0.94
Londres,LON,GB,51.5074,-0.1278,2026-07-19T09:00:00Z,2026-07-19,09:00,2,107.64,1.4,4.9,65.77,3.58,1.63,4.38,0.99
Londres,LON,GB,51.5074,-0.1278,2026-07-19T10:00:00Z,2026-07-19,10:00,2,107.97,1.6,5.13,68.2,4.02,1.87,4.81,1.02
Londres,LON,GB,51.5074,-0.1278,2026-07-19T11:00:00Z,2026-07-19,11:00,2,107.92,1.6,5.38,72.78,4.5,2.15,5.12,1.03
Londres,LON,GB,51.5074,-0.1278,2026-07-19T12:00:00Z,2026-07-19,12:00,2,107.59,1.49,5.42,78.77,4.9,2.6,5.53,1.05
Londres,LON,GB,51.5074,-0.1278,2026-07-19T13:00:00Z,2026-07-19,13:00,2,108.04,1.42,5.69,85.18,5.39,3.09,5.96,1.08
Londres,LON,GB,51.5074,-0.1278,2026-07-19T14:00:00Z,2026-07-19,14:00,2,107.7,1.52,6.07,89.24,5.9,3.45,6.24,1.07
Londres,LON,GB,51.5074,-0.1278,2026-07-19T15:00:00Z,2026-07-19,15:00,2,107.65,1.56,6.43,91.79,6.16,3.68,6.44,0.99
Londres,LON,GB,51.5074,-0.1278,2026-07-19T16:00:00Z,2026-07-19,16:00,2,107.4,1.37,6.49,93.71,6.06,3.83,6.58,0.9
Londres,LON,GB,51.5074,-0.1278,2026-07-19T17:00:00Z,2026-07-19,17:00,2,107.23,1.26,7.48,93.17,6.35,4.02,6.8,0.88
Londres,LON,GB,51.5074,-0.1278,2026-07-19T18:00:00Z,2026-07-19,18:00,2,107.52,1.08,8.58,92,6.55,4.28,7.22,0.88
Londres,LON,GB,51.5074,-0.1278,2026-07-19T19:00:00Z,2026-07-19,19:00,2,108.07,0.53,9.47,90.9,6.37,4.49,7.68,0.86
Londres,LON,GB,51.5074,-0.1278,2026-07-19T20:00:00Z,2026-07-19,20:00,2,107.94,0.06,9.77,89.21,5.98,4.5,7.87,0.84
Londres,LON,GB,51.5074,-0.1278,2026-07-19T21:00:00Z,2026-07-19,21:00,2,106.71,0,9.28,86.42,5.57,4.27,7.67,0.81
Londres,LON,GB,51.5074,-0.1278,2026-07-19T22:00:00Z,2026-07-19,22:00,2,104.47,0,9.1,82.6,5.26,3.9,7.16,0.8
Londres,LON,GB,51.5074,-0.1278,2026-07-19T23:00:00Z,2026-07-19,23:00,2,102.4,0,9.53,78.46,5.34,3.6,6.76,0.78
Londres,LON,GB,51.5074,-0.1278,2026-07-20T00:00:00Z,2026-07-20,00:00,2,100.51,0,9.54,75.33,5.26,3.28,6.42,0.78
Londres,LON,GB,51.5074,-0.1278,2026-07-20T01:00:00Z,2026-07-20,01:00,2,97.26,0,5.97,76.17,3.56,2.48,5.48,0.82
Londres,LON,GB,51.5074,-0.1278,2026-07-20T02:00:00Z,2026-07-20,02:00,2,95.3,0,5.02,73.94,3.01,2.08,5.08,0.86
Londres,LON,GB,51.5074,-0.1278,2026-07-20T03:00:00Z,2026-07-20,03:00,2,94.18,0,4.99,70.28,2.89,1.94,5.09,0.92
Londres,LON,GB,51.5074,-0.1278,2026-07-20T04:00:00Z,2026-07-20,04:00,2,92.89,0,5.22,66.63,2.91,1.94,5.31,0.95
Londres,LON,GB,51.5074,-0.1278,2026-07-20T05:00:00Z,2026-07-20,05:00,2,92.26,0,5.54,64.01,3,2.03,5.65,0.93
Londres,LON,GB,51.5074,-0.1278,2026-07-20T06:00:00Z,2026-07-20,06:00,2,91.91,0.21,5.72,62.58,3.09,2.12,5.95,0.85
Londres,LON,GB,51.5074,-0.1278,2026-07-20T07:00:00Z,2026-07-20,07:00,2,91.45,0.76,5.25,62.56,3.21,2.18,6.15,0.73
Londres,LON,GB,51.5074,-0.1278,2026-07-20T08:00:00Z,2026-07-20,08:00,2,91.7,1.29,5.04,63.16,3.44,2.28,6.43,0.66
Londres,LON,GB,51.5074,-0.1278,2026-07-20T09:00:00Z,2026-07-20,09:00,2,92.41,1.62,4.93,64.96,3.66,2.44,6.81,0.61
Londres,LON,GB,51.5074,-0.1278,2026-07-20T10:00:00Z,2026-07-20,10:00,2,92.42,1.6,4.51,69.18,3.7,2.64,7.21,0.55
Londres,LON,GB,51.5074,-0.1278,2026-07-20T11:00:00Z,2026-07-20,11:00,2,92.08,1.34,3.87,75.66,3.6,2.98,7.76,0.46
Londres,LON,GB,51.5074,-0.1278,2026-07-20T12:00:00Z,2026-07-20,12:00,2,92.4,1.08,3.38,83.09,3.63,3.62,8.78,0.41
Londres,LON,GB,51.5074,-0.1278,2026-07-20T13:00:00Z,2026-07-20,13:00,2,93.35,1.21,3.96,88.43,4.48,4.49,10.17,0.38
Londres,LON,GB,51.5074,-0.1278,2026-07-20T14:00:00Z,2026-07-20,14:00,2,94.47,1.59,5.45,91.3,6.17,5.34,11.64,0.38
Londres,LON,GB,51.5074,-0.1278,2026-07-20T15:00:00Z,2026-07-20,15:00,2,95.41,1.92,7.16,93.76,7.97,6.03,13.01,0.38
Londres,LON,GB,51.5074,-0.1278,2026-07-20T16:00:00Z,2026-07-20,16:00,2,96.62,2.25,9.47,94.94,9.96,6.63,14.33,0.39
Londres,LON,GB,51.5074,-0.1278,2026-07-20T17:00:00Z,2026-07-20,17:00,2,97.27,2.31,11.88,93.59,11.27,7.02,15.15,0.35
Londres,LON,GB,51.5074,-0.1278,2026-07-20T18:00:00Z,2026-07-20,18:00,2,97.45,1.8,13.78,91.52,11.31,7.12,15.48,0.28
Londres,LON,GB,51.5074,-0.1278,2026-07-20T19:00:00Z,2026-07-20,19:00,2,97.31,0.77,14.78,90.61,10.4,6.93,15.3,0.22
Londres,LON,GB,51.5074,-0.1278,2026-07-20T20:00:00Z,2026-07-20,20:00,2,97.31,0.09,15.65,87.05,9.91,6.68,14.83,0.22
Londres,LON,GB,51.5074,-0.1278,2026-07-20T21:00:00Z,2026-07-20,21:00,2,97.41,0,14.25,84.12,9.08,6.27,14.06,0.25
Londres,LON,GB,51.5074,-0.1278,2026-07-20T22:00:00Z,2026-07-20,22:00,2,96.76,0,11.08,83.26,7.14,5.45,12.7,0.31
Londres,LON,GB,51.5074,-0.1278,2026-07-20T23:00:00Z,2026-07-20,23:00,2,96.49,0,9.27,81.04,5.99,4.73,11.48,0.34
Londres,LON,GB,51.5074,-0.1278,2026-07-21T00:00:00Z,2026-07-21,00:00,2,96.4,0,8.2,78.2,5.31,4.13,10.33,0.37
Londres,LON,GB,51.5074,-0.1278,2026-07-21T01:00:00Z,2026-07-21,01:00,2,96.24,0,7.49,75.92,4.79,3.67,9.28,0.38
Londres,LON,GB,51.5074,-0.1278,2026-07-21T02:00:00Z,2026-07-21,02:00,2,96.37,0,7.55,73.19,4.7,3.44,8.65,0.39
Londres,LON,GB,51.5074,-0.1278,2026-07-21T03:00:00Z,2026-07-21,03:00,2,96.6,0,7.97,70.69,4.84,3.38,8.39,0.4
Londres,LON,GB,51.5074,-0.1278,2026-07-21T04:00:00Z,2026-07-21,04:00,2,96.54,0,8.48,68.42,5.08,3.46,8.51,0.44
Londres,LON,GB,51.5074,-0.1278,2026-07-21T05:00:00Z,2026-07-21,05:00,2,96.38,0,8.86,66.69,5.28,3.63,8.9,0.49
Londres,LON,GB,51.5074,-0.1278,2026-07-21T06:00:00Z,2026-07-21,06:00,2,96.22,0.3,9.13,66.23,5.46,3.86,9.41,0.54
Londres,LON,GB,51.5074,-0.1278,2026-07-21T07:00:00Z,2026-07-21,07:00,2,96.88,1.22,9.18,65.77,5.89,4.21,10.04,0.59
Londres,LON,GB,51.5074,-0.1278,2026-07-21T08:00:00Z,2026-07-21,08:00,2,98.55,2.47,9.81,64.5,6.8,4.67,10.73,0.71
Londres,LON,GB,51.5074,-0.1278,2026-07-21T09:00:00Z,2026-07-21,09:00,2,100.78,3.53,10.21,64.47,7.95,5.23,11.49,0.84
Londres,LON,GB,51.5074,-0.1278,2026-07-21T10:00:00Z,2026-07-21,10:00,2,102.8,4.2,10.71,65.81,9.22,5.86,12.18,0.9
Londres,LON,GB,51.5074,-0.1278,2026-07-21T11:00:00Z,2026-07-21,11:00,2,104.52,4.63,11.48,69.07,10.88,6.71,12.83,0.87
Londres,LON,GB,51.5074,-0.1278,2026-07-21T12:00:00Z,2026-07-21,12:00,2,106.25,5.04,12.69,73.57,12.94,8.17,14.16,0.75
Londres,LON,GB,51.5074,-0.1278,2026-07-21T13:00:00Z,2026-07-21,13:00,2,108.31,5.37,14.28,78.79,15.22,10.15,16.15,0.56
Londres,LON,GB,51.5074,-0.1278,2026-07-21T14:00:00Z,2026-07-21,14:00,2,109.7,5.54,16.01,82.8,17.19,12.01,18.09,0.41
Londres,LON,GB,51.5074,-0.1278,2026-07-21T15:00:00Z,2026-07-21,15:00,2,110.16,5.39,17.87,85.81,18.41,13.43,19.7,0.3
Londres,LON,GB,51.5074,-0.1278,2026-07-21T16:00:00Z,2026-07-21,16:00,2,109.98,4.45,18.48,92.05,17.82,14.4,21.03,0.22
Londres,LON,GB,51.5074,-0.1278,2026-07-21T17:00:00Z,2026-07-21,17:00,2,109.51,3.48,19.47,95.68,17.09,15.14,22.16,0.19
Londres,LON,GB,51.5074,-0.1278,2026-07-21T18:00:00Z,2026-07-21,18:00,2,109.24,2.26,20.28,98.91,15.84,15.55,22.87,0.22
Londres,LON,GB,51.5074,-0.1278,2026-07-21T19:00:00Z,2026-07-21,19:00,3,109.56,0.91,21.56,100.29,14.56,16.01,23.56,0.24
Londres,LON,GB,51.5074,-0.1278,2026-07-21T20:00:00Z,2026-07-21,20:00,2,110.21,0.09,22.39,99.19,13.83,16.53,24.17,0.27
Londres,LON,GB,51.5074,-0.1278,2026-07-21T21:00:00Z,2026-07-21,21:00,2,110.5,0,21.01,97.94,13.38,16.73,24.24,0.3
Londres,LON,GB,51.5074,-0.1278,2026-07-21T22:00:00Z,2026-07-21,22:00,2,110.4,0,20.45,96.29,13.05,16.51,23.71,0.32
Londres,LON,GB,51.5074,-0.1278,2026-07-21T23:00:00Z,2026-07-21,23:00,2,109.94,0,20.69,93.05,12.76,16.08,23.03,0.33
Londres,LON,GB,51.5074,-0.1278,2026-08-01T05:50:23Z,2026-08-01,05:50,2,104.95,0.2,8.27,66.74,4.3,1.68,3.45,2.52
Londres,LON,GB,51.5074,-0.1278,2026-08-01T05:51:32Z,2026-08-01,05:51,2,104.95,0.2,8.27,66.74,4.3,1.68,3.45,2.52
Londres,LON,GB,51.5074,-0.1278,2026-08-01T06:00:00Z,2026-08-01,06:00,2,104.95,0.2,8.27,66.74,4.3,1.68,3.45,2.52
Londres,LON,GB,51.5074,-0.1278,2026-08-01T07:00:00Z,2026-08-01,07:00,2,103.62,0.72,6.64,70.63,3.81,1.64,3.34,2.13
